{"type":"FeatureCollection","features":[{"type":"Feature","properties":{"osm_id":9937281,"foot":"use_sidepath","highway":"secondary","lanes":"3","name":"North Griffin Street","oneway":"yes","sidewalk":"separate","source:name":"Dallas City Atlas Map Viewer (http://gis.dallascityhall.com/website/DallasCityAtlas/viewer.htm)","tiger:cfcc":"A41","tiger:county":"Dallas, TX","tiger:reviewed":"no"},"geometry":{"type":"LineString","coordinates":[[-96.8032828,32.7813793],[-96.8032913,32.7814266],[-96.8032938,32.7814353],[-96.8033725,32.7817611],[-96.8034181,32.7818935],[-96.8034621,32.7819935],[-96.8035062,32.7820709],[-96.8035841,32.7822076],[-96.803604,32.782241],[-96.8036272,32.7822837]]}},{"type":"Feature","properties":{"osm_id":9938030,"foot":"use_sidepath","highway":"secondary","lanes":"3","name":"North Griffin Street","oneway":"yes","sidewalk":"separate","source:name":"Dallas City Atlas Map Viewer (http://gis.dallascityhall.com/website/DallasCityAtlas/viewer.htm)","surface":"asphalt","tiger:cfcc":"A45","tiger:county":"Dallas, TX","tiger:reviewed":"no"},"geometry":{"type":"LineString","coordinates":[[-96.803982,32.78389],[-96.8039786,32.783925],[-96.8039602,32.784245],[-96.8039462,32.7845429],[-96.8039428,32.7846206],[-96.8039355,32.784785],[-96.8039135,32.7851375],[-96.803912,32.7851622],[-96.8039074,32.7852359],[-96.8039066,32.7853311],[-96.803917,32.785407],[-96.8039818,32.7855445]]}},{"type":"Feature","properties":{"osm_id":9939096,"crossing":"uncontrolled","crossing:markings":"surface","crossing:signals":"no","footway":"crossing","highway":"footway","surface":"paving_stones"},"geometry":{"type":"LineString","coordinates":[[-96.7976213,32.7774479],[-96.7975973,32.7774956],[-96.7975585,32.7775553]]}},{"type":"Feature","properties":{"osm_id":9959750,"foot":"use_sidepath","highway":"secondary","lanes":"3","name":"North Griffin Street","oneway":"yes","sidewalk:left":"no","sidewalk:right":"separate","source:name":"Dallas City Atlas Map Viewer (http://gis.dallascityhall.com/website/DallasCityAtlas/viewer.htm)","tiger:cfcc":"A41","tiger:county":"Dallas, TX","tiger:name_base":"Griffin","tiger:name_direction_prefix":"N","tiger:name_type":"St","tiger:reviewed":"no","tiger:zip_left":"75202","tiger:zip_right":"75202"},"geometry":{"type":"LineString","coordinates":[[-96.80341,32.7812289],[-96.8034024,32.7812033],[-96.8032446,32.7806831],[-96.8032183,32.7806026]]}},{"type":"Feature","properties":{"osm_id":9965595,"foot":"use_sidepath","highway":"tertiary","lanes":"3","name":"South Saint Paul Street","oneway":"yes","sidewalk:both":"separate","tiger:cfcc":"A41","tiger:county":"Dallas, TX","tiger:name_base":"St Paul","tiger:name_direction_prefix":"S","tiger:name_type":"St","tiger:reviewed":"no","tiger:zip_left":"75201","tiger:zip_right":"75201"},"geometry":{"type":"LineString","coordinates":[[-96.7954702,32.7806483],[-96.7954456,32.7805651],[-96.7952798,32.7800028],[-96.7952631,32.7799437],[-96.7952435,32.7798901],[-96.7950581,32.7793938],[-96.7950371,32.779331]]}},{"type":"Feature","properties":{"osm_id":9967781,"bicycle":"yes","highway":"service","oneway":"yes","surface":"concrete","tiger:cfcc":"A41","tiger:county":"Dallas, TX","tiger:name_base":"Poydras","tiger:name_direction_prefix":"S","tiger:name_type":"St","tiger:zip_left":"75202","tiger:zip_right":"75202"},"geometry":{"type":"LineString","coordinates":[[-96.8032028,32.7788619],[-96.8032194,32.77882],[-96.8032189,32.7787913],[-96.803105,32.7784697],[-96.8030683,32.7783961],[-96.8030487,32.7783599],[-96.8030275,32.7782992]]}},{"type":"Feature","properties":{"osm_id":9972377,"cycleway:right":"lane","foot":"use_sidepath","highway":"secondary","lanes":"2","name":"South Akard Street","oneway":"yes","sidewalk:left":"no","sidewalk:right":"separate","surface":"asphalt","tiger:cfcc":"A41","tiger:county":"Dallas, TX","tiger:name_base":"Akard","tiger:name_direction_prefix":"S","tiger:name_type":"St","tiger:reviewed":"no","tiger:zip_left":"75215","tiger:zip_right":"75215","turn:lanes":"||right"},"geometry":{"type":"LineString","coordinates":[[-96.7983958,32.7763559],[-96.7983658,32.7762572],[-96.7982492,32.7758753],[-96.7981908,32.7757338],[-96.7981261,32.7756276],[-96.7980121,32.775486],[-96.797905,32.775385],[-96.7976027,32.7751139],[-96.7969711,32.7745504],[-96.796824,32.77451]]}},{"type":"Feature","properties":{"osm_id":9972379,"highway":"residential","lanes":"2","name":"South Akard Street","oneway":"no","sidewalk":"separate","surface":"concrete","tiger:cfcc":"A41","tiger:county":"Dallas, TX","tiger:name_base":"Akard","tiger:name_direction_prefix":"S","tiger:name_type":"St","tiger:reviewed":"no"},"geometry":{"type":"LineString","coordinates":[[-96.7995349,32.7805827],[-96.7995104,32.7804996],[-96.7993438,32.7799269],[-96.7993189,32.7798371]]}},{"type":"Feature","properties":{"osm_id":9973792,"foot":"use_sidepath","hgv":"designated","highway":"secondary","lanes":"4","name":"Canton Street","oneway":"yes","sidewalk:both":"separate","source:hgv":"Dallas City Code section 28-71","tiger:cfcc":"A41","tiger:county":"Dallas, TX","tiger:name_base":"Canton","tiger:name_type":"St","tiger:reviewed":"no","tiger:zip_left":"75201","tiger:zip_right":"75201"},"geometry":{"type":"LineString","coordinates":[[-96.7920569,32.7785094],[-96.792125,32.7784531],[-96.7923431,32.7782745],[-96.7926235,32.7780401],[-96.79291,32.7777878],[-96.7929817,32.7777271],[-96.7931893,32.7775631],[-96.7934151,32.7773704],[-96.7934369,32.7773516],[-96.793903,32.7769607],[-96.7939652,32.7769089],[-96.7940346,32.7768515],[-96.7944588,32.7765007],[-96.7949439,32.7760996],[-96.7950111,32.7760472],[-96.7950829,32.7759863],[-96.7954917,32.7756398],[-96.7956219,32.7755293],[-96.79602,32.7751918],[-96.796074,32.7751459],[-96.7967401,32.7745811],[-96.796824,32.77451]]}},{"type":"Feature","properties":{"osm_id":9976131,"foot":"use_sidepath","highway":"secondary","lanes":"3","name":"North Griffin Street","oneway":"yes","sidewalk":"separate","source:name":"Dallas City Atlas Map Viewer (http://gis.dallascityhall.com/website/DallasCityAtlas/viewer.htm)","surface":"asphalt","tiger:cfcc":"A41","tiger:county":"Dallas, TX","tiger:name_base":"Magnolia","tiger:name_type":"St","tiger:reviewed":"no","tiger:zip_left":"75202","tiger:zip_right":"75202"},"geometry":{"type":"LineString","coordinates":[[-96.803878,32.783047],[-96.8039036,32.7831631],[-96.803974,32.7834633],[-96.8039881,32.7835661],[-96.8039879,32.7836594],[-96.803982,32.78389]]}},{"type":"Feature","properties":{"osm_id":9977929,"access":"permissive","bicycle":"permissive","foot":"permissive","highway":"service","maxspeed":"5 mph","motor_vehicle":"destination","name":"Murphy Drive","oneway":"yes","oneway:bicycle":"no","service":"driveway","surface":"concrete","tiger:cfcc":"A41","tiger:county":"Dallas, TX","tiger:name_base":"Murphy","tiger:name_type":"St","tiger:reviewed":"no","tiger:zip_left":"75202","tiger:zip_right":"75202"},"geometry":{"type":"LineString","coordinates":[[-96.8017221,32.7801213],[-96.801696,32.7800296],[-96.8016126,32.7797412],[-96.8015319,32.7794738],[-96.8015022,32.7793747]]}},{"type":"Feature","properties":{"osm_id":9978059,"highway":"secondary","lanes":"3","maxspeed":"30 mph","name":"North Ervay Street","oneway":"yes","sidewalk":"separate","surface":"asphalt","tiger:cfcc":"A41","tiger:county":"Dallas, TX","tiger:name_base":"Ervay","tiger:name_direction_prefix":"N","tiger:name_type":"St","tiger:reviewed":"no","tiger:zip_left":"75201","tiger:zip_right":"75201"},"geometry":{"type":"LineString","coordinates":[[-96.7973377,32.7818359],[-96.7973675,32.7819314],[-96.7975321,32.7825044],[-96.7975908,32.7825632],[-96.7976776,32.7826517],[-96.7982291,32.7831366],[-96.7982744,32.7831764],[-96.7982944,32.7831933],[-96.7983266,32.7832205],[-96.79836,32.7832449],[-96.7983871,32.783269],[-96.798927,32.7837261],[-96.79897,32.7837624],[-96.79903,32.7838142],[-96.7995892,32.7842965],[-96.7996361,32.7843377],[-96.7996867,32.784382],[-96.8000225,32.7846804],[-96.800349,32.7849717],[-96.8003985,32.7850158]]}},{"type":"Feature","properties":{"osm_id":9980387,"highway":"tertiary","lanes":"3","name":"San Jacinto Street","oneway":"yes","sidewalk":"separate","surface":"asphalt","tiger:cfcc":"A41","tiger:county":"Dallas, TX","tiger:name_base":"San Jacinto","tiger:name_type":"St","tiger:reviewed":"no","tiger:zip_left":"75201","tiger:zip_right":"75201"},"geometry":{"type":"LineString","coordinates":[[-96.8036272,32.7822837],[-96.8035639,32.7823389],[-96.8032435,32.7826156],[-96.8031267,32.7827146],[-96.8030298,32.7827968],[-96.8028598,32.7829352],[-96.8027304,32.7830452],[-96.8025953,32.783155],[-96.802423,32.7832974],[-96.8021238,32.7835491],[-96.802014,32.783648]]}},{"type":"Feature","properties":{"osm_id":9984089,"foot":"use_sidepath","highway":"secondary","lanes":"4","lit":"yes","name":"South Ervay Street","oneway":"yes","sidewalk:both":"separate","smoothness":"good","surface":"asphalt","tiger:cfcc":"A41","tiger:county":"Dallas, TX","tiger:name_base":"Ervay","tiger:name_direction_prefix":"S","tiger:name_type":"St","tiger:reviewed":"no","tiger:zip_left":"75215","tiger:zip_right":"75215"},"geometry":{"type":"LineString","coordinates":[[-96.7932568,32.7745344],[-96.7934308,32.7746747],[-96.793487,32.774721],[-96.7935629,32.7747845],[-96.7941931,32.7753255],[-96.7942531,32.7753769],[-96.7943179,32.7754353],[-96.7947293,32.7757936],[-96.7948681,32.7759144],[-96.7949457,32.7759865],[-96.7950111,32.7760472],[-96.7950745,32.7760948],[-96.7953391,32.7763176],[-96.7956593,32.7765893],[-96.795723,32.776654],[-96.7957803,32.7767348],[-96.7958628,32.7768877],[-96.79588,32.776935]]}},{"type":"Feature","properties":{"osm_id":9986363,"cycleway:left":"separate","highway":"secondary","lanes":"3","maxspeed":"40 mph","name":"South Market Street","oneway":"yes","sidewalk:both":"separate","surface":"concrete:plates","turn:lanes":"through|through;right|right"},"geometry":{"type":"LineString","coordinates":[[-96.8046963,32.7740666],[-96.8047169,32.7741774],[-96.8049548,32.7749873],[-96.8051231,32.7755562]]}},{"type":"Feature","properties":{"osm_id":9988294,"foot":"use_sidepath","highway":"secondary","lanes":"4","name":"South Market Street","oneway":"yes","sidewalk":"separate","surface":"asphalt","tiger:cfcc":"A41","tiger:county":"Dallas, TX","tiger:name_base":"Market","tiger:name_direction_prefix":"S","tiger:name_type":"St","tiger:reviewed":"no","tiger:zip_left":"75202","tiger:zip_right":"75202"},"geometry":{"type":"LineString","coordinates":[[-96.8053274,32.7761953],[-96.8053544,32.7762779],[-96.8053635,32.7763138],[-96.8054152,32.77677],[-96.8054283,32.7768823],[-96.8054389,32.7769613]]}},{"type":"Feature","properties":{"osm_id":9991452,"foot":"no","highway":"service","incline":"up","maxspeed":"10 mph","name":"Bullington Street","surface":"concrete","tiger:cfcc":"A41","tiger:county":"Dallas, TX","tiger:name_base":"Bullington","tiger:name_type":"St","tiger:reviewed":"no","tiger:zip_left":"75201","tiger:zip_right":"75201"},"geometry":{"type":"LineString","coordinates":[[-96.7998041,32.7832632],[-96.8000785,32.7834955],[-96.800302,32.7836847],[-96.8003593,32.7837334]]}},{"type":"Feature","properties":{"osm_id":9996228,"foot":"use_sidepath","highway":"secondary","lanes":"3","name":"North Akard Street","oneway":"yes","sidewalk":"separate","surface":"asphalt","tiger:cfcc":"A41","tiger:county":"Dallas, TX","tiger:name_base":"Akard","tiger:name_direction_prefix":"N","tiger:name_type":"St","tiger:reviewed":"no","tiger:zip_left":"75201","tiger:zip_right":"75201","turn:lanes":"left|none|none"},"geometry":{"type":"LineString","coordinates":[[-96.8001177,32.7825451],[-96.7999971,32.7821572]]}},{"type":"Feature","properties":{"osm_id":9997203,"bicycle":"designated","cycleway":"shared_lane","foot":"use_sidepath","hgv":"designated","highway":"secondary","name":"North Lamar Street","old_ref":"Loop 354 (old US 77)","sidewalk":"separate","source:hgv":"Dallas City Code section 28-71","tiger:cfcc":"A41","tiger:county":"Dallas, TX","tiger:name_base":"Lamar","tiger:name_direction_prefix":"N","tiger:name_type":"St","tiger:reviewed":"no"},"geometry":{"type":"LineString","coordinates":[[-96.8062784,32.7828576],[-96.8062414,32.7828219],[-96.8062151,32.7827967],[-96.8058252,32.7824225],[-96.8057901,32.7823888],[-96.8056876,32.7822966],[-96.8053827,32.782019],[-96.805349,32.7819846],[-96.8052643,32.7819042]]}},{"type":"Feature","properties":{"osm_id":9999295,"highway":"footway","lit":"yes","name":"Pacific Avenue","smoothness":"good","surface":"concrete"},"geometry":{"type":"LineString","coordinates":[[-96.8048293,32.7811077],[-96.8048669,32.7811287],[-96.804978,32.7811057],[-96.8063195,32.7808203],[-96.806316,32.7808091],[-96.8063627,32.7807989],[-96.8064606,32.7807774],[-96.8064708,32.7807621]]}},{"type":"Feature","properties":{"osm_id":10001591,"foot":"use_sidepath","highway":"secondary","lanes":"3","lit":"yes","name":"South Griffin Street","oneway":"yes","sidewalk:left":"no","sidewalk:right":"separate","source:name":"Dallas City Atlas Map Viewer (http://gis.dallascityhall.com/website/DallasCityAtlas/viewer.htm)","surface":"asphalt","tiger:cfcc":"A41","tiger:county":"Dallas, TX","tiger:name_base":"Griffin","tiger:name_direction_prefix":"S","tiger:name_direction_suffix":"W","tiger:name_type":"St","tiger:reviewed":"no","tiger:zip_left":"75202","tiger:zip_right":"75202"},"geometry":{"type":"LineString","coordinates":[[-96.8022276,32.7767253],[-96.8022109,32.7766434],[-96.8020244,32.7758823]]}},{"type":"Feature","properties":{"osm_id":10001717,"foot":"use_sidepath","hgv":"designated","highway":"secondary","lanes":"3","name":"Young Street","oneway":"yes","sidewalk:left":"no","sidewalk:right":"separate","source:hgv":"Dallas City Code section 28-71","surface":"asphalt","tiger:cfcc":"A41","tiger:county":"Dallas, TX","tiger:name_base":"Young","tiger:name_type":"St"},"geometry":{"type":"LineString","coordinates":[[-96.7968634,32.7778547],[-96.7974412,32.7777209],[-96.7979032,32.7776139],[-96.7979911,32.7775936]]}},{"type":"Feature","properties":{"osm_id":10001727,"foot":"use_sidepath","hgv":"designated","highway":"secondary","lanes":"3","lit":"yes","name":"Young Street","oneway":"yes","sidewalk:left":"no","sidewalk:right":"separate","source:hgv":"Dallas City Code section 28-71","surface":"asphalt","tiger:cfcc":"A41","tiger:county":"Dallas, TX","tiger:name_base":"Young","tiger:name_type":"St","tiger:reviewed":"no","tiger:zip_left":"75201","tiger:zip_right":"75201"},"geometry":{"type":"LineString","coordinates":[[-96.802053,32.77673],[-96.8019703,32.7767332],[-96.8011407,32.7767894],[-96.8006757,32.7768378],[-96.8004862,32.7768641]]}},{"type":"Feature","properties":{"osm_id":10004747,"bicycle":"designated","cycleway":"shared_lane","foot":"use_sidepath","hgv":"designated","highway":"secondary","lanes":"4","name":"South Lamar Street","old_ref":"Loop 354 (old US 77)","shoulder":"no","sidewalk":"separate","source:hgv":"Dallas City Code section 28-71","surface":"asphalt","tiger:cfcc":"A41","tiger:county":"Dallas, TX","tiger:name_base":"Lamar","tiger:name_direction_prefix":"S","tiger:name_type":"St","tiger:reviewed":"no","tiger:zip_left":"75215","tiger:zip_right":"75215"},"geometry":{"type":"LineString","coordinates":[[-96.8040734,32.7788307],[-96.8041011,32.7789206],[-96.8041521,32.779094],[-96.8041694,32.7791519],[-96.8042327,32.7793633],[-96.8042678,32.7794808],[-96.8042961,32.7795754]]}},{"type":"Feature","properties":{"osm_id":10007075,"foot":"use_sidepath","highway":"residential","lane_markings":"yes","name":"Wood Street","oneway":"no","sidewalk":"separate","surface":"asphalt"},"geometry":{"type":"LineString","coordinates":[[-96.7981205,32.7786641],[-96.7980973,32.7786691],[-96.7980432,32.7786808],[-96.7978602,32.7787204],[-96.7976503,32.7787658],[-96.7976067,32.7787752],[-96.7970559,32.7788944],[-96.7968232,32.7789447],[-96.7966788,32.7789759],[-96.7965939,32.7789943],[-96.7965058,32.7790133],[-96.795983,32.7791264],[-96.79587,32.7791509],[-96.7956847,32.7791909],[-96.7954956,32.7792318],[-96.7953607,32.779261],[-96.7952106,32.7792935],[-96.7951199,32.7793131],[-96.7950371,32.779331]]}},{"type":"Feature","properties":{"osm_id":10007076,"foot":"use_sidepath","highway":"secondary","name":"Young Street","oneway":"yes","sidewalk":"separate","surface":"asphalt","tiger:cfcc":"A41","tiger:county":"Dallas, TX","tiger:name_base":"Poydras:Wood","tiger:name_direction_prefix":"S","tiger:name_type":"St","tiger:reviewed":"no","tiger:zip_left":"75202","tiger:zip_right":"75202"},"geometry":{"type":"LineString","coordinates":[[-96.8020817,32.7768346],[-96.8022514,32.7768426]]}},{"type":"Feature","properties":{"osm_id":10008372,"foot":"use_sidepath","highway":"secondary","lanes":"2","name":"Browder Street","oneway":"yes","sidewalk":"separate"},"geometry":{"type":"LineString","coordinates":[[-96.7960799,32.7768841],[-96.7960495,32.7767941],[-96.7958371,32.7761537],[-96.7957381,32.7758638],[-96.795653,32.7756188],[-96.7956219,32.7755293]]}},{"type":"Feature","properties":{"osm_id":10010137,"highway":"tertiary","name":"Patterson Street","oneway":"yes","sidewalk:both":"separate","tiger:cfcc":"A41","tiger:county":"Dallas, TX","tiger:name_base":"Patterson","tiger:name_type":"St","tiger:reviewed":"no","tiger:zip_left":"75201","tiger:zip_right":"75201"},"geometry":{"type":"LineString","coordinates":[[-96.8024326,32.7822637],[-96.8030043,32.7818696],[-96.8030731,32.7818321],[-96.8031522,32.7818065],[-96.8032825,32.7817803],[-96.8033725,32.7817611]]}},{"type":"Feature","properties":{"osm_id":10010879,"highway":"service","name":"Exchange Place","service":"alley","surface":"paved","tiger:cfcc":"A41","tiger:county":"Dallas, TX","tiger:name_base":"Exchange","tiger:name_type":"Pl","tiger:reviewed":"no","tiger:zip_left":"75202","tiger:zip_right":"75202"},"geometry":{"type":"LineString","coordinates":[[-96.8002497,32.7804326],[-96.8002728,32.7805094],[-96.8004417,32.7810995],[-96.8004652,32.7811812]]}},{"type":"Feature","properties":{"osm_id":10011777,"highway":"residential","lanes":"2","name":"Federal Street","oneway":"yes","surface":"asphalt","tiger:cfcc":"A41","tiger:county":"Dallas, TX","tiger:name_base":"Federal","tiger:name_type":"St","tiger:reviewed":"no","tiger:zip_left":"75202","tiger:zip_right":"75202"},"geometry":{"type":"LineString","coordinates":[[-96.8015692,32.7821932],[-96.801513,32.7822325],[-96.8005866,32.7828969]]}},{"type":"Feature","properties":{"osm_id":27129839,"highway":"service","service":"parking_aisle"},"geometry":{"type":"LineString","coordinates":[[-96.796167,32.7760793],[-96.7961539,32.7760412],[-96.7961231,32.7759478],[-96.7961122,32.7758776],[-96.7961117,32.7758068],[-96.7961218,32.7757365],[-96.7961422,32.7756679],[-96.7961726,32.7756019],[-96.7962126,32.7755396],[-96.7962615,32.775482],[-96.7963186,32.77543],[-96.7963829,32.7753844],[-96.7964535,32.7753458],[-96.7965293,32.775315],[-96.796609,32.7752923],[-96.7966977,32.7752775],[-96.7967879,32.7752728],[-96.7968781,32.7752783],[-96.7969666,32.7752939],[-96.7970518,32.7753193],[-96.7971322,32.7753541],[-96.7972063,32.7753976],[-96.7972729,32.7754491],[-96.7973306,32.7755076],[-96.7973785,32.775572],[-96.7974157,32.7756413],[-96.7974509,32.7757437],[-96.797462,32.7757803]]}},{"type":"Feature","properties":{"osm_id":27130230,"highway":"service"},"geometry":{"type":"LineString","coordinates":[[-96.8060724,32.775948],[-96.8059982,32.7757021],[-96.8057169,32.774718],[-96.8055008,32.7739517]]}},{"type":"Feature","properties":{"osm_id":73213050,"bicycle":"yes","highway":"footway","surface":"concrete","width":"3.7"},"geometry":{"type":"LineString","coordinates":[[-96.8048671,32.7769989],[-96.8048037,32.7767753],[-96.8047953,32.7767455],[-96.8047732,32.7766675],[-96.8047602,32.7766217],[-96.804702,32.7764162]]}},{"type":"Feature","properties":{"osm_id":90307291,"foot":"use_sidepath","highway":"tertiary","lanes":"3","name":"North Saint Paul Street","oneway":"yes","sidewalk":"separate","surface":"asphalt","tiger:cfcc":"A41","tiger:county":"Dallas, TX","tiger:name_base":"St Paul","tiger:name_direction_prefix":"N","tiger:name_type":"St","tiger:reviewed":"no","tiger:zip_left":"75201","tiger:zip_right":"75201","turn:lanes":"none|through;right|right"},"geometry":{"type":"LineString","coordinates":[[-96.7961724,32.7828634],[-96.7961278,32.7827992],[-96.7959543,32.7822307],[-96.7959212,32.7821299]]}},{"type":"Feature","properties":{"osm_id":90307299,"foot":"use_sidepath","highway":"secondary","lanes":"4","name":"South Market Street","oneway":"yes","sidewalk":"separate","surface":"asphalt","tiger:cfcc":"A41","tiger:county":"Dallas, TX","tiger:name_base":"Market","tiger:name_direction_prefix":"S","tiger:name_type":"St","tiger:reviewed":"no","tiger:zip_left":"75202","tiger:zip_right":"75202"},"geometry":{"type":"LineString","coordinates":[[-96.8054389,32.7769613],[-96.8054512,32.7770536],[-96.8055108,32.7773417],[-96.8055223,32.777396],[-96.805589,32.7776167],[-96.8056172,32.7777166],[-96.8056462,32.7778134],[-96.8057247,32.7780766]]}},{"type":"Feature","properties":{"osm_id":90307301,"foot":"use_sidepath","hgv":"designated","highway":"secondary","name":"Ross Avenue","source:hgv":"Dallas City Code section 28-71","surface":"asphalt","tiger:cfcc":"A41","tiger:county":"Dallas, TX","tiger:name_base":"Ross","tiger:name_type":"Ave","tiger:reviewed":"no"},"geometry":{"type":"LineString","coordinates":[[-96.803878,32.783047],[-96.8039953,32.7829501]]}},{"type":"Feature","properties":{"osm_id":90307314,"foot":"use_sidepath","hgv":"designated","highway":"secondary","lanes":"2","name":"Ross Avenue","oneway":"yes","sidewalk":"separate","source:hgv":"Dallas City Code section 28-71","surface":"asphalt"},"geometry":{"type":"LineString","coordinates":[[-96.8054032,32.7818705],[-96.8056429,32.781752],[-96.8057978,32.7816983],[-96.8059172,32.781665],[-96.8061113,32.7816221],[-96.806598,32.7815259],[-96.8066577,32.7815129],[-96.8067335,32.7814977]]}},{"type":"Feature","properties":{"osm_id":90307315,"foot":"use_sidepath","highway":"secondary","lanes":"3","name":"South Ervay Street","oneway":"yes","sidewalk":"separate","tiger:cfcc":"A41","tiger:county":"Dallas, TX","tiger:name_base":"Ervay","tiger:name_direction_prefix":"S","tiger:name_type":"St","tiger:reviewed":"no","tiger:zip_left":"75215","tiger:zip_right":"75215"},"geometry":{"type":"LineString","coordinates":[[-96.7962352,32.7779747],[-96.7962687,32.7780718],[-96.796319,32.7782042],[-96.7963324,32.7782394],[-96.7964127,32.7784697],[-96.7965746,32.7789342],[-96.7965939,32.7789943],[-96.7966134,32.7790683],[-96.7966148,32.7790731],[-96.7966882,32.7794784],[-96.7967073,32.7795892],[-96.7967165,32.7796424]]}},{"type":"Feature","properties":{"osm_id":90307324,"foot":"use_sidepath","hgv":"designated","highway":"secondary","name":"Ross Avenue","sidewalk":"separate","source:hgv":"Dallas City Code section 28-71","tiger:cfcc":"A41","tiger:county":"Dallas, TX","tiger:name_base":"Ross","tiger:name_type":"Ave","tiger:reviewed":"no"},"geometry":{"type":"LineString","coordinates":[[-96.804306,32.7826819],[-96.8043852,32.7826162],[-96.8046453,32.7824007],[-96.8048793,32.7822089],[-96.8051591,32.7819855],[-96.80519,32.7819611],[-96.8052643,32.7819042]]}},{"type":"Feature","properties":{"osm_id":90307333,"foot":"use_sidepath","hgv":"designated","highway":"secondary","lanes":"5","name":"Commerce Street","old_ref":"Loop 354 (old US 67;US 77;US 80;SH 183)","oneway":"yes","sidewalk":"separate","source:hgv":"Dallas City Code section 28-71","turn:lanes":"left|left;through|none|none|none"},"geometry":{"type":"LineString","coordinates":[[-96.8076072,32.7780901],[-96.807499,32.7781005],[-96.8074711,32.7781032],[-96.8074513,32.7781073],[-96.8072968,32.778139],[-96.8072149,32.7781558],[-96.8067345,32.7782638],[-96.8059625,32.778435],[-96.8058458,32.7784605]]}},{"type":"Feature","properties":{"osm_id":90307368,"foot":"use_sidepath","highway":"tertiary","name":"North Field Street","sidewalk":"separate","surface":"asphalt","tiger:cfcc":"A41","tiger:county":"Dallas, TX","tiger:name_base":"Field","tiger:name_direction_prefix":"N","tiger:name_type":"St","tiger:reviewed":"no"},"geometry":{"type":"LineString","coordinates":[[-96.8018456,32.7829742],[-96.8018592,32.7830291],[-96.801997,32.7835802],[-96.802014,32.783648]]}},{"type":"Feature","properties":{"osm_id":90307407,"foot":"use_sidepath","highway":"secondary","lanes":"3","name":"North Griffin Street","oneway":"yes","sidewalk":"separate","source:name":"Dallas City Atlas Map Viewer (http://gis.dallascityhall.com/website/DallasCityAtlas/viewer.htm)","surface":"asphalt","tiger:cfcc":"A41","tiger:county":"Dallas, TX","tiger:reviewed":"no"},"geometry":{"type":"LineString","coordinates":[[-96.8039953,32.7829501],[-96.8039767,32.7828654],[-96.8039741,32.7828531],[-96.80394,32.782688],[-96.803897,32.782533]]}},{"type":"Feature","properties":{"osm_id":90307408,"highway":"residential","name":"Old Griffin Street","oneway":"yes","sidewalk":"separate","tiger:cfcc":"A41","tiger:county":"Dallas, TX","tiger:name_base":"Griffin","tiger:name_direction_prefix":"N","tiger:name_type":"St","tiger:reviewed":"no","tiger:zip_left":"75202","tiger:zip_right":"75202"},"geometry":{"type":"LineString","coordinates":[[-96.804184,32.782783],[-96.804121,32.7827218],[-96.803897,32.782533]]}},{"type":"Feature","properties":{"osm_id":90961553,"cycleway:right":"lane","foot":"use_sidepath","highway":"secondary","lanes":"1","name":"South Akard Street","oneway":"yes","sidewalk:left":"no","sidewalk:right":"separate","surface":"asphalt","tiger:cfcc":"A41","tiger:county":"Dallas, TX","tiger:name_base":"Akard","tiger:name_direction_prefix":"S","tiger:name_type":"St","tiger:reviewed":"no"},"geometry":{"type":"LineString","coordinates":[[-96.796824,32.77451],[-96.7968734,32.7746336],[-96.7975952,32.7752938],[-96.7977563,32.775447],[-96.7978731,32.775581],[-96.7979396,32.77567],[-96.7980162,32.7757946],[-96.7980629,32.7758966],[-96.7981991,32.7763024],[-96.7982276,32.7763959]]}},{"type":"Feature","properties":{"osm_id":90990726,"foot":"use_sidepath","highway":"secondary","lanes":"3","name":"Commerce Street","old_ref":"US 80;SH 183","oneway":"yes","sidewalk":"separate","surface":"asphalt","tiger:cfcc":"A41","tiger:county":"Dallas, TX","tiger:name_base":"Commerce","tiger:name_type":"St","tiger:reviewed":"no","tiger:zip_left":"75226","tiger:zip_right":"75226"},"geometry":{"type":"LineString","coordinates":[[-96.8007171,32.7795356],[-96.8006427,32.7795514],[-96.7993792,32.7798239],[-96.7993189,32.7798371],[-96.7992656,32.779848],[-96.7987449,32.7799608],[-96.7986624,32.779978],[-96.7986222,32.7799866],[-96.7985397,32.7800045]]}},{"type":"Feature","properties":{"osm_id":91329816,"foot":"use_sidepath","highway":"tertiary","lanes":"3","name":"Pacific Avenue","oneway":"yes","sidewalk:both":"separate","surface":"asphalt","tiger:cfcc":"A41","tiger:county":"Dallas, TX","tiger:name_base":"Pacific","tiger:name_type":"Ave","tiger:reviewed":"no","tiger:zip_left":"75226","tiger:zip_right":"75226"},"geometry":{"type":"LineString","coordinates":[[-96.7961724,32.7828634],[-96.7960549,32.7828885],[-96.7947484,32.7831677],[-96.7946228,32.7831958]]}},{"type":"Feature","properties":{"osm_id":143940201,"foot":"use_sidepath","highway":"secondary","lanes":"5","name":"Elm Street","old_ref":"Loop 354 (old US 67;US 77;US 80)","oneway":"yes","sidewalk":"separate","surface":"asphalt"},"geometry":{"type":"LineString","coordinates":[[-96.804519,32.7803326],[-96.8046412,32.780306],[-96.8048315,32.7802645],[-96.8051601,32.7801932],[-96.8053655,32.7801485],[-96.8054246,32.7801357],[-96.8055064,32.7801186],[-96.8059314,32.7800297],[-96.8062089,32.7799716],[-96.806283,32.7799561]]}},{"type":"Feature","properties":{"osm_id":143940229,"bicycle":"designated","cycleway":"shared_lane","foot":"use_sidepath","hgv":"designated","highway":"secondary","lanes":"4","name":"South Lamar Street","shoulder":"no","sidewalk":"separate","source:hgv":"Dallas City Code section 28-71","surface":"asphalt","tiger:cfcc":"A41","tiger:county":"Dallas, TX","tiger:name_base":"Lamar","tiger:name_direction_prefix":"S","tiger:name_type":"St","tiger:reviewed":"no","tiger:zip_left":"75215","tiger:zip_right":"75215"},"geometry":{"type":"LineString","coordinates":[[-96.8036188,32.7772917],[-96.8036447,32.7773794],[-96.8036599,32.7774307],[-96.8037571,32.777759],[-96.8038325,32.7780139],[-96.8038584,32.7781016]]}},{"type":"Feature","properties":{"osm_id":202261266,"highway":"footway","lit":"yes","name":"Pacific Avenue","smoothness":"good","surface":"concrete"},"geometry":{"type":"LineString","coordinates":[[-96.8064305,32.7806391],[-96.8064091,32.7806404],[-96.8063415,32.7806547],[-96.8057069,32.7807885],[-96.8049518,32.7809478],[-96.8047948,32.7809829]]}},{"type":"Feature","properties":{"osm_id":202261268,"bicycle":"yes","foot":"yes","footway":"sidewalk","highway":"footway","lit":"yes","name":"Bryan Street","surface":"paved"},"geometry":{"type":"LineString","coordinates":[[-96.799917,32.782137],[-96.7997874,32.7821654],[-96.7996951,32.782196],[-96.7995978,32.7822474],[-96.7992719,32.7825251],[-96.7984547,32.783213]]}},{"type":"Feature","properties":{"osm_id":241991623,"highway":"service","name":"Brians Walk","oneway":"yes","surface":"paved"},"geometry":{"type":"LineString","coordinates":[[-96.8059172,32.781665],[-96.8059576,32.7817015],[-96.8061613,32.781902],[-96.806221,32.7819433],[-96.8062922,32.7819645],[-96.806339,32.7819794],[-96.8063967,32.7820178],[-96.8068056,32.7823794],[-96.8068371,32.7824073]]}},{"type":"Feature","properties":{"osm_id":282101127,"foot":"use_sidepath","highway":"tertiary","name":"North Field Street","oneway":"yes","sidewalk":"separate","surface":"asphalt","tiger:cfcc":"A41","tiger:county":"Dallas, TX","tiger:name_base":"Field","tiger:name_direction_prefix":"N","tiger:name_type":"St","tiger:reviewed":"no"},"geometry":{"type":"LineString","coordinates":[[-96.8014112,32.7817148],[-96.8014197,32.7817416],[-96.8014361,32.7817912],[-96.8014482,32.7818278]]}},{"type":"Feature","properties":{"osm_id":282101128,"foot":"use_sidepath","highway":"tertiary","lanes":"2","name":"North Field Street","oneway":"yes","sidewalk:left":"no","sidewalk:right":"separate","surface":"asphalt","tiger:cfcc":"A41","tiger:county":"Dallas, TX","tiger:name_base":"Field","tiger:name_direction_prefix":"N","tiger:name_type":"St","tiger:reviewed":"no","turn:lanes":"through|through;right"},"geometry":{"type":"LineString","coordinates":[[-96.8017075,32.7823108],[-96.8016532,32.7821327],[-96.8015666,32.781868],[-96.80156,32.7818446],[-96.8015475,32.781806]]}},{"type":"Feature","properties":{"osm_id":317545103,"foot":"use_sidepath","highway":"secondary","name":"Wood Street","oneway":"yes","sidewalk":"separate","surface":"asphalt","tiger:cfcc":"A41","tiger:county":"Dallas, TX","tiger:name_base":"Poydras:Wood","tiger:name_direction_prefix":"S","tiger:name_type":"St","tiger:reviewed":"no","tiger:zip_left":"75202","tiger:zip_right":"75202"},"geometry":{"type":"LineString","coordinates":[[-96.8036188,32.7772917],[-96.803751,32.7772947],[-96.8037853,32.7772944],[-96.8038677,32.7772876],[-96.8039557,32.7772724],[-96.8044125,32.7771765],[-96.8045074,32.7771573],[-96.8046317,32.7771296],[-96.8047913,32.7770957],[-96.8053042,32.7769893],[-96.8054389,32.7769613]]}},{"type":"Feature","properties":{"osm_id":317545104,"foot":"use_sidepath","highway":"secondary","lanes":"3","name":"Wood Street","oneway":"yes","sidewalk:both":"separate","surface":"paving_stones","tiger:cfcc":"A41","tiger:county":"Dallas, TX","tiger:name_base":"Poydras:Wood","tiger:name_direction_prefix":"S","tiger:name_type":"St","tiger:reviewed":"no","tiger:zip_left":"75202","tiger:zip_right":"75202"},"geometry":{"type":"LineString","coordinates":[[-96.8026768,32.7770075],[-96.802813,32.777081],[-96.8029392,32.7771384],[-96.8031197,32.7772058],[-96.8032488,32.7772419],[-96.8033874,32.7772708],[-96.8034928,32.7772824],[-96.8036188,32.7772917]]}},{"type":"Feature","properties":{"osm_id":317545108,"highway":"footway","lit":"no","surface":"concrete:plates"},"geometry":{"type":"LineString","coordinates":[[-96.8014741,32.7758222],[-96.8013079,32.7758639],[-96.801225,32.7758922],[-96.8011006,32.7759031],[-96.8009866,32.7758792],[-96.8009296,32.7758574],[-96.800883,32.775853],[-96.8008362,32.7758618],[-96.8008061,32.7758886],[-96.8007955,32.7759184],[-96.8008037,32.7760141],[-96.8008019,32.7760406],[-96.8007884,32.776085],[-96.8007725,32.776152],[-96.800769,32.7762338],[-96.8007531,32.7763261],[-96.8007212,32.7763767],[-96.8006592,32.7764243],[-96.8006097,32.7764437],[-96.8005778,32.7764838],[-96.8005708,32.7765463],[-96.8005767,32.7766187],[-96.8005803,32.7766676]]}},{"type":"Feature","properties":{"osm_id":317545109,"highway":"service","oneway":"yes","surface":"concrete:plates"},"geometry":{"type":"LineString","coordinates":[[-96.8029607,32.7750499],[-96.8030518,32.7749707],[-96.8031208,32.7749059],[-96.8031462,32.7748723],[-96.8031624,32.7748464]]}},{"type":"Feature","properties":{"osm_id":317545111,"highway":"footway","surface":"concrete:plates"},"geometry":{"type":"LineString","coordinates":[[-96.7987245,32.7770758],[-96.7991933,32.776499]]}},{"type":"Feature","properties":{"osm_id":317545113,"highway":"service","surface":"concrete:plates"},"geometry":{"type":"LineString","coordinates":[[-96.8031624,32.7748464],[-96.8033557,32.7746824],[-96.8034513,32.7746124],[-96.8035077,32.774574],[-96.8035992,32.774537],[-96.8039025,32.7744702],[-96.8041047,32.7744258],[-96.8045413,32.7743297],[-96.8045677,32.7743456],[-96.8047944,32.7750193],[-96.8050167,32.7756836],[-96.8050855,32.775668],[-96.8051519,32.7756526]]}},{"type":"Feature","properties":{"osm_id":317545114,"highway":"service","service":"parking_aisle","surface":"asphalt"},"geometry":{"type":"LineString","coordinates":[[-96.801746,32.7755481],[-96.8016787,32.7755605],[-96.8015764,32.7755815],[-96.8016249,32.7757769],[-96.8016388,32.7758138],[-96.8016556,32.7758392],[-96.8016787,32.7758593],[-96.8017143,32.7758682],[-96.8017568,32.775864],[-96.8018299,32.7758515]]}},{"type":"Feature","properties":{"osm_id":317545115,"highway":"service","service":"parking_aisle","surface":"concrete:plates"},"geometry":{"type":"LineString","coordinates":[[-96.8006757,32.7768378],[-96.8006694,32.7767752],[-96.800658,32.7766621],[-96.8005803,32.7766676],[-96.8004673,32.7766757],[-96.8004787,32.7767893],[-96.8004862,32.7768641]]}},{"type":"Feature","properties":{"osm_id":317545116,"highway":"service","surface":"concrete:plates"},"geometry":{"type":"LineString","coordinates":[[-96.804631,32.7760658],[-96.8045245,32.776048],[-96.8043717,32.7760268],[-96.8040098,32.7760056],[-96.8039558,32.7759946],[-96.803918,32.7759583],[-96.8038506,32.7758111],[-96.8037831,32.7756694],[-96.8035655,32.7751669],[-96.8033557,32.7746824]]}},{"type":"Feature","properties":{"osm_id":317554158,"foot":"use_sidepath","hgv":"designated","highway":"secondary","lanes":"4","name":"South Lamar Street","sidewalk:both":"separate","source:hgv":"Dallas City Code section 28-71","surface":"asphalt","tiger:cfcc":"A41","tiger:county":"Dallas, TX","tiger:name_base":"Lamar","tiger:name_direction_prefix":"S","tiger:name_type":"St","tiger:reviewed":"no","tiger:zip_left":"75215","tiger:zip_right":"75215"},"geometry":{"type":"LineString","coordinates":[[-96.8027889,32.7744849],[-96.8028243,32.7746016],[-96.8028859,32.7748002],[-96.8028934,32.7748252],[-96.8029607,32.7750499],[-96.8030836,32.7754707],[-96.8031802,32.775806],[-96.8033883,32.7765287],[-96.803408,32.776597]]}},{"type":"Feature","properties":{"osm_id":317554159,"foot":"use_sidepath","hgv":"designated","highway":"secondary","lanes":"4","name":"South Lamar Street","sidewalk":"separate","source:hgv":"Dallas City Code section 28-71","surface":"asphalt","tiger:cfcc":"A41","tiger:county":"Dallas, TX","tiger:name_base":"Lamar","tiger:name_direction_prefix":"S","tiger:name_type":"St","tiger:reviewed":"no","tiger:zip_left":"75215","tiger:zip_right":"75215"},"geometry":{"type":"LineString","coordinates":[[-96.8035888,32.7771944],[-96.8036188,32.7772917]]}},{"type":"Feature","properties":{"osm_id":317572615,"access":"customers","highway":"service","surface":"concrete:plates"},"geometry":{"type":"LineString","coordinates":[[-96.8061009,32.7770376],[-96.8060419,32.7770443],[-96.8059775,32.7770624],[-96.8059158,32.7770917],[-96.8058715,32.777121],[-96.8058327,32.7771638],[-96.8057911,32.7772304],[-96.8057723,32.7772845],[-96.8057723,32.7773375],[-96.805779,32.7773995],[-96.8057951,32.7774491]]}},{"type":"Feature","properties":{"osm_id":317572616,"access":"customers","highway":"service","oneway":"yes","surface":"concrete:plates"},"geometry":{"type":"LineString","coordinates":[[-96.8055223,32.777396],[-96.8056414,32.7773681],[-96.8056773,32.7773597],[-96.8057723,32.7773375]]}},{"type":"Feature","properties":{"osm_id":317572617,"access":"customers","highway":"service","oneway":"yes","surface":"concrete:plates"},"geometry":{"type":"LineString","coordinates":[[-96.8057723,32.7772845],[-96.8056615,32.7773085],[-96.8056272,32.7773159],[-96.8055108,32.7773417]]}},{"type":"Feature","properties":{"osm_id":317572619,"highway":"service"},"geometry":{"type":"LineString","coordinates":[[-96.80532,32.7782715],[-96.8052295,32.7779558],[-96.8050129,32.7779998],[-96.8051035,32.7783155],[-96.80532,32.7782715]]}},{"type":"Feature","properties":{"osm_id":317572620,"highway":"service","surface":"concrete"},"geometry":{"type":"LineString","coordinates":[[-96.80532,32.7782715],[-96.8053364,32.7783157],[-96.8053633,32.7783382],[-96.8053995,32.7783517],[-96.8054384,32.7783754],[-96.8054625,32.7784273],[-96.8054714,32.7784527],[-96.8054965,32.7785312]]}},{"type":"Feature","properties":{"osm_id":317572621,"highway":"service","oneway":"yes","surface":"concrete:plates"},"geometry":{"type":"LineString","coordinates":[[-96.8042445,32.7780097],[-96.8042228,32.7779335],[-96.8041193,32.7775566],[-96.804397,32.7774976],[-96.8045158,32.7774723],[-96.8045905,32.7774576]]}},{"type":"Feature","properties":{"osm_id":317572622,"access":"private","highway":"service","oneway":"no","surface":"concrete:plates"},"geometry":{"type":"LineString","coordinates":[[-96.8046361,32.7765402],[-96.8044505,32.7765824]]}},{"type":"Feature","properties":{"osm_id":317572623,"highway":"service","surface":"concrete:plates"},"geometry":{"type":"LineString","coordinates":[[-96.8044602,32.7769643],[-96.8044916,32.7770544],[-96.8045074,32.7771573]]}},{"type":"Feature","properties":{"osm_id":317572624,"highway":"service","surface":"concrete:plates"},"geometry":{"type":"LineString","coordinates":[[-96.8045569,32.7769421],[-96.8045243,32.7768322]]}},{"type":"Feature","properties":{"osm_id":317572625,"highway":"service","oneway":"yes","surface":"concrete:plates"},"geometry":{"type":"LineString","coordinates":[[-96.8037866,32.7769556],[-96.8045142,32.7767998]]}},{"type":"Feature","properties":{"osm_id":317572626,"highway":"service","oneway":"yes","surface":"concrete:plates"},"geometry":{"type":"LineString","coordinates":[[-96.8037615,32.7768736],[-96.80449,32.7767173]]}},{"type":"Feature","properties":{"osm_id":317572627,"highway":"service"},"geometry":{"type":"LineString","coordinates":[[-96.8054116,32.779172],[-96.8054297,32.7792341],[-96.8054589,32.7793362]]}},{"type":"Feature","properties":{"osm_id":317572628,"highway":"service"},"geometry":{"type":"LineString","coordinates":[[-96.8054692,32.7791602],[-96.8053975,32.7789123]]}},{"type":"Feature","properties":{"osm_id":317572629,"highway":"service"},"geometry":{"type":"LineString","coordinates":[[-96.8054692,32.7791602],[-96.8054116,32.779172],[-96.8053338,32.7791873]]}},{"type":"Feature","properties":{"osm_id":317572630,"highway":"service"},"geometry":{"type":"LineString","coordinates":[[-96.8053338,32.7791873],[-96.8052619,32.7789419],[-96.8051997,32.7787295],[-96.8054039,32.7786888]]}},{"type":"Feature","properties":{"osm_id":317572631,"highway":"service"},"geometry":{"type":"LineString","coordinates":[[-96.8054706,32.7788964],[-96.8054039,32.7786888],[-96.8053922,32.7786524],[-96.8053642,32.7785609]]}},{"type":"Feature","properties":{"osm_id":317572632,"highway":"service"},"geometry":{"type":"LineString","coordinates":[[-96.8054706,32.7788964],[-96.8053975,32.7789123],[-96.8052619,32.7789419]]}},{"type":"Feature","properties":{"osm_id":386189294,"highway":"service","service":"parking_aisle","surface":"asphalt"},"geometry":{"type":"LineString","coordinates":[[-96.8021166,32.7753699],[-96.8019714,32.7754011],[-96.8019014,32.7754162]]}},{"type":"Feature","properties":{"osm_id":386189295,"highway":"footway","surface":"concrete"},"geometry":{"type":"LineString","coordinates":[[-96.8050833,32.7766826],[-96.8050599,32.7766041]]}},{"type":"Feature","properties":{"osm_id":386189296,"highway":"footway","surface":"concrete"},"geometry":{"type":"LineString","coordinates":[[-96.8049331,32.7767154],[-96.8049107,32.7766371]]}},{"type":"Feature","properties":{"osm_id":386189297,"highway":"footway","surface":"concrete"},"geometry":{"type":"LineString","coordinates":[[-96.8047453,32.7767872],[-96.8045243,32.7768322]]}},{"type":"Feature","properties":{"osm_id":386189298,"highway":"footway","surface":"concrete"},"geometry":{"type":"LineString","coordinates":[[-96.8047046,32.7766338],[-96.8044798,32.7766824]]}},{"type":"Feature","properties":{"osm_id":386189299,"highway":"service","oneway":"yes","service":"parking_aisle","surface":"asphalt"},"geometry":{"type":"LineString","coordinates":[[-96.8020448,32.775134],[-96.8027222,32.7749883]]}},{"type":"Feature","properties":{"osm_id":386189300,"highway":"service","service":"parking_aisle","surface":"asphalt"},"geometry":{"type":"LineString","coordinates":[[-96.8030836,32.7754707],[-96.8029893,32.7755235],[-96.8029862,32.7755242],[-96.8029225,32.775539],[-96.8028401,32.7755582],[-96.8021869,32.7756843],[-96.8020535,32.7757092],[-96.8019824,32.7757224]]}},{"type":"Feature","properties":{"osm_id":386189301,"highway":"footway","surface":"concrete"},"geometry":{"type":"LineString","coordinates":[[-96.8050948,32.7765964],[-96.8050599,32.7766041],[-96.8049107,32.7766371],[-96.804891,32.7766415]]}},{"type":"Feature","properties":{"osm_id":386189302,"highway":"footway","surface":"concrete"},"geometry":{"type":"LineString","coordinates":[[-96.8051213,32.7766743],[-96.8050833,32.7766826],[-96.8049331,32.7767154],[-96.804915,32.7767194]]}},{"type":"Feature","properties":{"osm_id":386189303,"highway":"service","service":"parking_aisle","surface":"asphalt"},"geometry":{"type":"LineString","coordinates":[[-96.8022337,32.7758426],[-96.802884,32.7757066],[-96.8028401,32.7755582],[-96.8027928,32.7753981],[-96.8021425,32.7755341],[-96.8021869,32.7756843],[-96.8022337,32.7758426],[-96.8023108,32.7761035]]}},{"type":"Feature","properties":{"osm_id":386189304,"highway":"service","service":"parking_aisle","surface":"asphalt"},"geometry":{"type":"LineString","coordinates":[[-96.802794,32.7752243],[-96.802766,32.7751322],[-96.8027222,32.7749883],[-96.8026786,32.774845]]}},{"type":"Feature","properties":{"osm_id":401521704,"highway":"service"},"geometry":{"type":"LineString","coordinates":[[-96.7959188,32.775015],[-96.7958652,32.7750602],[-96.7957912,32.7751226]]}},{"type":"Feature","properties":{"osm_id":401521705,"highway":"service","service":"parking_aisle"},"geometry":{"type":"LineString","coordinates":[[-96.7957912,32.7751226],[-96.795657,32.7752357],[-96.7955311,32.7753419],[-96.7954028,32.77545],[-96.7953309,32.7755106],[-96.7952734,32.7755591],[-96.7951439,32.7756683],[-96.7950085,32.7757825],[-96.7945331,32.7753788],[-96.794671,32.7752625],[-96.7947992,32.7751544],[-96.794931,32.7750432],[-96.7950593,32.7749351],[-96.7951839,32.7748299],[-96.7953181,32.7747167],[-96.7956437,32.774996],[-96.7957912,32.7751226]]}},{"type":"Feature","properties":{"osm_id":401521707,"highway":"service","service":"parking_aisle"},"geometry":{"type":"LineString","coordinates":[[-96.795657,32.7752357],[-96.7951839,32.7748299]]}},{"type":"Feature","properties":{"osm_id":401521708,"highway":"service","service":"parking_aisle"},"geometry":{"type":"LineString","coordinates":[[-96.7955311,32.7753419],[-96.7950593,32.7749351]]}},{"type":"Feature","properties":{"osm_id":401521709,"highway":"service","service":"parking_aisle"},"geometry":{"type":"LineString","coordinates":[[-96.7954028,32.77545],[-96.794931,32.7750432]]}},{"type":"Feature","properties":{"osm_id":401521710,"highway":"service","service":"parking_aisle"},"geometry":{"type":"LineString","coordinates":[[-96.7952734,32.7755591],[-96.7947992,32.7751544]]}},{"type":"Feature","properties":{"osm_id":401521711,"highway":"service","service":"parking_aisle"},"geometry":{"type":"LineString","coordinates":[[-96.7951439,32.7756683],[-96.794671,32.7752625]]}},{"type":"Feature","properties":{"osm_id":401521712,"highway":"service"},"geometry":{"type":"LineString","coordinates":[[-96.7954917,32.7756398],[-96.7954251,32.7755863],[-96.7953309,32.7755106]]}},{"type":"Feature","properties":{"osm_id":401521718,"highway":"service","service":"parking_aisle","surface":"asphalt"},"geometry":{"type":"LineString","coordinates":[[-96.7982173,32.778014],[-96.7986348,32.7779177],[-96.7985946,32.7777943],[-96.7985449,32.777642],[-96.7979508,32.777779],[-96.7975817,32.7778641],[-96.797633,32.7780215],[-96.7977233,32.7782984],[-96.7978428,32.7786645],[-96.7978602,32.7787204]]}},{"type":"Feature","properties":{"osm_id":401521719,"highway":"service","service":"parking_aisle","surface":"asphalt"},"geometry":{"type":"LineString","coordinates":[[-96.7985946,32.7777943],[-96.797633,32.7780215]]}},{"type":"Feature","properties":{"osm_id":401521721,"highway":"service","surface":"asphalt"},"geometry":{"type":"LineString","coordinates":[[-96.7980432,32.7786808],[-96.7980305,32.7786242],[-96.7979211,32.7782576],[-96.7977233,32.7782984]]}},{"type":"Feature","properties":{"osm_id":419038957,"bicycle":"designated","cycleway":"shared_lane","foot":"use_sidepath","hgv":"designated","highway":"secondary","lanes":"4","name":"North Lamar Street","old_ref":"Loop 354 (old US 77)","shoulder":"no","sidewalk":"separate","source:hgv":"Dallas City Code section 28-71","surface":"asphalt","tiger:cfcc":"A41","tiger:county":"Dallas, TX","tiger:name_base":"Lamar","tiger:name_direction_prefix":"N","tiger:name_type":"St","tiger:reviewed":"no","turn:lanes:backward":"left||"},"geometry":{"type":"LineString","coordinates":[[-96.8047101,32.7811286],[-96.804728,32.7811875],[-96.8047344,32.7812099]]}},{"type":"Feature","properties":{"osm_id":419038958,"bicycle":"designated","cycleway":"shared_lane","foot":"use_sidepath","hgv":"designated","highway":"secondary","lanes":"4","name":"North Lamar Street","old_ref":"Loop 354 (old US 77)","sidewalk":"separate","source:hgv":"Dallas City Code section 28-71","surface":"asphalt","tiger:cfcc":"A41","tiger:county":"Dallas, TX","tiger:name_base":"Lamar","tiger:name_direction_prefix":"N","tiger:name_type":"St","tiger:reviewed":"no"},"geometry":{"type":"LineString","coordinates":[[-96.804519,32.7803326],[-96.8045409,32.7804178],[-96.8046419,32.7808647],[-96.8046623,32.7809543],[-96.8046706,32.7809911],[-96.8046777,32.7810193],[-96.804689,32.7810604],[-96.8046999,32.7810953],[-96.8047101,32.7811286]]}},{"type":"Feature","properties":{"osm_id":419038960,"foot":"use_sidepath","hgv":"designated","highway":"secondary","name":"Ross Avenue","sidewalk":"separate","source:hgv":"Dallas City Code section 28-71","tiger:cfcc":"A41","tiger:county":"Dallas, TX","tiger:name_base":"Ross","tiger:name_type":"Ave","tiger:reviewed":"no"},"geometry":{"type":"LineString","coordinates":[[-96.8028408,32.7839144],[-96.803006,32.7837759],[-96.803692,32.7832025],[-96.8037706,32.7831368],[-96.8037968,32.7831149],[-96.8038143,32.7831036],[-96.803878,32.783047]]}},{"type":"Feature","properties":{"osm_id":419038961,"foot":"use_sidepath","hgv":"designated","highway":"secondary","name":"Ross Avenue","sidewalk":"separate","source:hgv":"Dallas City Code section 28-71","surface":"asphalt","tiger:cfcc":"A41","tiger:county":"Dallas, TX","tiger:name_base":"Ross","tiger:name_type":"Ave","tiger:reviewed":"no","turn:lanes:backward":"left|"},"geometry":{"type":"LineString","coordinates":[[-96.8025682,32.7841428],[-96.8026556,32.7840696],[-96.8027506,32.7839899],[-96.8028408,32.7839144]]}},{"type":"Feature","properties":{"osm_id":419038963,"foot":"use_sidepath","hgv":"designated","highway":"secondary","lanes":"5","lanes:backward":"2","lanes:forward":"3","name":"Ross Avenue","source:hgv":"Dallas City Code section 28-71","tiger:cfcc":"A41","tiger:county":"Dallas, TX","tiger:name_base":"Ross","tiger:name_type":"Ave","tiger:reviewed":"no","turn:lanes:backward":"left|"},"geometry":{"type":"LineString","coordinates":[[-96.8039953,32.7829501],[-96.8040681,32.7828856],[-96.8040939,32.7828628],[-96.804175,32.782791],[-96.804184,32.782783],[-96.804306,32.7826819]]}},{"type":"Feature","properties":{"osm_id":419040588,"foot":"use_sidepath","highway":"secondary","lanes":"4","lit":"yes","name":"South Market Street","oneway":"yes","sidewalk":"separate","surface":"asphalt","tiger:cfcc":"A41","tiger:county":"Dallas, TX","tiger:name_base":"Market","tiger:name_direction_prefix":"S","tiger:name_type":"St","tiger:reviewed":"no","tiger:zip_left":"75202","tiger:zip_right":"75202","turn:lanes":"||through;right|right"},"geometry":{"type":"LineString","coordinates":[[-96.8057247,32.7780766],[-96.8058177,32.7783707],[-96.8058458,32.7784605]]}},{"type":"Feature","properties":{"osm_id":419040589,"foot":"use_sidepath","highway":"secondary","lanes":"4","name":"South Market Street","oneway":"yes","sidewalk":"separate","surface":"asphalt","tiger:cfcc":"A41","tiger:county":"Dallas, TX","tiger:name_base":"Market","tiger:name_direction_prefix":"S","tiger:name_type":"St","tiger:reviewed":"no","tiger:zip_left":"75202","tiger:zip_right":"75202"},"geometry":{"type":"LineString","coordinates":[[-96.8058458,32.7784605],[-96.8058758,32.778557],[-96.8059972,32.7789718],[-96.8060387,32.7791127],[-96.8060653,32.7792072]]}},{"type":"Feature","properties":{"osm_id":419040594,"foot":"use_sidepath","hgv":"designated","highway":"secondary","lanes":"3","name":"Young Street","oneway":"yes","sidewalk":"separate","source:hgv":"Dallas City Code section 28-71","surface":"asphalt","tiger:cfcc":"A41","tiger:county":"Dallas, TX","tiger:name_base":"Young","tiger:name_type":"St","tiger:reviewed":"no","tiger:zip_left":"75201","tiger:zip_right":"75201","turn:lanes":"left||"},"geometry":{"type":"LineString","coordinates":[[-96.7968352,32.7776758],[-96.7966605,32.7777391],[-96.796382,32.7778763],[-96.7963213,32.7779168],[-96.7962352,32.7779747]]}},{"type":"Feature","properties":{"osm_id":419042085,"foot":"use_sidepath","highway":"secondary","lanes":"4","name":"South Ervay Street","oneway":"yes","sidewalk":"separate","tiger:cfcc":"A41","tiger:county":"Dallas, TX","tiger:name_base":"Ervay","tiger:name_direction_prefix":"S","tiger:name_type":"St","tiger:reviewed":"no","tiger:zip_left":"75215","tiger:zip_right":"75215","turn:lanes":"|||right"},"geometry":{"type":"LineString","coordinates":[[-96.796113,32.7776013],[-96.7962002,32.7778667],[-96.7962352,32.7779747]]}},{"type":"Feature","properties":{"osm_id":419045310,"foot":"use_sidepath","highway":"secondary","lanes":"4","name":"South Griffin Street","oneway":"yes","sidewalk":"separate","source:name":"Dallas City Atlas Map Viewer (http://gis.dallascityhall.com/website/DallasCityAtlas/viewer.htm)","surface":"asphalt","tiger:cfcc":"A41","tiger:county":"Dallas, TX","tiger:name_base":"Griffin","tiger:name_direction_prefix":"S","tiger:name_direction_suffix":"W","tiger:name_type":"St","tiger:reviewed":"no","tiger:zip_left":"75202","tiger:zip_right":"75202"},"geometry":{"type":"LineString","coordinates":[[-96.8029906,32.7798533],[-96.8029809,32.7797696],[-96.8029492,32.7794833]]}},{"type":"Feature","properties":{"osm_id":419045311,"foot":"use_sidepath","highway":"secondary","lanes":"4","name":"South Griffin Street","oneway":"yes","sidewalk":"separate","source:name":"Dallas City Atlas Map Viewer (http://gis.dallascityhall.com/website/DallasCityAtlas/viewer.htm)","surface":"asphalt","tiger:cfcc":"A41","tiger:county":"Dallas, TX","tiger:name_base":"Griffin","tiger:name_direction_prefix":"S","tiger:name_direction_suffix":"W","tiger:name_type":"St","tiger:reviewed":"no","tiger:zip_left":"75202","tiger:zip_right":"75202","turn:lanes":"left|left;through||"},"geometry":{"type":"LineString","coordinates":[[-96.8029492,32.7794833],[-96.8029135,32.7791752],[-96.802903,32.77908]]}},{"type":"Feature","properties":{"osm_id":419525146,"highway":"footway","lit":"yes","surface":"concrete"},"geometry":{"type":"LineString","coordinates":[[-96.7953551,32.7811904],[-96.7942194,32.7815716]]}},{"type":"Feature","properties":{"osm_id":419525283,"highway":"footway","lit":"yes","surface":"paving_stones","width":"3"},"geometry":{"type":"LineString","coordinates":[[-96.7951268,32.7810474],[-96.7941147,32.7810746]]}},{"type":"Feature","properties":{"osm_id":419525410,"highway":"footway","lit":"yes","surface":"paving_stones","width":"4.6"},"geometry":{"type":"LineString","coordinates":[[-96.7955959,32.781336],[-96.7955421,32.781315],[-96.7953551,32.7811904],[-96.7951754,32.7810802],[-96.7951268,32.7810474]]}},{"type":"Feature","properties":{"osm_id":419790104,"bicycle":"designated","cycleway":"shared_lane","foot":"use_sidepath","highway":"secondary","lanes":"5","maxspeed":"30 mph","name":"Main Street","oneway":"no","sidewalk":"separate","tiger:cfcc":"A41","tiger:county":"Dallas, TX","tiger:name_base":"Main","tiger:name_type":"St","tiger:reviewed":"no","tiger:zip_left":"75226","tiger:zip_right":"75226","turn:lanes:backward":"left||"},"geometry":{"type":"LineString","coordinates":[[-96.8029906,32.7798533],[-96.8030826,32.7798329],[-96.8032127,32.7798041],[-96.8032751,32.7797903]]}},{"type":"Feature","properties":{"osm_id":419790107,"foot":"use_sidepath","highway":"secondary","lanes":"4","maxspeed":"30 mph","name":"Main Street","oneway":"no","sidewalk":"separate","surface":"asphalt","tiger:cfcc":"A41","tiger:county":"Dallas, TX","tiger:name_base":"Main","tiger:name_type":"St","tiger:reviewed":"no","tiger:zip_left":"75226","tiger:zip_right":"75226"},"geometry":{"type":"LineString","coordinates":[[-96.8042961,32.7795754],[-96.8043874,32.7795569],[-96.8051011,32.7794119]]}},{"type":"Feature","properties":{"osm_id":419790110,"foot":"use_sidepath","highway":"secondary","lanes":"2","lit":"yes","name":"North Akard Street","oneway":"no","sidewalk":"separate","surface":"asphalt","tiger:cfcc":"A41","tiger:county":"Dallas, TX","tiger:name_base":"Akard","tiger:name_direction_prefix":"N","tiger:name_type":"St","tiger:reviewed":"no","tiger:zip_left":"75201","tiger:zip_right":"75201"},"geometry":{"type":"LineString","coordinates":[[-96.7997581,32.7813324],[-96.7997289,32.7812428],[-96.7995584,32.780658],[-96.7995349,32.7805827]]}},{"type":"Feature","properties":{"osm_id":419790114,"foot":"use_sidepath","highway":"secondary","lanes":"2","lit":"yes","name":"North Akard Street","oneway":"yes","sidewalk":"separate","surface":"asphalt","tiger:cfcc":"A41","tiger:county":"Dallas, TX","tiger:name_base":"Akard","tiger:name_direction_prefix":"N","tiger:name_type":"St","tiger:reviewed":"no","tiger:zip_left":"75201","tiger:zip_right":"75201","turn:lanes":"through|right"},"geometry":{"type":"LineString","coordinates":[[-96.7998672,32.7817191],[-96.7997821,32.7814148],[-96.7997581,32.7813324]]}},{"type":"Feature","properties":{"osm_id":421843219,"access":"private","bus":"designated","highway":"service","motor_vehicle":"no","oneway":"yes","psv":"yes"},"geometry":{"type":"LineString","coordinates":[[-96.8041036,32.7816182],[-96.8039997,32.7817073],[-96.8039715,32.7817532],[-96.8039581,32.781796],[-96.8039586,32.781837]]}},{"type":"Feature","properties":{"osm_id":421843220,"bus":"designated","highway":"service","motor_vehicle":"no","oneway":"yes","psv":"yes","surface":"concrete:plates"},"geometry":{"type":"LineString","coordinates":[[-96.8036828,32.7817164],[-96.8036135,32.7814705],[-96.803631,32.7814134],[-96.803698,32.7813757],[-96.8039008,32.7813346]]}},{"type":"Feature","properties":{"osm_id":441530306,"foot":"use_sidepath","highway":"secondary","lanes":"4","name":"North Griffin Street","oneway":"yes","sidewalk":"separate","source:name":"Dallas City Atlas Map Viewer (http://gis.dallascityhall.com/website/DallasCityAtlas/viewer.htm)","surface":"asphalt","tiger:cfcc":"A41","tiger:county":"Dallas, TX","tiger:name_base":"Griffin","tiger:name_direction_prefix":"N","tiger:name_type":"St","tiger:reviewed":"no","tiger:zip_left":"75202","tiger:zip_right":"75202"},"geometry":{"type":"LineString","coordinates":[[-96.8038576,32.782427],[-96.803836,32.782369],[-96.8037902,32.7822851],[-96.8037812,32.7822691],[-96.8037386,32.7821911]]}},{"type":"Feature","properties":{"osm_id":441530311,"foot":"use_sidepath","highway":"secondary","lanes":"3","name":"North Griffin Street","oneway":"yes","sidewalk":"separate","source:name":"Dallas City Atlas Map Viewer (http://gis.dallascityhall.com/website/DallasCityAtlas/viewer.htm)","surface":"asphalt","tiger:cfcc":"A41","tiger:county":"Dallas, TX","tiger:reviewed":"no"},"geometry":{"type":"LineString","coordinates":[[-96.8040994,32.7844872],[-96.8041387,32.7838385],[-96.8041424,32.7837584]]}},{"type":"Feature","properties":{"osm_id":441530346,"foot":"use_sidepath","highway":"tertiary","lanes":"4","lit":"yes","name":"North Saint Paul Street","oneway":"yes","sidewalk":"separate","surface":"asphalt","tiger:cfcc":"A41","tiger:county":"Dallas, TX","tiger:name_base":"St Paul","tiger:name_direction_prefix":"N","tiger:name_type":"St","tiger:reviewed":"no","tiger:zip_left":"75201","tiger:zip_right":"75201"},"geometry":{"type":"LineString","coordinates":[[-96.7974392,32.7837395],[-96.7967146,32.7832075]]}},{"type":"Feature","properties":{"osm_id":441530383,"footway":"sidewalk","highway":"footway","lit":"yes","name":"Bryan Street","smoothness":"good","surface":"paving_stones"},"geometry":{"type":"LineString","coordinates":[[-96.7975907,32.7839339],[-96.7975719,32.7839497],[-96.7975196,32.7839935],[-96.7967082,32.7846737],[-96.7966888,32.7846902]]}},{"type":"Feature","properties":{"osm_id":441530498,"highway":"tertiary","lanes":"2","name":"San Jacinto Street","oneway":"yes","sidewalk":"separate","surface":"asphalt","tiger:cfcc":"A41","tiger:county":"Dallas, TX","tiger:name_base":"San Jacinto","tiger:name_type":"St","tiger:reviewed":"no","tiger:zip_left":"75201","tiger:zip_right":"75201"},"geometry":{"type":"LineString","coordinates":[[-96.8042176,32.7817909],[-96.8040087,32.7819655]]}},{"type":"Feature","properties":{"osm_id":444157295,"foot":"use_sidepath","hgv":"designated","highway":"secondary","name":"Young Street","sidewalk:both":"separate","source:hgv":"Dallas City Code section 28-71","tiger:cfcc":"A41","tiger:county":"Dallas, TX","tiger:name_base":"Young","tiger:name_type":"St","tiger:reviewed":"no","tiger:zip_left":"75201","tiger:zip_right":"75201"},"geometry":{"type":"LineString","coordinates":[[-96.7962352,32.7779747],[-96.7961464,32.7779938],[-96.7959087,32.7780498],[-96.795438,32.7781608],[-96.7952494,32.7782053],[-96.7949932,32.7782657],[-96.7947741,32.7783179],[-96.7947037,32.7783339]]}},{"type":"Feature","properties":{"osm_id":450842556,"crossing":"traffic_signals","crossing:markings":"lines;surface","crossing:signals":"yes","footway":"crossing","highway":"footway","surface":"paving_stones"},"geometry":{"type":"LineString","coordinates":[[-96.8045782,32.7811338],[-96.804574,32.781117],[-96.8045658,32.7810782],[-96.804555,32.7810387]]}},{"type":"Feature","properties":{"osm_id":450842559,"highway":"service","service":"parking_aisle","surface":"asphalt"},"geometry":{"type":"LineString","coordinates":[[-96.804187,32.7819957],[-96.804511,32.7822815],[-96.8045918,32.7823532],[-96.8046453,32.7824007]]}},{"type":"Feature","properties":{"osm_id":450893396,"bicycle":"yes","highway":"service","surface":"asphalt"},"geometry":{"type":"LineString","coordinates":[[-96.800703,32.7769837],[-96.8007225,32.7770464],[-96.8007387,32.7770981],[-96.8007401,32.7771432],[-96.8007334,32.7772029],[-96.8007387,32.7772514],[-96.8007642,32.7772954],[-96.800838,32.7773551],[-96.800977,32.7774119],[-96.801255,32.7774984],[-96.8014066,32.7775491],[-96.8014476,32.7776196],[-96.8015081,32.7777812],[-96.8015365,32.7778748],[-96.8015508,32.7779247]]}},{"type":"Feature","properties":{"osm_id":450893400,"highway":"service","oneway":"yes","service":"parking_aisle"},"geometry":{"type":"LineString","coordinates":[[-96.8045024,32.784009],[-96.8049327,32.7836713],[-96.8050248,32.7836918]]}},{"type":"Feature","properties":{"osm_id":450893402,"highway":"service","service":"parking_aisle","surface":"asphalt"},"geometry":{"type":"LineString","coordinates":[[-96.8015081,32.7777812],[-96.800446,32.7780115],[-96.8003752,32.7780284]]}},{"type":"Feature","properties":{"osm_id":450893404,"highway":"service","service":"parking_aisle"},"geometry":{"type":"LineString","coordinates":[[-96.7979508,32.777779],[-96.7979201,32.7776851],[-96.7979032,32.7776139]]}},{"type":"Feature","properties":{"osm_id":450893405,"highway":"service","oneway":"yes","service":"parking_aisle"},"geometry":{"type":"LineString","coordinates":[[-96.8050604,32.783617],[-96.8050449,32.7836747],[-96.8050248,32.7836918],[-96.8050226,32.7837509],[-96.804589,32.7840886]]}},{"type":"Feature","properties":{"osm_id":450893409,"highway":"service","service":"parking_aisle","surface":"asphalt"},"geometry":{"type":"LineString","coordinates":[[-96.8003193,32.7778774],[-96.8003903,32.7778607],[-96.8014476,32.7776196]]}},{"type":"Feature","properties":{"osm_id":450893414,"highway":"service","service":"parking_aisle"},"geometry":{"type":"LineString","coordinates":[[-96.8049221,32.783488],[-96.8048835,32.7835185],[-96.8043911,32.7839066]]}},{"type":"Feature","properties":{"osm_id":450893448,"highway":"service","service":"parking_aisle"},"geometry":{"type":"LineString","coordinates":[[-96.8043111,32.783833],[-96.8042817,32.7843086],[-96.804431,32.7843114],[-96.8044651,32.7843121]]}},{"type":"Feature","properties":{"osm_id":450893451,"highway":"service","service":"parking_aisle","surface":"asphalt"},"geometry":{"type":"LineString","coordinates":[[-96.800977,32.7774119],[-96.8003176,32.777557],[-96.8003699,32.7777069],[-96.801255,32.7774984]]}},{"type":"Feature","properties":{"osm_id":450893455,"highway":"service","service":"parking_aisle","surface":"asphalt"},"geometry":{"type":"LineString","coordinates":[[-96.8007642,32.7772954],[-96.8002533,32.7774048],[-96.8002081,32.7772555],[-96.8005606,32.7771801],[-96.8007334,32.7772029]]}},{"type":"Feature","properties":{"osm_id":450893462,"highway":"service","service":"parking_aisle","surface":"asphalt"},"geometry":{"type":"LineString","coordinates":[[-96.7996281,32.778157],[-96.7994357,32.7781969],[-96.7992527,32.7782397],[-96.7991703,32.7779936]]}},{"type":"Feature","properties":{"osm_id":450893467,"highway":"service","service":"parking_aisle"},"geometry":{"type":"LineString","coordinates":[[-96.8047933,32.7833678],[-96.8047559,32.7833981],[-96.8044541,32.78364],[-96.8042656,32.7837911],[-96.8043111,32.783833],[-96.8043911,32.7839066],[-96.8044781,32.7839866],[-96.8045024,32.784009],[-96.804589,32.7840886],[-96.8046635,32.7841646],[-96.8046941,32.7841958]]}},{"type":"Feature","properties":{"osm_id":450893471,"highway":"service","service":"parking_aisle","surface":"asphalt"},"geometry":{"type":"LineString","coordinates":[[-96.8062853,32.7836118],[-96.8059513,32.7832905],[-96.8060802,32.7831892],[-96.8062182,32.7830808],[-96.8063429,32.7831935],[-96.8065649,32.7833897],[-96.8066115,32.7834445],[-96.8066413,32.7834763]]}},{"type":"Feature","properties":{"osm_id":450893473,"highway":"service","service":"parking_aisle","surface":"asphalt"},"geometry":{"type":"LineString","coordinates":[[-96.804187,32.7819957],[-96.8043462,32.7818606],[-96.8044909,32.7817378],[-96.8046489,32.7818815],[-96.8046955,32.7821214],[-96.8046614,32.7821509],[-96.804511,32.7822815],[-96.8044132,32.7823625],[-96.8040862,32.7820779],[-96.804187,32.7819957]]}},{"type":"Feature","properties":{"osm_id":451142637,"highway":"service","oneway":"yes","oneway:bicycle":"no","service":"parking_aisle","surface":"asphalt"},"geometry":{"type":"LineString","coordinates":[[-96.8031867,32.7796266],[-96.8032198,32.7796196],[-96.8040261,32.7794493]]}},{"type":"Feature","properties":{"osm_id":451142647,"highway":"service","service":"parking_aisle"},"geometry":{"type":"LineString","coordinates":[[-96.8023037,32.7829671],[-96.8020456,32.7831568]]}},{"type":"Feature","properties":{"osm_id":451142661,"highway":"service","service":"parking_aisle"},"geometry":{"type":"LineString","coordinates":[[-96.7962522,32.7795667],[-96.7962851,32.7796898],[-96.7962979,32.7797292]]}},{"type":"Feature","properties":{"osm_id":451142698,"highway":"service","service":"parking_aisle"},"geometry":{"type":"LineString","coordinates":[[-96.7960173,32.7792635],[-96.7959976,32.7791825],[-96.795983,32.7791264]]}},{"type":"Feature","properties":{"osm_id":451142710,"highway":"service","service":"parking_aisle"},"geometry":{"type":"LineString","coordinates":[[-96.8024326,32.7822637],[-96.802476,32.7823019],[-96.802725,32.7825253],[-96.8029867,32.7827601],[-96.8030298,32.7827968]]}},{"type":"Feature","properties":{"osm_id":451142714,"highway":"service","service":"parking_aisle"},"geometry":{"type":"LineString","coordinates":[[-96.8023333,32.7824234],[-96.8025656,32.7826386],[-96.8027793,32.7828441],[-96.8028192,32.7828995],[-96.8028598,32.7829352]]}},{"type":"Feature","properties":{"osm_id":451142716,"highway":"service","oneway":"yes","service":"parking_aisle"},"geometry":{"type":"LineString","coordinates":[[-96.8031142,32.7793677],[-96.8039531,32.7791825]]}},{"type":"Feature","properties":{"osm_id":451142723,"highway":"service","oneway":"yes","service":"parking_aisle"},"geometry":{"type":"LineString","coordinates":[[-96.8039908,32.7793201],[-96.8031469,32.7794987]]}},{"type":"Feature","properties":{"osm_id":451142724,"highway":"service","service":"parking_aisle"},"geometry":{"type":"LineString","coordinates":[[-96.8020496,32.7779709],[-96.8021619,32.7783415]]}},{"type":"Feature","properties":{"osm_id":451142747,"highway":"service","surface":"asphalt"},"geometry":{"type":"LineString","coordinates":[[-96.8040143,32.7794059],[-96.8041289,32.7793838],[-96.8042327,32.7793633]]}},{"type":"Feature","properties":{"osm_id":451142755,"highway":"service","service":"parking_aisle"},"geometry":{"type":"LineString","coordinates":[[-96.8021768,32.7828474],[-96.8019924,32.7829915],[-96.8019527,32.7830027],[-96.8018592,32.7830291]]}},{"type":"Feature","properties":{"osm_id":451142777,"highway":"service","service":"parking_aisle"},"geometry":{"type":"LineString","coordinates":[[-96.8022348,32.7838457],[-96.8021586,32.7839072],[-96.8020719,32.7839773],[-96.8014659,32.784467]]}},{"type":"Feature","properties":{"osm_id":451142795,"highway":"service","service":"parking_aisle"},"geometry":{"type":"LineString","coordinates":[[-96.8020057,32.778523],[-96.801992,32.7784761],[-96.8020027,32.7783746],[-96.8019504,32.7783096],[-96.8018624,32.7780096],[-96.8018355,32.7779238],[-96.8018196,32.7778689]]}},{"type":"Feature","properties":{"osm_id":451142807,"highway":"service","service":"parking_aisle"},"geometry":{"type":"LineString","coordinates":[[-96.8021284,32.7824772],[-96.8021709,32.7825165],[-96.8024135,32.7827365],[-96.8027022,32.7829983],[-96.8027304,32.7830452]]}},{"type":"Feature","properties":{"osm_id":451142813,"highway":"service","service":"parking_aisle"},"geometry":{"type":"LineString","coordinates":[[-96.8020667,32.7827306],[-96.8019492,32.7828129],[-96.8019924,32.7829915],[-96.8020456,32.7831568],[-96.8020809,32.7832959],[-96.8021403,32.7833186],[-96.8024274,32.7830905]]}},{"type":"Feature","properties":{"osm_id":451142820,"highway":"service","service":"parking_aisle"},"geometry":{"type":"LineString","coordinates":[[-96.8020027,32.7783746],[-96.8017984,32.7784197],[-96.8016847,32.7780477],[-96.8018624,32.7780096],[-96.8020496,32.7779709],[-96.802228,32.7779304],[-96.8023392,32.7783047],[-96.8021619,32.7783415],[-96.8020027,32.7783746]]}},{"type":"Feature","properties":{"osm_id":451142823,"highway":"service","service":"parking_aisle"},"geometry":{"type":"LineString","coordinates":[[-96.8015663,32.7845548],[-96.8014954,32.7846121],[-96.8016083,32.7847108],[-96.8020618,32.7843444],[-96.8022852,32.7841638],[-96.8021723,32.784065],[-96.8020719,32.7839773],[-96.80195,32.7838706],[-96.801344,32.7843604]]}},{"type":"Feature","properties":{"osm_id":451142827,"highway":"service","service":"parking_aisle"},"geometry":{"type":"LineString","coordinates":[[-96.7966882,32.7794784],[-96.7966181,32.77949],[-96.7962522,32.7795667],[-96.7960257,32.7796126],[-96.7959734,32.7794305],[-96.7959305,32.7792811],[-96.7960173,32.7792635],[-96.7964945,32.7791666],[-96.7965165,32.7793206],[-96.7959734,32.7794305]]}},{"type":"Feature","properties":{"osm_id":469277145,"highway":"footway","lit":"no","surface":"dirt"},"geometry":{"type":"LineString","coordinates":[[-96.8008037,32.7760141],[-96.7999093,32.7760109],[-96.7995292,32.7760223]]}},{"type":"Feature","properties":{"osm_id":471953155,"highway":"service","surface":"asphalt"},"geometry":{"type":"LineString","coordinates":[[-96.7989624,32.7780416],[-96.799026,32.7780268],[-96.7991703,32.7779936],[-96.799356,32.7779485],[-96.7995456,32.7779029],[-96.7996281,32.778157],[-96.7996652,32.7782688],[-96.7996848,32.7783273]]}},{"type":"Feature","properties":{"osm_id":561026938,"highway":"service","oneway":"yes","surface":"concrete:plates"},"geometry":{"type":"LineString","coordinates":[[-96.804631,32.7760658],[-96.8046744,32.7761244],[-96.8046919,32.7761617],[-96.804702,32.7762119],[-96.8046984,32.776243],[-96.8046862,32.7763281]]}},{"type":"Feature","properties":{"osm_id":561026939,"highway":"service","oneway":"yes","surface":"concrete"},"geometry":{"type":"LineString","coordinates":[[-96.8049609,32.776269],[-96.804882,32.7762015],[-96.8048092,32.7761425],[-96.8047254,32.7760957],[-96.804631,32.7760658]]}},{"type":"Feature","properties":{"osm_id":561026940,"highway":"service","surface":"asphalt"},"geometry":{"type":"LineString","coordinates":[[-96.8037831,32.7756694],[-96.8032951,32.77578],[-96.8031802,32.775806]]}},{"type":"Feature","properties":{"osm_id":561206493,"bicycle":"yes","highway":"service","surface":"paved"},"geometry":{"type":"LineString","coordinates":[[-96.8014066,32.7775491],[-96.8014692,32.7772836],[-96.8014812,32.7771111],[-96.8014735,32.7769547],[-96.8014695,32.776872]]}},{"type":"Feature","properties":{"osm_id":562595836,"highway":"footway","lit":"yes","smoothness":"excellent","surface":"paving_stones"},"geometry":{"type":"LineString","coordinates":[[-96.8020142,32.7794743],[-96.8019385,32.7794865],[-96.8018615,32.7794817],[-96.8017864,32.7794675],[-96.8017437,32.7794617]]}},{"type":"Feature","properties":{"osm_id":562595837,"highway":"footway","lit":"yes","smoothness":"excellent","surface":"paving_stones"},"geometry":{"type":"LineString","coordinates":[[-96.8018071,32.7795277],[-96.8018336,32.7795844],[-96.8018593,32.7796654],[-96.8018647,32.7797383],[-96.8018505,32.7798225],[-96.8018315,32.7798673]]}},{"type":"Feature","properties":{"osm_id":563054480,"bicycle":"yes","highway":"service","surface":"asphalt","tiger:cfcc":"A63","tiger:county":"Dallas, TX","tiger:reviewed":"no"},"geometry":{"type":"LineString","coordinates":[[-96.7979396,32.77567],[-96.7978807,32.7756836],[-96.797462,32.7757803],[-96.7973943,32.7757972],[-96.796167,32.7760793],[-96.795934,32.7761326],[-96.7958858,32.7761444],[-96.7958371,32.7761537]]}},{"type":"Feature","properties":{"osm_id":568960606,"highway":"service"},"geometry":{"type":"LineString","coordinates":[[-96.8049548,32.7749873],[-96.8048914,32.7750005],[-96.8047944,32.7750193]]}},{"type":"Feature","properties":{"osm_id":572321306,"bicycle":"designated","cycleway":"shared_lane","foot":"use_sidepath","highway":"secondary","lanes":"2","maxspeed":"30 mph","name":"Main Street","oneway":"no","sidewalk":"separate","surface":"asphalt","tiger:cfcc":"A41","tiger:county":"Dallas, TX","tiger:name_base":"Main","tiger:name_type":"St","tiger:reviewed":"no","tiger:zip_left":"75226","tiger:zip_right":"75226"},"geometry":{"type":"LineString","coordinates":[[-96.8002497,32.7804326],[-96.7995894,32.7805713],[-96.7995349,32.7805827]]}},{"type":"Feature","properties":{"osm_id":572321309,"bicycle":"designated","cycleway":"shared_lane","foot":"use_sidepath","highway":"secondary","lanes":"4","maxspeed":"30 mph","name":"Main Street","oneway":"no","sidewalk":"separate","tiger:cfcc":"A41","tiger:county":"Dallas, TX","tiger:name_base":"Main","tiger:name_type":"St","tiger:reviewed":"no","tiger:zip_left":"75226","tiger:zip_right":"75226"},"geometry":{"type":"LineString","coordinates":[[-96.8029906,32.7798533],[-96.802839,32.7798868]]}},{"type":"Feature","properties":{"osm_id":574040386,"bicycle":"designated","cycleway":"shared_lane","foot":"use_sidepath","highway":"secondary","lanes":"4","maxspeed":"30 mph","name":"Main Street","oneway":"no","sidewalk":"separate","surface":"asphalt","tiger:cfcc":"A41","tiger:county":"Dallas, TX","tiger:name_base":"Main","tiger:name_type":"St","tiger:reviewed":"no","tiger:zip_left":"75226","tiger:zip_right":"75226"},"geometry":{"type":"LineString","coordinates":[[-96.802839,32.7798868],[-96.8027656,32.7799022],[-96.8018946,32.7800851],[-96.8018099,32.7801029],[-96.8017221,32.7801213],[-96.8016114,32.7801446],[-96.8015753,32.7801521],[-96.8013224,32.7802053],[-96.8010447,32.7802635],[-96.8009635,32.7802806]]}},{"type":"Feature","properties":{"osm_id":574040402,"bicycle":"designated","cycleway":"shared_lane","foot":"use_sidepath","highway":"secondary","lanes":"4","maxspeed":"30 mph","name":"Main Street","oneway":"no","sidewalk":"separate","surface":"asphalt","tiger:cfcc":"A41","tiger:county":"Dallas, TX","tiger:name_base":"Main","tiger:name_type":"St","tiger:reviewed":"no","tiger:zip_left":"75226","tiger:zip_right":"75226"},"geometry":{"type":"LineString","coordinates":[[-96.8009635,32.7802806],[-96.8008985,32.7802944],[-96.8002497,32.7804326]]}},{"type":"Feature","properties":{"osm_id":574051357,"bicycle":"designated","cycleway":"shared_lane","foot":"use_sidepath","highway":"secondary","lanes":"2","maxspeed":"30 mph","name":"Main Street","oneway":"no","sidewalk":"separate","surface":"concrete","tiger:cfcc":"A41","tiger:county":"Dallas, TX","tiger:name_base":"Main","tiger:name_type":"St","tiger:reviewed":"no","tiger:zip_left":"75226","tiger:zip_right":"75226"},"geometry":{"type":"LineString","coordinates":[[-96.7974965,32.7810053],[-96.7972023,32.7810667],[-96.7971161,32.7810847]]}},{"type":"Feature","properties":{"osm_id":574051359,"highway":"secondary","lane_markings":"yes","lanes":"3","name":"North Ervay Street","oneway":"yes","sidewalk":"separate","surface":"asphalt","tiger:cfcc":"A41","tiger:county":"Dallas, TX","tiger:name_base":"Ervay","tiger:name_direction_prefix":"N","tiger:name_type":"St","tiger:reviewed":"no","tiger:zip_left":"75201","tiger:zip_right":"75201"},"geometry":{"type":"LineString","coordinates":[[-96.7971161,32.7810847],[-96.7971447,32.7811773],[-96.7972286,32.7814494]]}},{"type":"Feature","properties":{"osm_id":574051362,"bicycle":"designated","cycleway":"shared_lane","foot":"use_sidepath","highway":"secondary","lanes":"2","maxspeed":"30 mph","name":"Main Street","oneway":"no","sidewalk":"separate","surface":"concrete","tiger:cfcc":"A41","tiger:county":"Dallas, TX","tiger:name_base":"Main","tiger:name_type":"St","tiger:reviewed":"no","tiger:zip_left":"75226","tiger:zip_right":"75226"},"geometry":{"type":"LineString","coordinates":[[-96.7987814,32.780739],[-96.7978832,32.7809252],[-96.7974965,32.7810053]]}},{"type":"Feature","properties":{"osm_id":574057876,"bicycle":"designated","cycleway":"shared_lane","foot":"use_sidepath","highway":"secondary","lanes":"2","maxspeed":"30 mph","name":"Main Street","oneway":"no","sidewalk":"separate","surface":"asphalt","tiger:cfcc":"A41","tiger:county":"Dallas, TX","tiger:name_base":"Main","tiger:name_type":"St","tiger:zip_left":"75226","tiger:zip_right":"75226"},"geometry":{"type":"LineString","coordinates":[[-96.7956985,32.7813951],[-96.7957814,32.7813778],[-96.7969599,32.7811182]]}},{"type":"Feature","properties":{"osm_id":579192649,"bicycle":"designated","cycleway":"shared_lane","foot":"use_sidepath","highway":"secondary","lanes":"4","maxspeed":"30 mph","name":"Main Street","oneway":"no","shoulder":"no","sidewalk":"separate","surface":"asphalt","tiger:cfcc":"A41","tiger:county":"Dallas, TX","tiger:name_base":"Main","tiger:name_type":"St","tiger:zip_left":"75226","tiger:zip_right":"75226"},"geometry":{"type":"LineString","coordinates":[[-96.794145,32.781712],[-96.7942527,32.781689],[-96.7956251,32.7814106],[-96.7956985,32.7813951]]}},{"type":"Feature","properties":{"osm_id":599487806,"foot":"use_sidepath","highway":"secondary","lanes":"4","name":"Commerce Street","old_ref":"US 80;SH 183","oneway":"yes","sidewalk":"separate","tiger:cfcc":"A41","tiger:county":"Dallas, TX","tiger:name_base":"Commerce","tiger:name_type":"St","tiger:reviewed":"no","tiger:zip_left":"75226","tiger:zip_right":"75226","turn:lanes":"left|||"},"geometry":{"type":"LineString","coordinates":[[-96.7954702,32.7806483],[-96.7954001,32.7806632],[-96.7951745,32.7807133],[-96.7947331,32.7808112],[-96.7940938,32.7809534],[-96.7939913,32.7809751]]}},{"type":"Feature","properties":{"osm_id":599487807,"highway":"tertiary","name":"San Jacinto Street","oneway":"yes","sidewalk":"separate","tiger:cfcc":"A41","tiger:county":"Dallas, TX","tiger:name_base":"San Jacinto","tiger:name_type":"St","tiger:reviewed":"no","tiger:zip_left":"75201","tiger:zip_right":"75201"},"geometry":{"type":"LineString","coordinates":[[-96.8039082,32.7820495],[-96.8038212,32.7821223],[-96.8038038,32.7821376],[-96.8037386,32.7821911]]}},{"type":"Feature","properties":{"osm_id":599487808,"bicycle":"designated","cycleway":"shared_lane","foot":"use_sidepath","hgv":"designated","highway":"secondary","lanes":"4","name":"North Lamar Street","old_ref":"Loop 354 (old US 77)","sidewalk":"separate","source:hgv":"Dallas City Code section 28-71","surface":"asphalt","tiger:cfcc":"A41","tiger:county":"Dallas, TX","tiger:name_base":"Lamar","tiger:name_direction_prefix":"N","tiger:name_type":"St","tiger:reviewed":"no","turn:lanes:backward":"left||"},"geometry":{"type":"LineString","coordinates":[[-96.8047344,32.7812099],[-96.804777,32.7813533]]}},{"type":"Feature","properties":{"osm_id":599487823,"foot":"use_sidepath","hgv":"designated","highway":"secondary","lanes":"4","name":"South Lamar Street","sidewalk":"separate","source:hgv":"Dallas City Code section 28-71","surface":"asphalt","tiger:cfcc":"A41","tiger:county":"Dallas, TX","tiger:name_base":"Lamar","tiger:name_direction_prefix":"S","tiger:name_type":"St","tiger:reviewed":"no","tiger:zip_left":"75215","tiger:zip_right":"75215"},"geometry":{"type":"LineString","coordinates":[[-96.803408,32.776597],[-96.8034337,32.776683],[-96.8035888,32.7771944]]}},{"type":"Feature","properties":{"osm_id":599487824,"foot":"use_sidepath","hgv":"designated","highway":"secondary","lanes":"4","name":"Young Street","oneway":"yes","sidewalk":"separate","source:hgv":"Dallas City Code section 28-71","surface":"asphalt","tiger:cfcc":"A41","tiger:county":"Dallas, TX","tiger:name_base":"Young","tiger:name_type":"St","tiger:reviewed":"no","tiger:zip_left":"75201","tiger:zip_right":"75201"},"geometry":{"type":"LineString","coordinates":[[-96.8053274,32.7761953],[-96.8052421,32.7762134],[-96.8049609,32.776269],[-96.8046862,32.7763281],[-96.8043935,32.7763923]]}},{"type":"Feature","properties":{"osm_id":599487825,"hgv":"designated","highway":"secondary","lanes":"4","lit":"yes","name":"Young Street","oneway":"yes","sidewalk":"separate","source:hgv":"Dallas City Code section 28-71","surface":"asphalt","tiger:cfcc":"A41","tiger:county":"Dallas, TX","tiger:name_base":"Young","tiger:name_type":"St","tiger:reviewed":"no","tiger:zip_left":"75201","tiger:zip_right":"75201"},"geometry":{"type":"LineString","coordinates":[[-96.8068137,32.7758581],[-96.806736,32.7758905],[-96.806617,32.7759255],[-96.8062182,32.7760049],[-96.8060985,32.7760307],[-96.8059897,32.7760527],[-96.8054439,32.7761708],[-96.8053274,32.7761953]]}},{"type":"Feature","properties":{"osm_id":599487827,"foot":"use_sidepath","highway":"secondary","lanes":"3","name":"Wood Street","oneway":"yes","sidewalk:both":"separate","surface":"paving_stones","tiger:cfcc":"A41","tiger:county":"Dallas, TX","tiger:name_base":"Poydras:Wood","tiger:name_direction_prefix":"S","tiger:name_type":"St","tiger:reviewed":"no","tiger:zip_left":"75202","tiger:zip_right":"75202"},"geometry":{"type":"LineString","coordinates":[[-96.8022514,32.7768426],[-96.8023576,32.7768758],[-96.8024674,32.7769119],[-96.8025701,32.7769525],[-96.8026768,32.7770075]]}},{"type":"Feature","properties":{"osm_id":599487828,"foot":"use_sidepath","highway":"secondary","lanes":"3","name":"South Griffin Street","oneway":"yes","sidewalk":"separate","source:name":"Dallas City Atlas Map Viewer (http://gis.dallascityhall.com/website/DallasCityAtlas/viewer.htm)","surface":"asphalt","tiger:cfcc":"A41","tiger:county":"Dallas, TX","tiger:name_base":"Griffin","tiger:name_direction_prefix":"S","tiger:name_direction_suffix":"W","tiger:name_type":"St","tiger:reviewed":"no","tiger:zip_left":"75202","tiger:zip_right":"75202"},"geometry":{"type":"LineString","coordinates":[[-96.802903,32.77908],[-96.8028808,32.7789928],[-96.802728,32.7784481],[-96.8027037,32.7783734],[-96.8026827,32.7783115],[-96.8025766,32.7779148]]}},{"type":"Feature","properties":{"osm_id":599487831,"highway":"tertiary","lanes":"3","name":"San Jacinto Street","oneway":"yes","sidewalk":"separate","surface":"asphalt","tiger:cfcc":"A41","tiger:county":"Dallas, TX","tiger:name_base":"San Jacinto","tiger:name_type":"St","tiger:reviewed":"no","tiger:zip_left":"75201","tiger:zip_right":"75201"},"geometry":{"type":"LineString","coordinates":[[-96.8040087,32.7819655],[-96.8039082,32.7820495]]}},{"type":"Feature","properties":{"osm_id":599487835,"highway":"tertiary","name":"San Jacinto Street","oneway":"yes","sidewalk":"separate","tiger:cfcc":"A41","tiger:county":"Dallas, TX","tiger:name_base":"San Jacinto","tiger:name_type":"St","tiger:reviewed":"no","tiger:zip_left":"75201","tiger:zip_right":"75201"},"geometry":{"type":"LineString","coordinates":[[-96.804777,32.7813533],[-96.8046661,32.7814324],[-96.804581,32.7815015]]}},{"type":"Feature","properties":{"osm_id":599487839,"foot":"use_sidepath","highway":"secondary","lanes":"4","name":"Commerce Street","old_ref":"US 80;SH 183","oneway":"yes","sidewalk":"separate","surface":"asphalt","tiger:cfcc":"A41","tiger:county":"Dallas, TX","tiger:name_base":"Commerce","tiger:name_type":"St","tiger:reviewed":"no","tiger:zip_left":"75226","tiger:zip_right":"75226"},"geometry":{"type":"LineString","coordinates":[[-96.8040734,32.7788307],[-96.8039718,32.7788539],[-96.803243,32.779007],[-96.8029835,32.7790626],[-96.802903,32.77908]]}},{"type":"Feature","properties":{"osm_id":599487854,"bicycle":"designated","cycleway":"shared_lane","foot":"use_sidepath","hgv":"designated","highway":"secondary","lanes":"5","lanes:backward":"2","lanes:forward":"3","name":"North Lamar Street","old_ref":"Loop 354 (old US 77)","sidewalk":"separate","source:hgv":"Dallas City Code section 28-71","tiger:cfcc":"A41","tiger:county":"Dallas, TX","tiger:name_base":"Lamar","tiger:name_direction_prefix":"N","tiger:name_type":"St","tiger:reviewed":"no","turn:lanes:forward":"left||"},"geometry":{"type":"LineString","coordinates":[[-96.8048669,32.7815171],[-96.8048159,32.781433],[-96.8047959,32.7813941],[-96.804777,32.7813533]]}},{"type":"Feature","properties":{"osm_id":599487855,"bicycle":"designated","cycleway":"shared_lane","foot":"use_sidepath","hgv":"designated","highway":"secondary","lanes":"4","name":"North Lamar Street","old_ref":"Loop 354 (old US 77)","shoulder":"no","sidewalk":"separate","source:hgv":"Dallas City Code section 28-71","surface":"asphalt","tiger:cfcc":"A41","tiger:county":"Dallas, TX","tiger:name_base":"Lamar","tiger:name_direction_prefix":"N","tiger:name_type":"St","tiger:reviewed":"no"},"geometry":{"type":"LineString","coordinates":[[-96.8042961,32.7795754],[-96.8043236,32.7796685],[-96.8044658,32.7801388],[-96.8044971,32.7802438],[-96.804519,32.7803326]]}},{"type":"Feature","properties":{"osm_id":599487856,"foot":"use_sidepath","highway":"secondary","lanes":"3","name":"Elm Street","old_ref":"US 80","oneway":"yes","sidewalk:both":"separate","surface":"asphalt","tiger:cfcc":"A41","tiger:county":"Dallas, TX","tiger:name_base":"Elm","tiger:name_type":"St","tiger:reviewed":"no","tiger:zip_left":"75226","tiger:zip_right":"75226"},"geometry":{"type":"LineString","coordinates":[[-96.7973377,32.7818359],[-96.7974299,32.781818],[-96.798175,32.7816625],[-96.7984873,32.7815979],[-96.798581,32.7815785],[-96.7996844,32.781348],[-96.7997581,32.7813324],[-96.7998329,32.7813152],[-96.8003669,32.7812021],[-96.8004652,32.7811812],[-96.8007061,32.7811305],[-96.8011158,32.7810432],[-96.8012138,32.7810215]]}},{"type":"Feature","properties":{"osm_id":599487857,"highway":"secondary","lanes":"3","name":"North Ervay Street","oneway":"yes","sidewalk":"separate","surface":"asphalt","tiger:cfcc":"A41","tiger:county":"Dallas, TX","tiger:name_base":"Ervay","tiger:name_direction_prefix":"N","tiger:name_type":"St","tiger:reviewed":"no","tiger:zip_left":"75201","tiger:zip_right":"75201"},"geometry":{"type":"LineString","coordinates":[[-96.7972286,32.7814494],[-96.7973136,32.7817504],[-96.7973377,32.7818359]]}},{"type":"Feature","properties":{"osm_id":599487858,"highway":"tertiary","lanes":"3","name":"South Saint Paul Street","oneway":"yes","sidewalk":"separate","surface":"asphalt","tiger:cfcc":"A41","tiger:county":"Dallas, TX","tiger:name_base":"St Paul","tiger:name_direction_prefix":"S","tiger:name_type":"St","tiger:zip_left":"75201","tiger:zip_right":"75201"},"geometry":{"type":"LineString","coordinates":[[-96.7956985,32.7813951],[-96.7956735,32.7813224],[-96.7954947,32.7807325],[-96.7954702,32.7806483]]}},{"type":"Feature","properties":{"osm_id":599521030,"bicycle":"designated","cycleway":"shared_lane","foot":"use_sidepath","hgv":"designated","highway":"secondary","lanes":"4","name":"North Lamar Street","old_ref":"Loop 354 (old US 77)","shoulder":"no","sidewalk":"separate","source:hgv":"Dallas City Code section 28-71","surface":"asphalt","tiger:cfcc":"A41","tiger:county":"Dallas, TX","tiger:name_base":"Lamar","tiger:name_direction_prefix":"N","tiger:name_type":"St","tiger:reviewed":"no"},"geometry":{"type":"LineString","coordinates":[[-96.8052643,32.7819042],[-96.8052008,32.7818477],[-96.805167,32.7818171],[-96.8050656,32.7817197],[-96.8049157,32.7815762],[-96.8048669,32.7815171]]}},{"type":"Feature","properties":{"osm_id":599521037,"highway":"tertiary","lanes":"3","name":"San Jacinto Street","oneway":"yes","sidewalk":"separate","surface":"asphalt","tiger:cfcc":"A41","tiger:county":"Dallas, TX","tiger:name_base":"San Jacinto","tiger:name_type":"St","tiger:reviewed":"no","tiger:zip_left":"75201","tiger:zip_right":"75201"},"geometry":{"type":"LineString","coordinates":[[-96.8037386,32.7821911],[-96.8036272,32.7822837]]}},{"type":"Feature","properties":{"osm_id":599521045,"foot":"use_sidepath","highway":"secondary","lanes":"3","name":"North Griffin Street","oneway":"yes","sidewalk":"separate","source:name":"Dallas City Atlas Map Viewer (http://gis.dallascityhall.com/website/DallasCityAtlas/viewer.htm)","tiger:cfcc":"A41","tiger:county":"Dallas, TX","tiger:reviewed":"no"},"geometry":{"type":"LineString","coordinates":[[-96.8036272,32.7822837],[-96.8036691,32.7823598],[-96.803765,32.782618],[-96.803783,32.7826788],[-96.8037928,32.7827122]]}},{"type":"Feature","properties":{"osm_id":599521225,"foot":"use_sidepath","hgv":"designated","highway":"secondary","lanes":"3","lit":"yes","name":"Young Street","oneway":"yes","sidewalk:left":"no","sidewalk:right":"separate","source:hgv":"Dallas City Code section 28-71","surface":"asphalt","tiger:cfcc":"A41","tiger:county":"Dallas, TX","tiger:name_base":"Young","tiger:name_type":"St"},"geometry":{"type":"LineString","coordinates":[[-96.8000464,32.7771202],[-96.800142,32.7770989],[-96.800703,32.7769837],[-96.8007879,32.7769679],[-96.8010956,32.776919],[-96.8013284,32.7768902]]}},{"type":"Feature","properties":{"osm_id":599521231,"foot":"use_sidepath","hgv":"designated","highway":"secondary","lanes":"4","lit":"yes","name":"Young Street","oneway":"yes","sidewalk:both":"separate","source:hgv":"Dallas City Code section 28-71","surface":"asphalt","tiger:cfcc":"A41","tiger:county":"Dallas, TX","tiger:name_base":"Young","tiger:name_type":"St","tiger:reviewed":"no","tiger:zip_left":"75201","tiger:zip_right":"75201","turn:lanes":"left|||"},"geometry":{"type":"LineString","coordinates":[[-96.803408,32.776597],[-96.8032779,32.7766216],[-96.8031368,32.7766482],[-96.8029752,32.7766708],[-96.8028226,32.7766895],[-96.802546,32.776715],[-96.8023512,32.776722],[-96.8022276,32.7767253]]}},{"type":"Feature","properties":{"osm_id":599521239,"foot":"use_sidepath","highway":"secondary","lanes":"4","name":"South Griffin Street","oneway":"yes","sidewalk":"separate","source:name":"Dallas City Atlas Map Viewer (http://gis.dallascityhall.com/website/DallasCityAtlas/viewer.htm)","surface":"asphalt","tiger:cfcc":"A41","tiger:county":"Dallas, TX","tiger:name_base":"Griffin","tiger:name_direction_prefix":"S","tiger:name_direction_suffix":"W","tiger:name_type":"St","tiger:reviewed":"no","tiger:zip_left":"75202","tiger:zip_right":"75202","turn:lanes":"left|||"},"geometry":{"type":"LineString","coordinates":[[-96.8023652,32.7772226],[-96.8022703,32.7769154],[-96.8022514,32.7768426]]}},{"type":"Feature","properties":{"osm_id":599521296,"cycleway:right":"lane","cycleway:right:buffer":"yes","foot":"use_sidepath","highway":"secondary","lanes":"2","name":"South Akard Street","oneway":"yes","sidewalk:left":"no","sidewalk:right":"separate","surface":"asphalt","tiger:cfcc":"A41","tiger:county":"Dallas, TX","tiger:name_base":"Akard","tiger:name_direction_prefix":"S","tiger:name_type":"St"},"geometry":{"type":"LineString","coordinates":[[-96.7986592,32.7771864],[-96.7983958,32.7763559]]}},{"type":"Feature","properties":{"osm_id":599521303,"cycleway:right":"lane","cycleway:right:buffer":"yes","foot":"use_sidepath","highway":"secondary","lanes":"1","name":"South Akard Street","oneway":"yes","sidewalk:left":"no","sidewalk:right":"separate","surface":"asphalt","turn:lanes":"right"},"geometry":{"type":"LineString","coordinates":[[-96.7982276,32.7763959],[-96.7984862,32.7771829],[-96.798489,32.7772204]]}},{"type":"Feature","properties":{"osm_id":599521315,"foot":"use_sidepath","hgv":"designated","highway":"secondary","lanes":"3","name":"Young Street","oneway":"yes","sidewalk:left":"no","sidewalk:right":"separate","source:hgv":"Dallas City Code section 28-71","surface":"asphalt","tiger:cfcc":"A41","tiger:county":"Dallas, TX","tiger:name_base":"Young","tiger:name_type":"St","tiger:reviewed":"no","tiger:zip_left":"75201","tiger:zip_right":"75201"},"geometry":{"type":"LineString","coordinates":[[-96.7986803,32.7772531],[-96.7985943,32.7772724],[-96.7984809,32.7772977],[-96.7975973,32.7774956],[-96.7970585,32.7776162]]}},{"type":"Feature","properties":{"osm_id":599521644,"foot":"use_sidepath","hgv":"designated","highway":"secondary","lanes":"5","name":"Commerce Street","old_ref":"Loop 354 (old US 67;US 77;US 80;SH 183)","oneway":"yes","sidewalk":"separate","source:hgv":"Dallas City Code section 28-71","tiger:cfcc":"A41","tiger:county":"Dallas, TX","tiger:name_base":"Commerce","tiger:name_type":"St","tiger:reviewed":"no","tiger:zip_left":"75226","tiger:zip_right":"75226"},"geometry":{"type":"LineString","coordinates":[[-96.8058458,32.7784605],[-96.8057433,32.7784811],[-96.8054965,32.7785312],[-96.8053642,32.7785609],[-96.8050687,32.7786186],[-96.8049577,32.7786423],[-96.8048646,32.7786618],[-96.8043694,32.7787676],[-96.8041999,32.7788038],[-96.8040734,32.7788307]]}},{"type":"Feature","properties":{"osm_id":599564469,"foot":"use_sidepath","highway":"secondary","lanes":"5","name":"Elm Street","old_ref":"US 80","oneway":"yes","sidewalk":"separate","surface":"asphalt","tiger:cfcc":"A41","tiger:county":"Dallas, TX","tiger:name_base":"Elm","tiger:name_type":"St","tiger:reviewed":"no","tiger:zip_left":"75226","tiger:zip_right":"75226"},"geometry":{"type":"LineString","coordinates":[[-96.8032183,32.7806026],[-96.8032909,32.780587],[-96.8037683,32.7804877],[-96.8043655,32.7803637],[-96.804519,32.7803326]]}},{"type":"Feature","properties":{"osm_id":599564470,"foot":"use_sidepath","highway":"secondary","lanes":"3","name":"North Griffin Street","oneway":"yes","sidewalk:left":"no","sidewalk:right":"separate","source:name":"Dallas City Atlas Map Viewer (http://gis.dallascityhall.com/website/DallasCityAtlas/viewer.htm)","tiger:cfcc":"A41","tiger:county":"Dallas, TX","tiger:name_base":"Griffin","tiger:name_direction_prefix":"N","tiger:name_type":"St","tiger:reviewed":"no","tiger:zip_left":"75202","tiger:zip_right":"75202"},"geometry":{"type":"LineString","coordinates":[[-96.8032183,32.7806026],[-96.8031857,32.7805124],[-96.8030153,32.7799423],[-96.8029906,32.7798533]]}},{"type":"Feature","properties":{"osm_id":599564524,"foot":"use_sidepath","highway":"secondary","lanes":"3","lit":"yes","name":"Elm Street","old_ref":"US 80","oneway":"yes","sidewalk":"separate","surface":"asphalt","tiger:cfcc":"A41","tiger:county":"Dallas, TX","tiger:name_base":"Elm","tiger:name_type":"St","tiger:reviewed":"no","tiger:zip_left":"75226","tiger:zip_right":"75226"},"geometry":{"type":"LineString","coordinates":[[-96.7943661,32.7824559],[-96.7944651,32.7824356],[-96.7958219,32.7821477],[-96.7959212,32.7821299]]}},{"type":"Feature","properties":{"osm_id":599564605,"foot":"use_sidepath","highway":"tertiary","lanes":"2","name":"North Saint Paul Street","oneway":"yes","sidewalk":"separate","surface":"asphalt","tiger:cfcc":"A41","tiger:county":"Dallas, TX","tiger:name_base":"St Paul","tiger:name_direction_prefix":"N","tiger:name_type":"St","tiger:zip_left":"75201","tiger:zip_right":"75201"},"geometry":{"type":"LineString","coordinates":[[-96.7959212,32.7821299],[-96.7958962,32.7820462],[-96.7957271,32.7814818],[-96.7956985,32.7813951]]}},{"type":"Feature","properties":{"osm_id":599564606,"foot":"use_sidepath","highway":"secondary","lanes":"3","name":"Elm Street","old_ref":"US 80","oneway":"yes","sidewalk":"separate","surface":"asphalt","tiger:cfcc":"A41","tiger:county":"Dallas, TX","tiger:name_base":"Elm","tiger:name_type":"St","tiger:reviewed":"no","tiger:zip_left":"75226","tiger:zip_right":"75226"},"geometry":{"type":"LineString","coordinates":[[-96.7959212,32.7821299],[-96.7960239,32.7821099],[-96.7962748,32.7820577],[-96.7969412,32.7819203]]}},{"type":"Feature","properties":{"osm_id":599937571,"foot":"use_sidepath","highway":"secondary","lanes":"4","name":"Commerce Street","old_ref":"US 80;SH 183","oneway":"yes","sidewalk":"separate","surface":"asphalt","tiger:cfcc":"A41","tiger:county":"Dallas, TX","tiger:name_base":"Commerce","tiger:name_type":"St","tiger:reviewed":"no","tiger:zip_left":"75226","tiger:zip_right":"75226"},"geometry":{"type":"LineString","coordinates":[[-96.7968916,32.7803427],[-96.7968196,32.7803578],[-96.7961875,32.7804903],[-96.796115,32.7805047]]}},{"type":"Feature","properties":{"osm_id":599937572,"highway":"secondary","lanes":"3","name":"South Ervay Street","oneway":"yes","sidewalk":"separate","surface":"asphalt","tiger:cfcc":"A41","tiger:county":"Dallas, TX","tiger:name_base":"Ervay","tiger:name_direction_prefix":"S","tiger:name_type":"St","tiger:reviewed":"no","tiger:zip_left":"75215","tiger:zip_right":"75215"},"geometry":{"type":"LineString","coordinates":[[-96.7968916,32.7803427],[-96.7969209,32.780447],[-96.7970926,32.781008],[-96.7971161,32.7810847]]}},{"type":"Feature","properties":{"osm_id":599964618,"bicycle":"designated","cycleway":"shared_lane","foot":"use_sidepath","highway":"secondary","lanes":"4","maxspeed":"30 mph","name":"Main Street","oneway":"no","sidewalk":"separate","surface":"asphalt","tiger:cfcc":"A41","tiger:county":"Dallas, TX","tiger:name_base":"Main","tiger:name_type":"St","tiger:reviewed":"no","tiger:zip_left":"75226","tiger:zip_right":"75226"},"geometry":{"type":"LineString","coordinates":[[-96.8032751,32.7797903],[-96.8036369,32.7797141],[-96.8040734,32.7796223],[-96.8042042,32.7795947],[-96.8042961,32.7795754]]}},{"type":"Feature","properties":{"osm_id":599989892,"foot":"use_sidepath","highway":"residential","lane_markings":"yes","lanes":"2","name":"Wood Street","sidewalk":"separate","surface":"asphalt","tiger:cfcc":"A41","tiger:county":"Dallas, TX","tiger:name_base":"Wood","tiger:name_type":"St","tiger:reviewed":"no","tiger:zip_left":"75201","tiger:zip_right":"75201"},"geometry":{"type":"LineString","coordinates":[[-96.80234,32.777693],[-96.8022582,32.7777248],[-96.802025,32.7778126],[-96.8018196,32.7778689],[-96.8015508,32.7779247],[-96.8014643,32.7779431],[-96.8004794,32.7781574],[-96.8003899,32.7781754]]}},{"type":"Feature","properties":{"osm_id":599989900,"access":"private","highway":"service","oneway":"yes","surface":"paved"},"geometry":{"type":"LineString","coordinates":[[-96.8032585,32.7774616],[-96.8035375,32.7774022],[-96.8036447,32.7773794]]}},{"type":"Feature","properties":{"osm_id":599989902,"access":"private","highway":"service","oneway":"yes","tunnel":"yes"},"geometry":{"type":"LineString","coordinates":[[-96.8031333,32.7774884],[-96.8032585,32.7774616]]}},{"type":"Feature","properties":{"osm_id":599989904,"foot":"use_sidepath","highway":"residential","name":"Wood Street","oneway":"no","sidewalk":"separate","tiger:cfcc":"A41","tiger:county":"Dallas, TX","tiger:name_base":"Wood","tiger:name_type":"St","tiger:reviewed":"no","tiger:zip_left":"75201","tiger:zip_right":"75201"},"geometry":{"type":"LineString","coordinates":[[-96.8024884,32.7776301],[-96.80234,32.777693]]}},{"type":"Feature","properties":{"osm_id":599989908,"access":"private","highway":"service","maxheight":"13'0\"","surface":"paving_stones","tunnel":"yes"},"geometry":{"type":"LineString","coordinates":[[-96.8028867,32.777517],[-96.8030247,32.777486],[-96.8031333,32.7774884]]}},{"type":"Feature","properties":{"osm_id":599989909,"access":"private","highway":"service","surface":"concrete"},"geometry":{"type":"LineString","coordinates":[[-96.8025815,32.7775874],[-96.8028867,32.777517]]}},{"type":"Feature","properties":{"osm_id":599989911,"highway":"service"},"geometry":{"type":"LineString","coordinates":[[-96.7987452,32.782301],[-96.7987289,32.7822468],[-96.7986402,32.7819519]]}},{"type":"Feature","properties":{"osm_id":599989913,"highway":"service"},"geometry":{"type":"LineString","coordinates":[[-96.7984873,32.7815979],[-96.7985144,32.78169],[-96.7985774,32.7819038]]}},{"type":"Feature","properties":{"osm_id":599989914,"highway":"service","oneway":"yes"},"geometry":{"type":"LineString","coordinates":[[-96.8037683,32.7804877],[-96.8038275,32.7803867],[-96.8038483,32.7803709],[-96.8038758,32.7803591],[-96.8041263,32.7803061]]}},{"type":"Feature","properties":{"osm_id":599989915,"highway":"service","layer":"-1","oneway":"yes","tunnel":"yes"},"geometry":{"type":"LineString","coordinates":[[-96.8032532,32.7804875],[-96.8032724,32.7804874]]}},{"type":"Feature","properties":{"osm_id":599989916,"highway":"service","tunnel":"yes"},"geometry":{"type":"LineString","coordinates":[[-96.8041263,32.7803061],[-96.8043586,32.780257]]}},{"type":"Feature","properties":{"osm_id":599989917,"highway":"service","oneway":"yes"},"geometry":{"type":"LineString","coordinates":[[-96.8032724,32.7804874],[-96.8035968,32.7804233],[-96.8036344,32.7804222],[-96.8036619,32.7804306],[-96.8037683,32.7804877]]}},{"type":"Feature","properties":{"osm_id":599989918,"highway":"service","tunnel":"yes"},"geometry":{"type":"LineString","coordinates":[[-96.8041985,32.7797672],[-96.804195,32.7797541]]}},{"type":"Feature","properties":{"osm_id":599989919,"highway":"service","surface":"concrete"},"geometry":{"type":"LineString","coordinates":[[-96.8044658,32.7801388],[-96.8043445,32.7801302],[-96.8043157,32.7801206],[-96.8043016,32.7801099],[-96.8042935,32.7800946],[-96.8041985,32.7797672]]}},{"type":"Feature","properties":{"osm_id":599989929,"highway":"service","layer":"-1","oneway":"yes","tunnel":"yes"},"geometry":{"type":"LineString","coordinates":[[-96.7962226,32.7775884],[-96.7958513,32.7764504]]}},{"type":"Feature","properties":{"osm_id":599989930,"highway":"service","oneway":"yes"},"geometry":{"type":"LineString","coordinates":[[-96.7958513,32.7764504],[-96.7957534,32.7761482]]}},{"type":"Feature","properties":{"osm_id":599989931,"highway":"service","oneway":"yes","tunnel":"yes"},"geometry":{"type":"LineString","coordinates":[[-96.7981741,32.7759249],[-96.7982559,32.7762034]]}},{"type":"Feature","properties":{"osm_id":599989932,"highway":"service","oneway":"yes"},"geometry":{"type":"LineString","coordinates":[[-96.7975952,32.7752938],[-96.797871,32.7754908],[-96.7979865,32.775593],[-96.7980722,32.7757061],[-96.7981218,32.7757885],[-96.7981513,32.7758572],[-96.7981741,32.7759249]]}},{"type":"Feature","properties":{"osm_id":599989933,"highway":"service","oneway":"yes","tunnel":"yes"},"geometry":{"type":"LineString","coordinates":[[-96.7988425,32.7773302],[-96.7989894,32.7772949]]}},{"type":"Feature","properties":{"osm_id":599989934,"highway":"service","oneway":"yes","tunnel":"yes"},"geometry":{"type":"LineString","coordinates":[[-96.7989812,32.7772706],[-96.7988352,32.7773062]]}},{"type":"Feature","properties":{"osm_id":599989935,"highway":"service","oneway":"yes"},"geometry":{"type":"LineString","coordinates":[[-96.7989894,32.7772949],[-96.7994344,32.7771946],[-96.7995425,32.7771744],[-96.7996484,32.7771612],[-96.7998032,32.7771757]]}},{"type":"Feature","properties":{"osm_id":599989936,"highway":"service","oneway":"yes"},"geometry":{"type":"LineString","coordinates":[[-96.7997576,32.7769952],[-96.7995541,32.7771156],[-96.7994495,32.7771562],[-96.7989812,32.7772706]]}},{"type":"Feature","properties":{"osm_id":599989939,"foot":"use_sidepath","highway":"tertiary","name":"North Field Street","surface":"asphalt","tiger:cfcc":"A41","tiger:county":"Dallas, TX","tiger:name_base":"Field","tiger:name_direction_prefix":"N","tiger:name_type":"St","tiger:reviewed":"no"},"geometry":{"type":"LineString","coordinates":[[-96.802014,32.783648],[-96.8020684,32.7836967],[-96.8022348,32.7838457],[-96.8022947,32.7838992],[-96.8025196,32.7840996],[-96.8025682,32.7841428]]}},{"type":"Feature","properties":{"osm_id":599989940,"highway":"tertiary","lanes":"3","name":"San Jacinto Street","oneway":"yes","sidewalk":"separate","tiger:cfcc":"A41","tiger:county":"Dallas, TX","tiger:name_base":"San Jacinto","tiger:name_type":"St","tiger:reviewed":"no","tiger:zip_left":"75201","tiger:zip_right":"75201"},"geometry":{"type":"LineString","coordinates":[[-96.802014,32.783648],[-96.8019345,32.7837118],[-96.8018613,32.7837705],[-96.8017327,32.7838755],[-96.8015984,32.7839815],[-96.8014683,32.7840859],[-96.8012398,32.7842693],[-96.801155,32.7843422],[-96.8008135,32.7846368],[-96.800739,32.7847]]}},{"type":"Feature","properties":{"osm_id":612239140,"highway":"service"},"geometry":{"type":"LineString","coordinates":[[-96.7960843,32.784277],[-96.7961407,32.7842293],[-96.7961683,32.7842061],[-96.7963875,32.7840205],[-96.7964294,32.7839868]]}},{"type":"Feature","properties":{"osm_id":613143286,"foot":"use_sidepath","highway":"tertiary","lanes":"4","name":"North Harwood Street","oneway":"yes","sidewalk:both":"separate","surface":"asphalt","tiger:cfcc":"A41","tiger:county":"Dallas, TX","tiger:name_base":"Harwood","tiger:name_direction_prefix":"N","tiger:name_type":"St","tiger:reviewed":"no","tiger:zip_left":"75201","tiger:zip_right":"75201","turn:lanes":"left|left||"},"geometry":{"type":"LineString","coordinates":[[-96.7952839,32.783648],[-96.7947044,32.7832577],[-96.7946228,32.7831958]]}},{"type":"Feature","properties":{"osm_id":613143290,"foot":"use_sidepath","hgv":"designated","highway":"secondary","lanes":"3","name":"Young Street","oneway":"yes","sidewalk":"separate","source:hgv":"Dallas City Code section 28-71","surface":"asphalt","tiger:cfcc":"A41","tiger:county":"Dallas, TX","tiger:name_base":"Young","tiger:name_type":"St","tiger:reviewed":"no","tiger:zip_left":"75201","tiger:zip_right":"75201"},"geometry":{"type":"LineString","coordinates":[[-96.7970585,32.7776162],[-96.7968352,32.7776758]]}},{"type":"Feature","properties":{"osm_id":613143293,"foot":"use_sidepath","hgv":"designated","highway":"secondary","lanes":"4","name":"Young Street","oneway":"yes","sidewalk":"separate","source:hgv":"Dallas City Code section 28-71","surface":"asphalt","tiger:cfcc":"A41","tiger:county":"Dallas, TX","tiger:name_base":"Young","tiger:name_type":"St","tiger:reviewed":"no","tiger:zip_left":"75201","tiger:zip_right":"75201"},"geometry":{"type":"LineString","coordinates":[[-96.8004862,32.7768641],[-96.8000916,32.7769355],[-96.7999839,32.776955]]}},{"type":"Feature","properties":{"osm_id":613175090,"highway":"service"},"geometry":{"type":"LineString","coordinates":[[-96.7977489,32.780161],[-96.7977841,32.7802638],[-96.797794,32.7802926]]}},{"type":"Feature","properties":{"osm_id":613944028,"crossing":"traffic_signals","crossing:markings":"surface","crossing:signals":"yes","footway":"crossing","highway":"footway","lit":"yes","surface":"paving_stones"},"geometry":{"type":"LineString","coordinates":[[-96.8035126,32.7765032],[-96.8033883,32.7765287],[-96.8032577,32.7765555]]}},{"type":"Feature","properties":{"osm_id":613944030,"highway":"service","oneway":"yes","service":"parking_aisle","surface":"asphalt"},"geometry":{"type":"LineString","coordinates":[[-96.8021166,32.7753699],[-96.802794,32.7752243]]}},{"type":"Feature","properties":{"osm_id":613944032,"highway":"service","oneway":"yes","service":"parking_aisle","surface":"asphalt"},"geometry":{"type":"LineString","coordinates":[[-96.802766,32.7751322],[-96.8020886,32.7752779]]}},{"type":"Feature","properties":{"osm_id":613944033,"highway":"service","service":"parking_aisle","surface":"asphalt"},"geometry":{"type":"LineString","coordinates":[[-96.8020012,32.7749907],[-96.8020448,32.775134],[-96.8020886,32.7752779],[-96.8021166,32.7753699]]}},{"type":"Feature","properties":{"osm_id":613944039,"footway":"sidewalk","highway":"footway","surface":"concrete"},"geometry":{"type":"LineString","coordinates":[[-96.8032577,32.7765555],[-96.8029862,32.7755242],[-96.8027792,32.7748233],[-96.8027305,32.7746583],[-96.8027184,32.7746392],[-96.8026981,32.7746305],[-96.8026886,32.774627],[-96.8026781,32.7746273]]}},{"type":"Feature","properties":{"osm_id":613944040,"crossing":"traffic_signals","crossing:markings":"surface","crossing:signals":"yes","footway":"crossing","highway":"footway","lit":"yes","surface":"paving_stones"},"geometry":{"type":"LineString","coordinates":[[-96.8035416,32.7766602],[-96.8034337,32.776683],[-96.8033051,32.7767108]]}},{"type":"Feature","properties":{"osm_id":613944042,"crossing":"traffic_signals","crossing:markings":"surface","crossing:signals":"yes","footway":"crossing","highway":"footway","lit":"yes","surface":"paving_stones"},"geometry":{"type":"LineString","coordinates":[[-96.8035524,32.7766356],[-96.8035327,32.7765699],[-96.8035126,32.7765032]]}},{"type":"Feature","properties":{"osm_id":613944043,"footway":"sidewalk","highway":"footway","surface":"concrete"},"geometry":{"type":"LineString","coordinates":[[-96.8035126,32.7765032],[-96.8032951,32.77578],[-96.8030664,32.7750192],[-96.8030518,32.7749707],[-96.8030226,32.7748705],[-96.8029333,32.7745765]]}},{"type":"Feature","properties":{"osm_id":613944045,"crossing":"traffic_signals","crossing:markings":"lines;surface","crossing:signals":"yes","footway":"crossing","highway":"footway","surface":"paving_stones"},"geometry":{"type":"LineString","coordinates":[[-96.8052589,32.7762699],[-96.8052421,32.7762134],[-96.8052167,32.7761282]]}},{"type":"Feature","properties":{"osm_id":613944047,"footway":"sidewalk","highway":"footway","surface":"concrete"},"geometry":{"type":"LineString","coordinates":[[-96.804702,32.7764162],[-96.8044192,32.7764756],[-96.8035586,32.7766562],[-96.8035529,32.7766578]]}},{"type":"Feature","properties":{"osm_id":613944048,"footway":"sidewalk","highway":"footway","surface":"concrete"},"geometry":{"type":"LineString","coordinates":[[-96.8053336,32.7769036],[-96.8053389,32.7768766],[-96.8053073,32.7766336],[-96.8052966,32.7765517],[-96.8052664,32.7762951]]}},{"type":"Feature","properties":{"osm_id":613944049,"footway":"sidewalk","highway":"footway","surface":"concrete"},"geometry":{"type":"LineString","coordinates":[[-96.8035529,32.7766578],[-96.8037296,32.7772261]]}},{"type":"Feature","properties":{"osm_id":613944052,"footway":"sidewalk","highway":"footway","surface":"concrete"},"geometry":{"type":"LineString","coordinates":[[-96.8037296,32.7772261],[-96.8038101,32.7772188],[-96.8039261,32.7771991],[-96.8043906,32.7771015],[-96.8044548,32.7770649]]}},{"type":"Feature","properties":{"osm_id":613944053,"crossing":"traffic_signals","crossing:markings":"lines;surface","crossing:signals":"yes","footway":"crossing","highway":"footway","surface":"paving_stones"},"geometry":{"type":"LineString","coordinates":[[-96.8053673,32.7760964],[-96.8052978,32.7761111],[-96.8052167,32.7761282]]}},{"type":"Feature","properties":{"osm_id":613944055,"bicycle":"yes","footway":"sidewalk","highway":"footway","lit":"yes","surface":"concrete","width":"3"},"geometry":{"type":"LineString","coordinates":[[-96.8059919,32.775965],[-96.8059635,32.775971],[-96.8054167,32.7760862],[-96.8053997,32.7760897],[-96.8053823,32.7760933]]}},{"type":"Feature","properties":{"osm_id":613944057,"bicycle":"yes","crossing":"traffic_signals","crossing:markings":"surface","crossing:signals":"yes","footway":"crossing","highway":"footway","lit":"yes","surface":"paving_stones"},"geometry":{"type":"LineString","coordinates":[[-96.8061724,32.775927],[-96.8060724,32.775948],[-96.8059919,32.775965]]}},{"type":"Feature","properties":{"osm_id":613944060,"covered":"yes","highway":"service","oneway":"yes","service":"driveway"},"geometry":{"type":"LineString","coordinates":[[-96.8042898,32.7758993],[-96.8042007,32.7758777],[-96.8040414,32.7758434]]}},{"type":"Feature","properties":{"osm_id":613944062,"highway":"service","oneway":"yes","surface":"concrete"},"geometry":{"type":"LineString","coordinates":[[-96.8038702,32.7761641],[-96.8043056,32.7762294],[-96.8043436,32.7762309],[-96.8043807,32.776224],[-96.8044144,32.7762093],[-96.8044424,32.7761876],[-96.8045245,32.776048]]}},{"type":"Feature","properties":{"osm_id":613944064,"highway":"service","layer":"-1","oneway":"yes","tunnel":"yes"},"geometry":{"type":"LineString","coordinates":[[-96.8032368,32.7749845],[-96.8036217,32.7761267],[-96.8038702,32.7761641]]}},{"type":"Feature","properties":{"osm_id":613944067,"footway":"sidewalk","highway":"footway","surface":"paving_stones"},"geometry":{"type":"LineString","coordinates":[[-96.8052167,32.7761282],[-96.8050714,32.77616],[-96.804882,32.7762015],[-96.8046984,32.776243],[-96.8035126,32.7765032]]}},{"type":"Feature","properties":{"osm_id":613944077,"highway":"service"},"geometry":{"type":"LineString","coordinates":[[-96.8056031,32.7751329],[-96.8054892,32.7747683]]}},{"type":"Feature","properties":{"osm_id":614281296,"footway":"sidewalk","highway":"footway"},"geometry":{"type":"LineString","coordinates":[[-96.7957105,32.7755709],[-96.7958815,32.7760901]]}},{"type":"Feature","properties":{"osm_id":614281298,"crossing":"unmarked","crossing:markings":"no","footway":"crossing","highway":"footway","surface":"asphalt"},"geometry":{"type":"LineString","coordinates":[[-96.7960996,32.7767811],[-96.7960495,32.7767941],[-96.7960063,32.77682]]}},{"type":"Feature","properties":{"osm_id":614281301,"bicycle":"yes","footway":"sidewalk","highway":"footway","surface":"concrete","width":"2.6"},"geometry":{"type":"LineString","coordinates":[[-96.7959631,32.7768559],[-96.7959647,32.7768512],[-96.7958741,32.7767148],[-96.7958017,32.7766296],[-96.7954469,32.7763139],[-96.7953508,32.7762223],[-96.7951508,32.7760592],[-96.7951461,32.7760473],[-96.7951354,32.7760382]]}},{"type":"Feature","properties":{"osm_id":614281302,"crossing":"uncontrolled","crossing:island":"no","crossing:markings":"ladder","crossing:signals":"no","footway":"crossing","highway":"footway","surface":"asphalt"},"geometry":{"type":"LineString","coordinates":[[-96.7984516,32.7762361],[-96.7983658,32.7762572],[-96.7981991,32.7763024],[-96.7981407,32.776319]]}},{"type":"Feature","properties":{"osm_id":614281303,"footway":"sidewalk","highway":"footway"},"geometry":{"type":"LineString","coordinates":[[-96.7987474,32.777166],[-96.7987245,32.7770758],[-96.7985113,32.7764088]]}},{"type":"Feature","properties":{"osm_id":614281304,"footway":"sidewalk","highway":"footway","lit":"yes","surface":"concrete"},"geometry":{"type":"LineString","coordinates":[[-96.8018784,32.7766824],[-96.8008617,32.7767582],[-96.8006694,32.7767752],[-96.8004787,32.7767893],[-96.8004147,32.7767929],[-96.8003038,32.7767796],[-96.8002001,32.7767503],[-96.8001335,32.7767264],[-96.7999879,32.7766646],[-96.7999281,32.7766332],[-96.799534,32.7764261],[-96.7993489,32.7763398],[-96.7992139,32.7762976],[-96.7990552,32.7762564],[-96.7989479,32.7762322],[-96.7988346,32.7762141],[-96.7986998,32.7762096],[-96.7985607,32.7762168],[-96.7984516,32.7762361],[-96.7984322,32.7761385],[-96.7982217,32.7754693],[-96.7981358,32.7753401]]}},{"type":"Feature","properties":{"osm_id":614281305,"highway":"service","oneway":"yes"},"geometry":{"type":"LineString","coordinates":[[-96.7981261,32.7756276],[-96.7980791,32.7753885],[-96.7979497,32.7752755],[-96.7978219,32.7751613],[-96.797701,32.7750567],[-96.797355,32.7747573],[-96.7971159,32.7745447],[-96.7970969,32.7745029],[-96.7970872,32.7744631],[-96.7970848,32.7743924],[-96.7970998,32.7742877]]}},{"type":"Feature","properties":{"osm_id":614281306,"crossing":"uncontrolled","crossing:markings":"ladder","footway":"crossing","highway":"footway"},"geometry":{"type":"LineString","coordinates":[[-96.7960814,32.7752424],[-96.79602,32.7751918],[-96.7959755,32.7751552]]}},{"type":"Feature","properties":{"osm_id":614281307,"crossing":"uncontrolled","crossing:markings":"ladder","footway":"crossing","highway":"footway"},"geometry":{"type":"LineString","coordinates":[[-96.7958824,32.776106],[-96.7958858,32.7761444],[-96.7959061,32.7761878]]}},{"type":"Feature","properties":{"osm_id":614281308,"crossing":"unmarked","crossing:markings":"no","footway":"crossing","highway":"footway"},"geometry":{"type":"LineString","coordinates":[[-96.7979088,32.7757269],[-96.7978807,32.7756836],[-96.7978385,32.7756176]]}},{"type":"Feature","properties":{"osm_id":614281309,"crossing":"uncontrolled","crossing:island":"no","crossing:markings":"ladder","crossing:signals":"no","footway":"crossing","highway":"footway","surface":"asphalt"},"geometry":{"type":"LineString","coordinates":[[-96.7985113,32.7764088],[-96.7984845,32.776337],[-96.7984516,32.7762361]]}},{"type":"Feature","properties":{"osm_id":614281310,"footway":"sidewalk","highway":"footway"},"geometry":{"type":"LineString","coordinates":[[-96.7984357,32.777232],[-96.7984219,32.7772475],[-96.7984055,32.7772574],[-96.7983861,32.7772621],[-96.7976155,32.7774277],[-96.7964466,32.7776969],[-96.7964299,32.7776971],[-96.796413,32.777693]]}},{"type":"Feature","properties":{"osm_id":614281311,"highway":"service","service":"parking_aisle"},"geometry":{"type":"LineString","coordinates":[[-96.7963475,32.7747071],[-96.7959888,32.7749925],[-96.7959391,32.7750321]]}},{"type":"Feature","properties":{"osm_id":614281321,"footway":"sidewalk","highway":"footway"},"geometry":{"type":"LineString","coordinates":[[-96.7959698,32.7751314],[-96.7959583,32.775141],[-96.7954251,32.7755863],[-96.7950151,32.7759203]]}},{"type":"Feature","properties":{"osm_id":614281322,"footway":"sidewalk","highway":"footway"},"geometry":{"type":"LineString","coordinates":[[-96.7968253,32.7746642],[-96.7968185,32.7746702],[-96.7968046,32.7746686],[-96.7967774,32.7746716],[-96.7960933,32.7752522],[-96.7957105,32.7755709],[-96.795653,32.7756188],[-96.7951461,32.7760473]]}},{"type":"Feature","properties":{"osm_id":614281323,"footway":"sidewalk","highway":"footway"},"geometry":{"type":"LineString","coordinates":[[-96.7974885,32.775734],[-96.7975023,32.7757314],[-96.7977932,32.7756644],[-96.7978153,32.775646],[-96.7978231,32.7756268],[-96.7978231,32.7756064],[-96.7978153,32.7755872],[-96.7975397,32.7753081],[-96.7968437,32.7746829],[-96.7968185,32.7746702]]}},{"type":"Feature","properties":{"osm_id":614283057,"footway":"sidewalk","highway":"footway"},"geometry":{"type":"LineString","coordinates":[[-96.7981913,32.7764719],[-96.7984378,32.7772003],[-96.7984391,32.7772173],[-96.7984357,32.777232]]}},{"type":"Feature","properties":{"osm_id":614283058,"footway":"sidewalk","highway":"footway"},"geometry":{"type":"LineString","coordinates":[[-96.7959207,32.776196],[-96.7974107,32.7758491],[-96.797911,32.7757383]]}},{"type":"Feature","properties":{"osm_id":614283059,"footway":"sidewalk","highway":"footway"},"geometry":{"type":"LineString","coordinates":[[-96.796413,32.777693],[-96.7963994,32.7776766],[-96.7963974,32.7776573],[-96.796172,32.7769545],[-96.796145,32.7768693],[-96.7961133,32.7767775],[-96.7960929,32.7767465],[-96.795921,32.776216],[-96.7959207,32.776196]]}},{"type":"Feature","properties":{"osm_id":614287090,"highway":"footway"},"geometry":{"type":"LineString","coordinates":[[-96.7976155,32.7774277],[-96.7970927,32.7771729]]}},{"type":"Feature","properties":{"osm_id":614287092,"highway":"footway"},"geometry":{"type":"LineString","coordinates":[[-96.7967542,32.7772387],[-96.7964394,32.7776341],[-96.796413,32.777693]]}},{"type":"Feature","properties":{"osm_id":614287093,"bicycle":"yes","crossing":"uncontrolled","crossing:markings":"surface","footway":"crossing","highway":"footway"},"geometry":{"type":"LineString","coordinates":[[-96.7985364,32.7772119],[-96.798489,32.7772204],[-96.798451,32.7772287]]}},{"type":"Feature","properties":{"osm_id":614287094,"crossing":"traffic_signals","crossing:markings":"surface","crossing:signals":"yes","footway":"crossing","highway":"footway"},"geometry":{"type":"LineString","coordinates":[[-96.7985989,32.7771982],[-96.7986592,32.7771864],[-96.7987474,32.777166]]}},{"type":"Feature","properties":{"osm_id":614287095,"bicycle":"yes","crossing":"traffic_signals","crossing:markings":"surface","crossing:signals":"yes","footway":"crossing","highway":"footway","surface":"paved"},"geometry":{"type":"LineString","coordinates":[[-96.7986695,32.7774965],[-96.7986481,32.7774415],[-96.7985943,32.7772724],[-96.7985793,32.7772281]]}},{"type":"Feature","properties":{"osm_id":614287096,"footway":"sidewalk","highway":"footway","surface":"concrete"},"geometry":{"type":"LineString","coordinates":[[-96.7988493,32.7774763],[-96.7988294,32.777481],[-96.7987977,32.7774877]]}},{"type":"Feature","properties":{"osm_id":614287097,"crossing":"traffic_signals","crossing:markings":"surface","crossing:signals":"yes","footway":"crossing","highway":"footway"},"geometry":{"type":"LineString","coordinates":[[-96.7987474,32.777166],[-96.7987664,32.7772312],[-96.7988251,32.7774055],[-96.7988425,32.7774565]]}},{"type":"Feature","properties":{"osm_id":614287098,"crossing":"traffic_signals","crossing:markings":"surface","footway":"crossing","highway":"footway"},"geometry":{"type":"LineString","coordinates":[[-96.7961789,32.7780835],[-96.7961464,32.7779938],[-96.7961232,32.7779237]]}},{"type":"Feature","properties":{"osm_id":614287099,"crossing":"traffic_signals","crossing:markings":"surface","footway":"crossing","highway":"footway"},"geometry":{"type":"LineString","coordinates":[[-96.7963475,32.7780497],[-96.7962687,32.7780718],[-96.7961789,32.7780835]]}},{"type":"Feature","properties":{"osm_id":614287101,"highway":"service","oneway":"yes"},"geometry":{"type":"LineString","coordinates":[[-96.796319,32.7782042],[-96.7964105,32.7782302],[-96.7964407,32.7782545],[-96.7964608,32.7783137],[-96.7964615,32.7783452],[-96.7964521,32.7783734],[-96.7964127,32.7784697]]}},{"type":"Feature","properties":{"osm_id":614287102,"footway":"sidewalk","highway":"footway"},"geometry":{"type":"LineString","coordinates":[[-96.7963737,32.7780811],[-96.7963807,32.7781012],[-96.7963549,32.7781076],[-96.7963817,32.7781843],[-96.7963954,32.7781973],[-96.7964288,32.7782176],[-96.7964543,32.7782449],[-96.7964776,32.7783125],[-96.7964796,32.7783413],[-96.7964716,32.778361],[-96.7964679,32.778385],[-96.796646,32.7789095],[-96.7966535,32.7789169],[-96.7966657,32.778919],[-96.7966973,32.7789143],[-96.7968359,32.7788842],[-96.7970367,32.7788408],[-96.7975764,32.778724]]}},{"type":"Feature","properties":{"osm_id":614287103,"footway":"sidewalk","highway":"footway"},"geometry":{"type":"LineString","coordinates":[[-96.7966973,32.7789143],[-96.7964153,32.7780713],[-96.7963737,32.7780811],[-96.7963699,32.7780699],[-96.7963677,32.7780538],[-96.7963475,32.7780497]]}},{"type":"Feature","properties":{"osm_id":614287105,"footway":"sidewalk","highway":"footway","surface":"concrete"},"geometry":{"type":"LineString","coordinates":[[-96.7986762,32.7775136],[-96.7979201,32.7776851],[-96.7973843,32.7778074],[-96.7963919,32.7780417],[-96.7963677,32.7780538]]}},{"type":"Feature","properties":{"osm_id":614287106,"footway":"sidewalk","highway":"footway","surface":"paving_stones"},"geometry":{"type":"LineString","coordinates":[[-96.7973843,32.7778074],[-96.7973036,32.7779468]]}},{"type":"Feature","properties":{"osm_id":614287107,"highway":"footway","surface":"paving_stones"},"geometry":{"type":"LineString","coordinates":[[-96.7964153,32.7780713],[-96.7966908,32.7780921],[-96.7967526,32.7780775],[-96.7973036,32.7779468]]}},{"type":"Feature","properties":{"osm_id":614287109,"crossing":"uncontrolled","crossing:markings":"surface","footway":"crossing","highway":"footway","surface":"paving_stones"},"geometry":{"type":"LineString","coordinates":[[-96.7958183,32.7770315],[-96.7959071,32.7770117],[-96.7960027,32.7769864]]}},{"type":"Feature","properties":{"osm_id":614287110,"highway":"service"},"geometry":{"type":"LineString","coordinates":[[-96.7957803,32.7767348],[-96.7956905,32.7767691],[-96.7956488,32.7767831]]}},{"type":"Feature","properties":{"osm_id":614287111,"highway":"service"},"geometry":{"type":"LineString","coordinates":[[-96.7956488,32.7767831],[-96.7955777,32.7766934],[-96.7952755,32.7768881],[-96.7952954,32.7769446]]}},{"type":"Feature","properties":{"osm_id":614287112,"footway":"sidewalk","highway":"footway"},"geometry":{"type":"LineString","coordinates":[[-96.7957899,32.7770231],[-96.7954823,32.7770943],[-96.7947173,32.7772715],[-96.7946919,32.7772774]]}},{"type":"Feature","properties":{"osm_id":614287114,"crossing":"traffic_signals","crossing:markings":"surface","crossing:signals":"yes","footway":"crossing","highway":"footway","lit":"yes","smoothness":"good","surface":"paving_stones"},"geometry":{"type":"LineString","coordinates":[[-96.7951354,32.7760382],[-96.7950745,32.7760948],[-96.7950237,32.7761487]]}},{"type":"Feature","properties":{"osm_id":614287117,"crossing":"traffic_signals","crossing:markings":"surface","crossing:signals":"yes","footway":"crossing","highway":"footway","lit":"yes","smoothness":"good","surface":"paving_stones"},"geometry":{"type":"LineString","coordinates":[[-96.7950176,32.7759262],[-96.7949457,32.7759865],[-96.7948792,32.7760423]]}},{"type":"Feature","properties":{"osm_id":614287118,"crossing":"traffic_signals","crossing:markings":"surface","crossing:signals":"yes","footway":"crossing","highway":"footway","lit":"yes","smoothness":"intermediate","surface":"paving_stones"},"geometry":{"type":"LineString","coordinates":[[-96.7950176,32.7759262],[-96.7950829,32.7759863],[-96.7951354,32.7760382]]}},{"type":"Feature","properties":{"osm_id":614287119,"bicycle":"yes","footway":"sidewalk","highway":"footway","width":"2.6"},"geometry":{"type":"LineString","coordinates":[[-96.795757,32.7769238],[-96.7957469,32.7769165],[-96.7957192,32.7768157],[-96.7956905,32.7767691],[-96.7956639,32.7767261],[-96.795622,32.7766652],[-96.7955119,32.77657],[-96.7954487,32.7765428],[-96.7950477,32.7761998],[-96.7950366,32.7761741],[-96.7950108,32.7761589]]}},{"type":"Feature","properties":{"osm_id":614287120,"crossing":"uncontrolled","crossing:markings":"surface","footway":"crossing","highway":"footway","surface":"paving_stones"},"geometry":{"type":"LineString","coordinates":[[-96.7959631,32.7768559],[-96.7958628,32.7768877],[-96.795757,32.7769238]]}},{"type":"Feature","properties":{"osm_id":614287121,"crossing":"traffic_signals","crossing:markings":"surface","footway":"crossing","highway":"footway"},"geometry":{"type":"LineString","coordinates":[[-96.7962839,32.7778467],[-96.7962002,32.7778667],[-96.7961312,32.7778933]]}},{"type":"Feature","properties":{"osm_id":614287122,"crossing":"traffic_signals","crossing:markings":"surface","footway":"crossing","highway":"footway"},"geometry":{"type":"LineString","coordinates":[[-96.7962839,32.7778467],[-96.7963213,32.7779168],[-96.7963419,32.7779788],[-96.7963475,32.7780497]]}},{"type":"Feature","properties":{"osm_id":614287123,"footway":"sidewalk","highway":"footway"},"geometry":{"type":"LineString","coordinates":[[-96.7950229,32.7781848],[-96.7960746,32.7779529],[-96.7960938,32.777945],[-96.7961087,32.7779322],[-96.7961175,32.7779159],[-96.7961191,32.777898],[-96.7958089,32.7770339],[-96.7957899,32.7770231]]}},{"type":"Feature","properties":{"osm_id":614287124,"crossing":"uncontrolled","crossing:markings":"lines","footway":"crossing","highway":"footway"},"geometry":{"type":"LineString","coordinates":[[-96.7963996,32.7777107],[-96.7963813,32.7777347],[-96.7963483,32.7777736]]}},{"type":"Feature","properties":{"osm_id":614297342,"crossing":"traffic_signals","crossing:markings":"surface","crossing:signals":"yes","footway":"crossing","highway":"footway","lit":"yes","surface":"paving_stones"},"geometry":{"type":"LineString","coordinates":[[-96.8033051,32.7767108],[-96.8032779,32.7766216],[-96.8032577,32.7765555]]}},{"type":"Feature","properties":{"osm_id":614297343,"crossing":"traffic_signals","crossing:markings":"surface","crossing:signals":"yes","footway":"crossing","highway":"footway","surface":"paving_stones"},"geometry":{"type":"LineString","coordinates":[[-96.801959,32.7766631],[-96.8019703,32.7767332],[-96.8019821,32.7768389],[-96.8019942,32.7769262]]}},{"type":"Feature","properties":{"osm_id":614297344,"crossing":"traffic_signals","crossing:markings":"surface","crossing:signals":"yes","footway":"crossing","highway":"footway","lit":"yes","surface":"paving_stones"},"geometry":{"type":"LineString","coordinates":[[-96.8023646,32.7769395],[-96.8023576,32.7768758],[-96.8023558,32.7768315]]}},{"type":"Feature","properties":{"osm_id":614297345,"crossing":"traffic_signals","crossing:markings":"surface","crossing:signals":"yes","footway":"crossing","highway":"footway","surface":"paving_stones"},"geometry":{"type":"LineString","coordinates":[[-96.8020429,32.7769375],[-96.8021112,32.7769301],[-96.8022703,32.7769154],[-96.8023646,32.7769395]]}},{"type":"Feature","properties":{"osm_id":614297347,"crossing":"traffic_signals","crossing:markings":"surface","crossing:signals":"yes","footway":"crossing","highway":"footway","lit":"yes","surface":"paving_stones"},"geometry":{"type":"LineString","coordinates":[[-96.8023474,32.7766327],[-96.8022109,32.7766434],[-96.8020349,32.7766572],[-96.801959,32.7766631]]}},{"type":"Feature","properties":{"osm_id":614297349,"highway":"footway","lit":"no","surface":"concrete"},"geometry":{"type":"LineString","coordinates":[[-96.7999281,32.7766332],[-96.7996801,32.7761628],[-96.7996084,32.7760737],[-96.7995292,32.7760223]]}},{"type":"Feature","properties":{"osm_id":614297351,"footway":"sidewalk","highway":"footway","lit":"yes","surface":"concrete"},"geometry":{"type":"LineString","coordinates":[[-96.800844,32.7770234],[-96.8008992,32.777013],[-96.8013927,32.7769589],[-96.8014735,32.7769547],[-96.8017376,32.7769402],[-96.8019942,32.7769262],[-96.8020429,32.7769375]]}},{"type":"Feature","properties":{"osm_id":614297352,"footway":"sidewalk","highway":"footway","surface":"concrete"},"geometry":{"type":"LineString","coordinates":[[-96.8022258,32.7776593],[-96.8022353,32.7776445],[-96.8022391,32.7776279],[-96.802237,32.7776112],[-96.8020429,32.7769375]]}},{"type":"Feature","properties":{"osm_id":614297354,"footway":"sidewalk","highway":"footway","lit":"yes","surface":"concrete"},"geometry":{"type":"LineString","coordinates":[[-96.8032577,32.7765555],[-96.8032032,32.7765693],[-96.8030959,32.7765862],[-96.8029853,32.7765986],[-96.8024086,32.776637],[-96.8023777,32.7766385],[-96.8023474,32.7766327],[-96.8023202,32.7766201]]}},{"type":"Feature","properties":{"osm_id":614297355,"footway":"sidewalk","highway":"footway","lit":"yes","surface":"concrete"},"geometry":{"type":"LineString","coordinates":[[-96.8023202,32.7766201],[-96.8022983,32.7766017],[-96.8022832,32.7765789],[-96.8022018,32.7762674],[-96.8020535,32.7757092],[-96.8019714,32.7754011],[-96.801952,32.7753284],[-96.8019553,32.7753042],[-96.8019647,32.7752872],[-96.8019734,32.7752653],[-96.8018985,32.7749766],[-96.8018762,32.7749619],[-96.8018475,32.7748512],[-96.8018471,32.7748434]]}},{"type":"Feature","properties":{"osm_id":614297356,"footway":"sidewalk","highway":"footway","surface":"concrete"},"geometry":{"type":"LineString","coordinates":[[-96.7999895,32.7772063],[-96.7999705,32.777205],[-96.7998675,32.7772249],[-96.7988493,32.7774763]]}},{"type":"Feature","properties":{"osm_id":614297357,"crossing":"traffic_signals","crossing:markings":"no","crossing:signals":"yes","footway":"crossing","highway":"footway","lit":"yes","surface":"concrete"},"geometry":{"type":"LineString","coordinates":[[-96.8014903,32.7749404],[-96.8015066,32.774999],[-96.801532,32.7750903],[-96.8015488,32.7751506]]}},{"type":"Feature","properties":{"osm_id":614297359,"footway":"sidewalk","highway":"footway","lit":"yes","surface":"paving_stones","tunnel":"building_passage"},"geometry":{"type":"LineString","coordinates":[[-96.8014303,32.7749163],[-96.8003325,32.7750435]]}},{"type":"Feature","properties":{"osm_id":614297361,"highway":"footway","lit":"yes","surface":"paved"},"geometry":{"type":"LineString","coordinates":[[-96.7995292,32.7760223],[-96.799338,32.7753559],[-96.7999666,32.7752121],[-96.7999913,32.7752621],[-96.8000127,32.7752901]]}},{"type":"Feature","properties":{"osm_id":614297363,"footway":"sidewalk","highway":"footway","surface":"concrete"},"geometry":{"type":"LineString","coordinates":[[-96.8003325,32.7750435],[-96.8001323,32.7750481],[-96.800085,32.7750583],[-96.8000384,32.7750887],[-96.800007,32.7751326],[-96.7999986,32.7751835],[-96.8000049,32.7752237],[-96.8000255,32.7752584],[-96.800059,32.7752841],[-96.8000999,32.7753001],[-96.800148,32.7753095],[-96.8001858,32.7753085],[-96.8002304,32.7752966],[-96.8002681,32.7752721],[-96.8003026,32.775252],[-96.8003361,32.7752394],[-96.8006761,32.7752412],[-96.800852,32.7752345],[-96.8010044,32.7752204],[-96.8011847,32.7752023],[-96.8014631,32.7751539],[-96.8015012,32.775154],[-96.8015372,32.7751645]]}},{"type":"Feature","properties":{"osm_id":614297365,"footway":"sidewalk","highway":"footway","lit":"yes","surface":"concrete"},"geometry":{"type":"LineString","coordinates":[[-96.8015372,32.7751645],[-96.8015562,32.775177],[-96.8015672,32.7751843],[-96.801588,32.7752111],[-96.8015973,32.7752421],[-96.8016787,32.7755605],[-96.8017568,32.775864],[-96.801939,32.7765981]]}},{"type":"Feature","properties":{"osm_id":614297366,"footway":"sidewalk","highway":"footway","surface":"concrete"},"geometry":{"type":"LineString","coordinates":[[-96.8018977,32.776591],[-96.8018755,32.7765983],[-96.8018586,32.7766124],[-96.8018497,32.776631],[-96.8018504,32.776651],[-96.8018605,32.7766691],[-96.8018784,32.7766824],[-96.801901,32.7766886],[-96.8019239,32.7766869],[-96.8019443,32.7766779],[-96.801959,32.7766631],[-96.8019657,32.7766446],[-96.801964,32.7766266],[-96.8019546,32.7766104],[-96.801939,32.7765981],[-96.8019191,32.7765913],[-96.8018977,32.776591]]}},{"type":"Feature","properties":{"osm_id":614297367,"crossing":"traffic_signals","crossing:markings":"surface","crossing:signals":"yes","footway":"crossing","highway":"footway","lit":"no","surface":"paving_stones"},"geometry":{"type":"LineString","coordinates":[[-96.7998515,32.7768684],[-96.7999349,32.7768502],[-96.8000179,32.7768322]]}},{"type":"Feature","properties":{"osm_id":614297368,"crossing":"marked","crossing:markings":"surface","footway":"crossing","highway":"footway","lit":"no","surface":"paving_stones"},"geometry":{"type":"LineString","coordinates":[[-96.800086,32.7768119],[-96.8001092,32.7767751],[-96.8001261,32.7767412]]}},{"type":"Feature","properties":{"osm_id":614297369,"crossing":"traffic_signals","crossing:markings":"surface","crossing:signals":"yes","footway":"crossing","highway":"footway","lit":"yes","surface":"paving_stones"},"geometry":{"type":"LineString","coordinates":[[-96.8001371,32.7771824],[-96.8000756,32.7771971],[-96.8000222,32.777211]]}},{"type":"Feature","properties":{"osm_id":614297370,"footway":"sidewalk","highway":"footway","lit":"yes","surface":"concrete"},"geometry":{"type":"LineString","coordinates":[[-96.8003852,32.7778465],[-96.8001503,32.7771991],[-96.8001473,32.77718],[-96.8001539,32.7771696]]}},{"type":"Feature","properties":{"osm_id":614297372,"crossing":"traffic_signals","crossing:markings":"surface","crossing:signals":"yes","footway":"crossing","highway":"footway","lit":"yes","surface":"paving_stones"},"geometry":{"type":"LineString","coordinates":[[-96.8000709,32.7768839],[-96.8000916,32.7769355],[-96.800142,32.7770989],[-96.8001584,32.7771468]]}},{"type":"Feature","properties":{"osm_id":614297373,"crossing":"traffic_signals","crossing:island":"yes","crossing:markings":"surface","crossing:signals":"yes","footway":"crossing","highway":"footway","lit":"yes","surface":"paving_stones"},"geometry":{"type":"LineString","coordinates":[[-96.7998645,32.7772145],[-96.7998505,32.7771651],[-96.7998002,32.7769872],[-96.7997933,32.7769564]]}},{"type":"Feature","properties":{"osm_id":614297374,"footway":"sidewalk","highway":"footway","lit":"yes","surface":"concrete"},"geometry":{"type":"LineString","coordinates":[[-96.8003226,32.7781148],[-96.8003249,32.7781028],[-96.8003245,32.7780952],[-96.800323,32.7780813],[-96.8002944,32.7780025],[-96.8000133,32.7772261],[-96.8000058,32.7772153],[-96.7999895,32.7772063]]}},{"type":"Feature","properties":{"osm_id":614297375,"footway":"sidewalk","highway":"footway"},"geometry":{"type":"LineString","coordinates":[[-96.7987474,32.777166],[-96.7987856,32.7771726],[-96.7988165,32.7771675],[-96.7997904,32.7769434],[-96.7998093,32.7769358],[-96.7998293,32.7769151],[-96.7998375,32.7768972],[-96.799838,32.7768714],[-96.7998086,32.7768221],[-96.7997646,32.7767673],[-96.7997184,32.7767234],[-96.7996607,32.7766806],[-96.7995728,32.7766334],[-96.799449,32.7765785],[-96.7993281,32.7765372],[-96.7991933,32.776499],[-96.7991458,32.7764845],[-96.7988366,32.7764086],[-96.7987441,32.776394],[-96.798677,32.7763917],[-96.7986019,32.7763929],[-96.7985113,32.7764088]]}},{"type":"Feature","properties":{"osm_id":614299030,"access":"private","highway":"service","oneway":"yes","service":"parking_aisle"},"geometry":{"type":"LineString","coordinates":[[-96.8014643,32.7779431],[-96.8014804,32.7780002],[-96.8016358,32.7785498],[-96.8016496,32.7785986]]}},{"type":"Feature","properties":{"osm_id":614299031,"crossing":"traffic_signals","crossing:markings":"lines;surface","crossing:signals":"yes","footway":"crossing","highway":"footway","surface":"paving_stones"},"geometry":{"type":"LineString","coordinates":[[-96.8025267,32.7774969],[-96.8024611,32.7775301],[-96.802313,32.7776051],[-96.8022534,32.7776353]]}},{"type":"Feature","properties":{"osm_id":614299032,"crossing":"traffic_signals","crossing:markings":"lines;surface","crossing:signals":"yes","footway":"crossing","highway":"footway"},"geometry":{"type":"LineString","coordinates":[[-96.8023117,32.7778],[-96.8023691,32.7777864],[-96.8025294,32.7777485],[-96.8025769,32.7777399]]}},{"type":"Feature","properties":{"osm_id":614299033,"crossing":"traffic_signals","crossing:island":"no","crossing:markings":"lines;surface","crossing:signals":"yes","footway":"crossing","highway":"footway"},"geometry":{"type":"LineString","coordinates":[[-96.8022422,32.7776685],[-96.8022582,32.7777248],[-96.8022782,32.7777838]]}},{"type":"Feature","properties":{"osm_id":614299034,"footway":"sidewalk","highway":"footway","lit":"no","surface":"concrete"},"geometry":{"type":"LineString","coordinates":[[-96.8024575,32.7783655],[-96.8023161,32.7778542],[-96.8023033,32.7778136],[-96.8022858,32.7778061],[-96.8022591,32.7778075],[-96.8020786,32.7778735],[-96.8020247,32.7778861],[-96.8018355,32.7779238],[-96.8014804,32.7780002],[-96.8004606,32.7782207]]}},{"type":"Feature","properties":{"osm_id":614299036,"footway":"sidewalk","highway":"footway","surface":"concrete"},"geometry":{"type":"LineString","coordinates":[[-96.8039281,32.7779958],[-96.8042228,32.7779335],[-96.8046236,32.7778491]]}},{"type":"Feature","properties":{"osm_id":614299037,"footway":"sidewalk","highway":"footway","surface":"concrete"},"geometry":{"type":"LineString","coordinates":[[-96.8037835,32.7774032],[-96.8037843,32.7774226],[-96.8038767,32.7777321],[-96.8039206,32.7778847],[-96.8039093,32.7779118],[-96.8039035,32.7779462],[-96.8039113,32.7779853],[-96.8039281,32.7779958]]}},{"type":"Feature","properties":{"osm_id":614299038,"footway":"sidewalk","highway":"footway","surface":"concrete"},"geometry":{"type":"LineString","coordinates":[[-96.8046236,32.7778491],[-96.8046189,32.7778347],[-96.8045158,32.7774723],[-96.8044588,32.7772893],[-96.8044496,32.7772798],[-96.8044367,32.777272]]}},{"type":"Feature","properties":{"osm_id":614299039,"footway":"sidewalk","highway":"footway","surface":"concrete"},"geometry":{"type":"LineString","coordinates":[[-96.8044367,32.777272],[-96.8044239,32.7772696],[-96.8044112,32.777271],[-96.8037835,32.7774032]]}},{"type":"Feature","properties":{"osm_id":614299040,"crossing":"traffic_signals","crossing:markings":"surface","crossing:signals":"yes","footway":"crossing","highway":"footway","surface":"paving_stones"},"geometry":{"type":"LineString","coordinates":[[-96.8037835,32.7774032],[-96.8036599,32.7774307],[-96.8035727,32.77745]]}},{"type":"Feature","properties":{"osm_id":614299041,"crossing":"traffic_signals","crossing:markings":"surface","crossing:signals":"yes","footway":"crossing","highway":"footway","surface":"paving_stones"},"geometry":{"type":"LineString","coordinates":[[-96.8037296,32.7772261],[-96.803751,32.7772947],[-96.8037835,32.7774032]]}},{"type":"Feature","properties":{"osm_id":614299042,"crossing":"traffic_signals","crossing:markings":"surface","crossing:signals":"yes","footway":"crossing","highway":"footway","surface":"paving_stones"},"geometry":{"type":"LineString","coordinates":[[-96.8034551,32.7771653],[-96.8035888,32.7771944],[-96.8037296,32.7772261]]}},{"type":"Feature","properties":{"osm_id":614299043,"crossing":"traffic_signals","crossing:markings":"surface","crossing:signals":"yes","footway":"crossing","highway":"footway","surface":"paving_stones"},"geometry":{"type":"LineString","coordinates":[[-96.8034551,32.7771653],[-96.8034677,32.777205],[-96.8034928,32.7772824],[-96.8035094,32.7773288]]}},{"type":"Feature","properties":{"osm_id":614299044,"footway":"sidewalk","highway":"footway","surface":"paving_stones"},"geometry":{"type":"LineString","coordinates":[[-96.8034551,32.7771653],[-96.803462,32.7771544],[-96.8034671,32.7771398],[-96.8034661,32.7771247],[-96.8033476,32.7767451],[-96.8033349,32.7767281],[-96.8033165,32.7767154],[-96.8033051,32.7767108]]}},{"type":"Feature","properties":{"osm_id":614299045,"footway":"sidewalk","highway":"footway","surface":"paving_stones"},"geometry":{"type":"LineString","coordinates":[[-96.802354,32.7767885],[-96.8028693,32.7767582],[-96.8030819,32.7767334],[-96.8032475,32.7767125],[-96.8032704,32.7767072],[-96.8032943,32.7767081],[-96.8033051,32.7767108]]}},{"type":"Feature","properties":{"osm_id":614299046,"footway":"sidewalk","highway":"footway","surface":"paving_stones"},"geometry":{"type":"LineString","coordinates":[[-96.8023558,32.7768315],[-96.8024066,32.7768444],[-96.8024998,32.7768709],[-96.8026165,32.7769098],[-96.8028123,32.7770119],[-96.8030101,32.777092],[-96.8032736,32.7771545],[-96.803401,32.7771776],[-96.803419,32.777179],[-96.8034365,32.7771752],[-96.8034551,32.7771653]]}},{"type":"Feature","properties":{"osm_id":614299047,"crossing":"uncontrolled","crossing:markings":"surface","footway":"crossing","highway":"footway","lit":"yes","surface":"paving_stones"},"geometry":{"type":"LineString","coordinates":[[-96.8024815,32.7770847],[-96.8024594,32.7770611],[-96.8024339,32.7770338]]}},{"type":"Feature","properties":{"osm_id":614299048,"footway":"sidewalk","highway":"footway","surface":"paving_stones"},"geometry":{"type":"LineString","coordinates":[[-96.8035204,32.7773598],[-96.8035375,32.7774022],[-96.8035551,32.7774539],[-96.8037127,32.7779937],[-96.8037383,32.7780076],[-96.8037555,32.7780224],[-96.8037653,32.7780383],[-96.8037595,32.7780558]]}},{"type":"Feature","properties":{"osm_id":614299049,"bicycle":"yes","footway":"sidewalk","highway":"footway","surface":"paving_stones","width":"3.7"},"geometry":{"type":"LineString","coordinates":[[-96.8027696,32.7782906],[-96.8026244,32.7777312],[-96.8025815,32.7775874]]}},{"type":"Feature","properties":{"osm_id":614299050,"bicycle":"yes","footway":"sidewalk","highway":"footway","surface":"paving_stones","width":"5"},"geometry":{"type":"LineString","coordinates":[[-96.8025815,32.7775874],[-96.8025561,32.777482],[-96.8024871,32.7772301],[-96.8024821,32.7771919],[-96.802492,32.7771543],[-96.8025157,32.7771214],[-96.8025506,32.7770966],[-96.8025932,32.7770826],[-96.8026389,32.7770808],[-96.8026829,32.7770914],[-96.8028934,32.7771946],[-96.8030141,32.7772521],[-96.8031462,32.7772915],[-96.803281,32.777322],[-96.8034178,32.7773445],[-96.8035204,32.7773598]]}},{"type":"Feature","properties":{"osm_id":614299051,"crossing":"traffic_signals","crossing:markings":"ladder","crossing:signals":"yes","footway":"crossing","highway":"footway","lit":"no","surface":"asphalt"},"geometry":{"type":"LineString","coordinates":[[-96.8004606,32.7782207],[-96.8004794,32.7781574],[-96.8004957,32.778086]]}},{"type":"Feature","properties":{"osm_id":614299052,"crossing":"traffic_signals","crossing:markings":"ladder","crossing:signals":"yes","footway":"crossing","highway":"footway","lit":"yes","surface":"asphalt"},"geometry":{"type":"LineString","coordinates":[[-96.8003138,32.7782521],[-96.8003844,32.7782373],[-96.8004606,32.7782207]]}},{"type":"Feature","properties":{"osm_id":614299053,"crossing":"traffic_signals","crossing:markings":"ladder","crossing:signals":"yes","footway":"crossing","highway":"footway","lit":"yes","surface":"asphalt"},"geometry":{"type":"LineString","coordinates":[[-96.8003226,32.7781148],[-96.8003149,32.7781918],[-96.8003138,32.7782521]]}},{"type":"Feature","properties":{"osm_id":614299054,"crossing":"traffic_signals","crossing:markings":"ladder","crossing:signals":"yes","footway":"crossing","highway":"footway","lit":"yes","surface":"asphalt"},"geometry":{"type":"LineString","coordinates":[[-96.8004957,32.778086],[-96.8003984,32.7780981],[-96.8003226,32.7781148]]}},{"type":"Feature","properties":{"osm_id":614299055,"footway":"sidewalk","highway":"footway","surface":"concrete"},"geometry":{"type":"LineString","coordinates":[[-96.7988294,32.777481],[-96.799026,32.7780268],[-96.7991372,32.7783182],[-96.7991695,32.7783575],[-96.7992208,32.7783622],[-96.7996652,32.7782688],[-96.8002902,32.7781388],[-96.800301,32.7781364],[-96.8003102,32.7781311],[-96.8003226,32.7781148]]}},{"type":"Feature","properties":{"osm_id":614299057,"footway":"sidewalk","highway":"footway","lit":"yes","surface":"concrete"},"geometry":{"type":"LineString","coordinates":[[-96.8004957,32.778086],[-96.8005813,32.7780762],[-96.8015365,32.7778748],[-96.8018839,32.7778026],[-96.8019473,32.7777854],[-96.8021937,32.7776789],[-96.8022115,32.7776711],[-96.8022258,32.7776593]]}},{"type":"Feature","properties":{"osm_id":614319359,"highway":"service","oneway":"yes","service":"drive-through","surface":"concrete"},"geometry":{"type":"LineString","coordinates":[[-96.803105,32.7784697],[-96.8030742,32.7784464],[-96.8030574,32.7784291],[-96.8030422,32.7784205],[-96.8030054,32.7784133],[-96.8029427,32.778421],[-96.8028876,32.7784369],[-96.8028751,32.7784652],[-96.8028761,32.7784838],[-96.802876,32.7785071],[-96.8029379,32.7787191]]}},{"type":"Feature","properties":{"osm_id":614319361,"highway":"service","oneway":"yes"},"geometry":{"type":"LineString","coordinates":[[-96.8033178,32.7784106],[-96.8032862,32.7783054],[-96.8032686,32.7782439]]}},{"type":"Feature","properties":{"osm_id":614319363,"highway":"service","oneway":"yes"},"geometry":{"type":"LineString","coordinates":[[-96.803231,32.7782525],[-96.8032494,32.7783149],[-96.8032824,32.7784192]]}},{"type":"Feature","properties":{"osm_id":614319365,"highway":"service","surface":"concrete"},"geometry":{"type":"LineString","coordinates":[[-96.8035968,32.7787706],[-96.8034707,32.7783772]]}},{"type":"Feature","properties":{"osm_id":614319366,"highway":"service"},"geometry":{"type":"LineString","coordinates":[[-96.8038231,32.7787193],[-96.8035968,32.7787706],[-96.8033876,32.778818],[-96.8032615,32.7784246],[-96.8032824,32.7784192],[-96.8033178,32.7784106],[-96.8034707,32.7783772],[-96.8036971,32.778326],[-96.8038231,32.7787193]]}},{"type":"Feature","properties":{"osm_id":614319368,"crossing":"traffic_signals","crossing:markings":"surface","crossing:signals":"yes","footway":"crossing","highway":"footway","surface":"paving_stones"},"geometry":{"type":"LineString","coordinates":[[-96.8053201,32.7770568],[-96.8053042,32.7769893],[-96.8052885,32.7769317]]}},{"type":"Feature","properties":{"osm_id":614319370,"crossing":"traffic_signals","crossing:markings":"surface","crossing:signals":"yes","footway":"crossing","highway":"footway","surface":"paving_stones"},"geometry":{"type":"LineString","coordinates":[[-96.8055001,32.7776715],[-96.8055181,32.7777376],[-96.8055399,32.7778075]]}},{"type":"Feature","properties":{"osm_id":614319372,"crossing":"traffic_signals","crossing:markings":"ladder","crossing:signals":"yes","footway":"crossing","highway":"footway"},"geometry":{"type":"LineString","coordinates":[[-96.804626,32.7778579],[-96.8046443,32.7779243],[-96.804669,32.7779937]]}},{"type":"Feature","properties":{"osm_id":614319374,"crossing":"traffic_signals","crossing:markings":"ladder","crossing:signals":"yes","footway":"crossing","highway":"footway"},"geometry":{"type":"LineString","coordinates":[[-96.8048231,32.7778123],[-96.804846,32.7778813],[-96.8048663,32.7779473]]}},{"type":"Feature","properties":{"osm_id":614319377,"footway":"sidewalk","highway":"footway","surface":"concrete"},"geometry":{"type":"LineString","coordinates":[[-96.8055612,32.7778339],[-96.8055446,32.7778227],[-96.804872,32.7779658],[-96.8048571,32.7779691]]}},{"type":"Feature","properties":{"osm_id":614319379,"footway":"sidewalk","highway":"footway","surface":"concrete"},"geometry":{"type":"LineString","coordinates":[[-96.8039709,32.7781734],[-96.803982,32.778213],[-96.8040022,32.7782439],[-96.8040318,32.778275],[-96.8041661,32.7787308]]}},{"type":"Feature","properties":{"osm_id":614319381,"crossing":"traffic_signals","crossing:markings":"ladder","crossing:signals":"yes","footway":"crossing","highway":"footway","surface":"asphalt"},"geometry":{"type":"LineString","coordinates":[[-96.803901,32.777989],[-96.8038325,32.7780139],[-96.8037786,32.7780335]]}},{"type":"Feature","properties":{"osm_id":614319383,"crossing":"traffic_signals","crossing:markings":"ladder","crossing:signals":"yes","footway":"crossing","highway":"footway","surface":"asphalt"},"geometry":{"type":"LineString","coordinates":[[-96.803777,32.7781824],[-96.8037618,32.7781308],[-96.8037493,32.7780886]]}},{"type":"Feature","properties":{"osm_id":614319384,"crossing":"traffic_signals","crossing:markings":"ladder","crossing:signals":"yes","footway":"crossing","highway":"footway","surface":"asphalt"},"geometry":{"type":"LineString","coordinates":[[-96.8039323,32.7780086],[-96.8039529,32.778072],[-96.8039696,32.7781234]]}},{"type":"Feature","properties":{"osm_id":614319386,"crossing":"traffic_signals","crossing:markings":"ladder","crossing:signals":"yes","footway":"crossing","highway":"footway","surface":"asphalt"},"geometry":{"type":"LineString","coordinates":[[-96.8039406,32.77818],[-96.8038841,32.7781923],[-96.8038241,32.7782054]]}},{"type":"Feature","properties":{"osm_id":614319388,"footway":"sidewalk","highway":"footway","surface":"concrete"},"geometry":{"type":"LineString","coordinates":[[-96.8046947,32.7780006],[-96.8046754,32.7780118],[-96.8040413,32.7781489],[-96.8040153,32.7781479],[-96.8039805,32.778157],[-96.8039709,32.7781734]]}},{"type":"Feature","properties":{"osm_id":614319390,"crossing":"traffic_signals","crossing:markings":"ladder","crossing:signals":"yes","footway":"crossing","highway":"footway"},"geometry":{"type":"LineString","coordinates":[[-96.804773,32.7777981],[-96.8046954,32.7778167],[-96.8046319,32.7778316]]}},{"type":"Feature","properties":{"osm_id":614319392,"bicycle":"yes","footway":"sidewalk","highway":"footway","lit":"yes","surface":"concrete","width":"3.7"},"geometry":{"type":"LineString","coordinates":[[-96.8053137,32.7770833],[-96.8048204,32.7771898],[-96.8046571,32.7772253],[-96.8046392,32.7772413],[-96.8046305,32.7772591],[-96.804631,32.7772814],[-96.8047084,32.7775444],[-96.804782,32.7777959],[-96.8048154,32.7777892],[-96.8050478,32.7777403],[-96.8054392,32.7776538],[-96.805483,32.7776398],[-96.8053137,32.7770833]]}},{"type":"Feature","properties":{"osm_id":614319397,"crossing":"uncontrolled","crossing:markings":"surface","crossing:signals":"no","footway":"crossing","highway":"footway","surface":"paving_stones"},"geometry":{"type":"LineString","coordinates":[[-96.8046149,32.7770724],[-96.8046317,32.7771296],[-96.8046498,32.7771972]]}},{"type":"Feature","properties":{"osm_id":614319399,"crossing":"uncontrolled","crossing:markings":"surface","footway":"crossing","highway":"footway","surface":"paving_stones"},"geometry":{"type":"LineString","coordinates":[[-96.8044425,32.7772637],[-96.8044125,32.7771765],[-96.8043959,32.7771199]]}},{"type":"Feature","properties":{"osm_id":614351152,"access":"private","highway":"service"},"geometry":{"type":"LineString","coordinates":[[-96.797794,32.7802926],[-96.7978293,32.7804041],[-96.7981398,32.7803421]]}},{"type":"Feature","properties":{"osm_id":614542953,"footway":"sidewalk","highway":"footway"},"geometry":{"type":"LineString","coordinates":[[-96.7951372,32.7793753],[-96.7951516,32.7793778],[-96.7951499,32.7794204],[-96.7951874,32.7794908],[-96.7953112,32.779865],[-96.7953076,32.7798771]]}},{"type":"Feature","properties":{"osm_id":614542954,"crossing":"traffic_signals","crossing:markings":"ladder","crossing:signals":"yes","footway":"crossing","highway":"footway"},"geometry":{"type":"LineString","coordinates":[[-96.7949608,32.7793037],[-96.7950247,32.7792901],[-96.7951087,32.7792723]]}},{"type":"Feature","properties":{"osm_id":614542956,"crossing":"traffic_signals","crossing:markings":"ladder","crossing:signals":"yes","footway":"crossing","highway":"footway"},"geometry":{"type":"LineString","coordinates":[[-96.7951087,32.7792723],[-96.7951199,32.7793131],[-96.7951372,32.7793753]]}},{"type":"Feature","properties":{"osm_id":614542957,"footway":"sidewalk","highway":"footway","surface":"concrete"},"geometry":{"type":"LineString","coordinates":[[-96.7954337,32.7807452],[-96.7954207,32.7807488],[-96.7941124,32.7810393]]}},{"type":"Feature","properties":{"osm_id":614542958,"footway":"sidewalk","highway":"footway","surface":"concrete"},"geometry":{"type":"LineString","coordinates":[[-96.796862,32.7804585],[-96.7970181,32.7809989],[-96.7970201,32.781008],[-96.797019,32.7810172],[-96.7970106,32.7810244]]}},{"type":"Feature","properties":{"osm_id":614542959,"footway":"sidewalk","highway":"footway","lit":"yes","surface":"concrete"},"geometry":{"type":"LineString","coordinates":[[-96.7960086,32.7804536],[-96.795995,32.7804513],[-96.7955316,32.780556],[-96.7955028,32.7805435]]}},{"type":"Feature","properties":{"osm_id":614542960,"footway":"sidewalk","highway":"footway","lit":"yes","surface":"concrete"},"geometry":{"type":"LineString","coordinates":[[-96.7975743,32.7801247],[-96.7969664,32.7802456]]}},{"type":"Feature","properties":{"osm_id":614542961,"crossing":"traffic_signals","crossing:markings":"ladder","footway":"crossing","highway":"footway"},"geometry":{"type":"LineString","coordinates":[[-96.7975924,32.7801278],[-96.7976102,32.7801897],[-96.7976368,32.7802803]]}},{"type":"Feature","properties":{"osm_id":614542962,"footway":"sidewalk","highway":"footway","lit":"yes","surface":"concrete"},"geometry":{"type":"LineString","coordinates":[[-96.7978266,32.7802548],[-96.7985654,32.7800961],[-96.7986522,32.7800785],[-96.798774,32.7800516],[-96.7992917,32.7799387]]}},{"type":"Feature","properties":{"osm_id":614542963,"crossing":"traffic_signals","crossing:markings":"ladder","footway":"crossing","highway":"footway"},"geometry":{"type":"LineString","coordinates":[[-96.7977134,32.7800981],[-96.7976772,32.7801048],[-96.7975924,32.7801278]]}},{"type":"Feature","properties":{"osm_id":614542964,"footway":"sidewalk","highway":"footway","surface":"concrete"},"geometry":{"type":"LineString","coordinates":[[-96.7967874,32.7790153],[-96.7966941,32.779035],[-96.7966851,32.7790415],[-96.7966841,32.7790512],[-96.7967797,32.779567],[-96.7967807,32.7795735]]}},{"type":"Feature","properties":{"osm_id":614542965,"footway":"sidewalk","highway":"footway","surface":"concrete"},"geometry":{"type":"LineString","coordinates":[[-96.7960341,32.7791743],[-96.7965061,32.7790686],[-96.7965174,32.779067],[-96.7965287,32.7790683],[-96.796539,32.7790725],[-96.7965473,32.779079],[-96.7965502,32.7790832]]}},{"type":"Feature","properties":{"osm_id":614542966,"footway":"sidewalk","highway":"footway","surface":"concrete"},"geometry":{"type":"LineString","coordinates":[[-96.7965502,32.7790832],[-96.796553,32.7790874],[-96.7965554,32.7790968],[-96.7966154,32.7794733]]}},{"type":"Feature","properties":{"osm_id":614542967,"footway":"sidewalk","highway":"footway"},"geometry":{"type":"LineString","coordinates":[[-96.7966668,32.7797663],[-96.7968112,32.7802812]]}},{"type":"Feature","properties":{"osm_id":614542968,"footway":"sidewalk","highway":"footway"},"geometry":{"type":"LineString","coordinates":[[-96.7969599,32.7802486],[-96.7969664,32.7802456],[-96.7968032,32.7796831],[-96.7967952,32.7796812]]}},{"type":"Feature","properties":{"osm_id":614542969,"crossing":"traffic_signals","crossing:markings":"surface","footway":"crossing","highway":"footway","lit":"yes","surface":"asphalt"},"geometry":{"type":"LineString","coordinates":[[-96.7969599,32.7802486],[-96.7969747,32.7803252],[-96.7969973,32.7804332]]}},{"type":"Feature","properties":{"osm_id":614542970,"crossing":"traffic_signals","crossing:markings":"surface","footway":"crossing","highway":"footway","lit":"yes","surface":"asphalt"},"geometry":{"type":"LineString","coordinates":[[-96.796823,32.7802786],[-96.7968717,32.780268],[-96.7969599,32.7802486]]}},{"type":"Feature","properties":{"osm_id":614542971,"crossing":"traffic_signals","crossing:markings":"surface","footway":"crossing","highway":"footway","lit":"yes","surface":"asphalt"},"geometry":{"type":"LineString","coordinates":[[-96.7968376,32.7804336],[-96.7968196,32.7803578],[-96.7967991,32.7802918]]}},{"type":"Feature","properties":{"osm_id":614542972,"crossing":"traffic_signals","crossing:markings":"surface","footway":"crossing","highway":"footway","lit":"yes","surface":"asphalt"},"geometry":{"type":"LineString","coordinates":[[-96.7969973,32.7804332],[-96.7969209,32.780447],[-96.7968701,32.7804569]]}},{"type":"Feature","properties":{"osm_id":614542973,"crossing":"traffic_signals","crossing:markings":"surface","footway":"crossing","highway":"footway","surface":"paving_stones"},"geometry":{"type":"LineString","coordinates":[[-96.7967807,32.7795735],[-96.7967922,32.7796213],[-96.7967952,32.7796812]]}},{"type":"Feature","properties":{"osm_id":614542974,"crossing":"traffic_signals","crossing:markings":"surface","footway":"crossing","highway":"footway","surface":"paving_stones"},"geometry":{"type":"LineString","coordinates":[[-96.7966365,32.7796053],[-96.7967073,32.7795892],[-96.7967807,32.7795735]]}},{"type":"Feature","properties":{"osm_id":614542975,"crossing":"traffic_signals","crossing:markings":"surface","footway":"crossing","highway":"footway","surface":"paving_stones"},"geometry":{"type":"LineString","coordinates":[[-96.7966563,32.7797413],[-96.7966384,32.7796586],[-96.7966365,32.7796053]]}},{"type":"Feature","properties":{"osm_id":614542976,"crossing":"traffic_signals","crossing:markings":"surface","footway":"crossing","highway":"footway","surface":"paving_stones"},"geometry":{"type":"LineString","coordinates":[[-96.7967952,32.7796812],[-96.7967291,32.7797224],[-96.7966563,32.7797413]]}},{"type":"Feature","properties":{"osm_id":614542977,"bicycle":"yes","highway":"service","surface":"asphalt"},"geometry":{"type":"LineString","coordinates":[[-96.7972554,32.7795227],[-96.7972415,32.7794785],[-96.7970758,32.7789551],[-96.7970559,32.7788944]]}},{"type":"Feature","properties":{"osm_id":614542978,"crossing":"uncontrolled","crossing:markings":"ladder","footway":"crossing","highway":"footway","surface":"concrete"},"geometry":{"type":"LineString","coordinates":[[-96.7981142,32.7787274],[-96.7981393,32.7787219],[-96.7982398,32.7786999]]}},{"type":"Feature","properties":{"osm_id":614542980,"highway":"footway"},"geometry":{"type":"LineString","coordinates":[[-96.7976451,32.7786122],[-96.7976264,32.778551],[-96.7976715,32.7785412],[-96.7974771,32.7779065],[-96.7973036,32.7779468]]}},{"type":"Feature","properties":{"osm_id":614542982,"highway":"service","oneway":"yes","surface":"concrete"},"geometry":{"type":"LineString","coordinates":[[-96.7976503,32.7787658],[-96.7976332,32.7787118],[-96.7975919,32.7785874]]}},{"type":"Feature","properties":{"osm_id":614542983,"highway":"service","oneway":"yes","surface":"asphalt"},"geometry":{"type":"LineString","coordinates":[[-96.7975494,32.7785987],[-96.7975891,32.7787213],[-96.7976067,32.7787752]]}},{"type":"Feature","properties":{"osm_id":614542994,"highway":"service"},"geometry":{"type":"LineString","coordinates":[[-96.7963443,32.7786325],[-96.7958573,32.778748]]}},{"type":"Feature","properties":{"osm_id":614542996,"highway":"service","service":"parking_aisle"},"geometry":{"type":"LineString","coordinates":[[-96.7951511,32.7788073],[-96.7950095,32.7783855]]}},{"type":"Feature","properties":{"osm_id":614542997,"highway":"service","service":"parking_aisle"},"geometry":{"type":"LineString","coordinates":[[-96.7953066,32.7787704],[-96.7951774,32.7783855],[-96.7953001,32.7783564]]}},{"type":"Feature","properties":{"osm_id":614542998,"highway":"service"},"geometry":{"type":"LineString","coordinates":[[-96.7954293,32.7787413],[-96.7953001,32.7783564],[-96.7952798,32.778296],[-96.7952494,32.7782053]]}},{"type":"Feature","properties":{"osm_id":614542999,"highway":"service"},"geometry":{"type":"LineString","coordinates":[[-96.7956178,32.7786965],[-96.7954687,32.7782522],[-96.795438,32.7781608]]}},{"type":"Feature","properties":{"osm_id":614543000,"highway":"service"},"geometry":{"type":"LineString","coordinates":[[-96.7963324,32.7782394],[-96.7962523,32.7782581],[-96.7957341,32.7783811]]}},{"type":"Feature","properties":{"osm_id":614543001,"highway":"service"},"geometry":{"type":"LineString","coordinates":[[-96.7958236,32.7786477],[-96.7956178,32.7786965],[-96.7954293,32.7787413],[-96.7953066,32.7787704],[-96.7951689,32.778803],[-96.7951511,32.7788073],[-96.7950625,32.7788283],[-96.7949555,32.7788531],[-96.7948836,32.7788698]]}},{"type":"Feature","properties":{"osm_id":614543002,"highway":"service","service":"parking_aisle"},"geometry":{"type":"LineString","coordinates":[[-96.7950625,32.7788283],[-96.7951991,32.7792531],[-96.7952106,32.7792935]]}},{"type":"Feature","properties":{"osm_id":614543003,"highway":"service","service":"parking_aisle"},"geometry":{"type":"LineString","coordinates":[[-96.79587,32.7791509],[-96.7958565,32.7791137],[-96.7957254,32.7787469]]}},{"type":"Feature","properties":{"osm_id":614543004,"highway":"service","service":"parking_aisle"},"geometry":{"type":"LineString","coordinates":[[-96.7955602,32.7787681],[-96.795673,32.7791526],[-96.7956847,32.7791909]]}},{"type":"Feature","properties":{"osm_id":614543005,"highway":"service","service":"parking_aisle"},"geometry":{"type":"LineString","coordinates":[[-96.7953571,32.7787985],[-96.7954839,32.7791928],[-96.7954956,32.7792318]]}},{"type":"Feature","properties":{"osm_id":614543006,"highway":"service","service":"parking_aisle"},"geometry":{"type":"LineString","coordinates":[[-96.7951689,32.778803],[-96.7952974,32.7792027]]}},{"type":"Feature","properties":{"osm_id":614543007,"crossing":"traffic_signals","crossing:markings":"surface","footway":"crossing","highway":"footway","surface":"paving_stones"},"geometry":{"type":"LineString","coordinates":[[-96.7966673,32.7789265],[-96.7966788,32.7789759],[-96.7966915,32.7790249]]}},{"type":"Feature","properties":{"osm_id":614543008,"crossing":"traffic_signals","crossing:markings":"surface","footway":"crossing","highway":"footway","surface":"paving_stones"},"geometry":{"type":"LineString","coordinates":[[-96.7965221,32.7789503],[-96.7965746,32.7789342],[-96.7966261,32.7789164]]}},{"type":"Feature","properties":{"osm_id":614543009,"crossing":"traffic_signals","crossing:markings":"surface","footway":"crossing","highway":"footway","surface":"paving_stones"},"geometry":{"type":"LineString","coordinates":[[-96.796515,32.7790559],[-96.7965058,32.7790133],[-96.7965016,32.7789896]]}},{"type":"Feature","properties":{"osm_id":614543010,"footway":"sidewalk","highway":"footway","surface":"concrete"},"geometry":{"type":"LineString","coordinates":[[-96.7959963,32.7790841],[-96.7964897,32.7789795],[-96.7964991,32.7789759],[-96.7965094,32.7789671],[-96.796512,32.7789534]]}},{"type":"Feature","properties":{"osm_id":614543011,"crossing":"traffic_signals","crossing:markings":"ladder","crossing:signals":"yes","footway":"crossing","highway":"footway"},"geometry":{"type":"LineString","coordinates":[[-96.7951372,32.7793753],[-96.7950581,32.7793938],[-96.7950055,32.7794074]]}},{"type":"Feature","properties":{"osm_id":614543012,"footway":"sidewalk","highway":"footway","surface":"concrete"},"geometry":{"type":"LineString","coordinates":[[-96.796512,32.7789534],[-96.7965095,32.778945],[-96.7962523,32.7782581],[-96.7962037,32.7781282],[-96.7961973,32.7781195],[-96.7961775,32.7780884],[-96.7961789,32.7780835]]}},{"type":"Feature","properties":{"osm_id":614543013,"footway":"sidewalk","highway":"footway","surface":"concrete"},"geometry":{"type":"LineString","coordinates":[[-96.7961775,32.7780884],[-96.7959391,32.7781432],[-96.7954886,32.7782476]]}},{"type":"Feature","properties":{"osm_id":614543014,"highway":"service"},"geometry":{"type":"LineString","coordinates":[[-96.7961107,32.7781359],[-96.7959499,32.7781738],[-96.7956857,32.7782368],[-96.7957341,32.7783811],[-96.7958236,32.7786477],[-96.7958573,32.778748],[-96.7959718,32.7790893],[-96.795983,32.7791264]]}},{"type":"Feature","properties":{"osm_id":614543015,"crossing":"traffic_signals","crossing:markings":"surface","footway":"crossing","highway":"footway","surface":"paving_stones"},"geometry":{"type":"LineString","coordinates":[[-96.7966714,32.7790543],[-96.7966134,32.7790683],[-96.7965633,32.7790801]]}},{"type":"Feature","properties":{"osm_id":614582364,"footway":"sidewalk","highway":"footway","lit":"yes","surface":"paving_stones"},"geometry":{"type":"LineString","coordinates":[[-96.7960373,32.782819],[-96.7956054,32.7829113],[-96.7946837,32.7831052]]}},{"type":"Feature","properties":{"osm_id":614582372,"bicycle":"yes","button_operated":"no","crossing":"traffic_signals","crossing:island":"no","crossing:markings":"ladder","footway":"crossing","highway":"footway"},"geometry":{"type":"LineString","coordinates":[[-96.7954039,32.7836718],[-96.7953631,32.7837063],[-96.7953106,32.7837575]]}},{"type":"Feature","properties":{"osm_id":614582374,"footway":"sidewalk","highway":"footway","lit":"yes","surface":"concrete"},"geometry":{"type":"LineString","coordinates":[[-96.7943434,32.7833581],[-96.7946078,32.7832989],[-96.7951496,32.7836554],[-96.7951526,32.7836612],[-96.7951532,32.7836674]]}},{"type":"Feature","properties":{"osm_id":614582376,"crossing":"traffic_signals","crossing:markings":"ladder","footway":"crossing","highway":"footway","lit":"yes","surface":"asphalt"},"geometry":{"type":"LineString","coordinates":[[-96.7952777,32.7837591],[-96.7952118,32.7837127],[-96.7951625,32.7836746]]}},{"type":"Feature","properties":{"osm_id":614582380,"footway":"sidewalk","highway":"footway","lit":"no","surface":"concrete"},"geometry":{"type":"LineString","coordinates":[[-96.7945212,32.7841949],[-96.794532,32.7841926],[-96.7948061,32.7839612],[-96.7948594,32.7839169],[-96.795149,32.7836758],[-96.7951532,32.7836674]]}},{"type":"Feature","properties":{"osm_id":614582381,"footway":"sidewalk","highway":"footway","lit":"yes","surface":"concrete"},"geometry":{"type":"LineString","coordinates":[[-96.7946394,32.7843344],[-96.7946364,32.7843274],[-96.7946361,32.78432],[-96.7946387,32.7843129],[-96.7946534,32.7842982],[-96.7952697,32.7837789],[-96.795282,32.7837742],[-96.7952958,32.7837719]]}},{"type":"Feature","properties":{"osm_id":614582382,"footway":"sidewalk","highway":"footway","lit":"yes","surface":"concrete"},"geometry":{"type":"LineString","coordinates":[[-96.7952958,32.7837719],[-96.7953097,32.7837735],[-96.7953229,32.7837777],[-96.79581,32.7841587],[-96.7964935,32.7847108]]}},{"type":"Feature","properties":{"osm_id":614587677,"crossing":"traffic_signals","crossing:markings":"surface","footway":"crossing","highway":"footway","lit":"yes","surface":"paving_stones"},"geometry":{"type":"LineString","coordinates":[[-96.7957569,32.7813048],[-96.7956735,32.7813224],[-96.7956026,32.781338]]}},{"type":"Feature","properties":{"osm_id":614587679,"crossing":"traffic_signals","crossing:markings":"surface","footway":"crossing","highway":"footway","lit":"yes","surface":"paving_stones"},"geometry":{"type":"LineString","coordinates":[[-96.7958053,32.7814647],[-96.7957814,32.7813778],[-96.7957569,32.7813048]]}},{"type":"Feature","properties":{"osm_id":614587681,"footway":"sidewalk","highway":"footway","lit":"yes","surface":"concrete"},"geometry":{"type":"LineString","coordinates":[[-96.7957603,32.781302],[-96.7957487,32.7812954],[-96.7957403,32.7812859],[-96.795736,32.7812746],[-96.7955861,32.7807182],[-96.79558,32.7807146]]}},{"type":"Feature","properties":{"osm_id":614587683,"footway":"sidewalk","highway":"footway"},"geometry":{"type":"LineString","coordinates":[[-96.7970152,32.7810262],[-96.7970106,32.7810244],[-96.7970032,32.7810269],[-96.7969943,32.7810295],[-96.795788,32.7813045],[-96.7957603,32.781302]]}},{"type":"Feature","properties":{"osm_id":614587685,"crossing":"traffic_signals","crossing:markings":"surface","footway":"crossing","highway":"footway","lit":"yes","surface":"paving_stones"},"geometry":{"type":"LineString","coordinates":[[-96.7958053,32.7814647],[-96.7957271,32.7814818],[-96.7956488,32.7814979]]}},{"type":"Feature","properties":{"osm_id":614587688,"crossing":"traffic_signals","crossing:markings":"ladder","footway":"crossing","highway":"footway","surface":"paving_stones"},"geometry":{"type":"LineString","coordinates":[[-96.7960502,32.7821852],[-96.7960239,32.7821099],[-96.7959952,32.7820277]]}},{"type":"Feature","properties":{"osm_id":614587689,"crossing":"traffic_signals","crossing:markings":"ladder","footway":"crossing","highway":"footway","surface":"paving_stones"},"geometry":{"type":"LineString","coordinates":[[-96.7959952,32.7820277],[-96.7958962,32.7820462],[-96.7958377,32.7820573]]}},{"type":"Feature","properties":{"osm_id":614587705,"footway":"sidewalk","highway":"footway","lit":"yes","surface":"paving_stones"},"geometry":{"type":"LineString","coordinates":[[-96.7945001,32.7825408],[-96.7958478,32.7822372],[-96.7958628,32.7822395]]}},{"type":"Feature","properties":{"osm_id":614587706,"crossing":"traffic_signals","crossing:markings":"ladder","footway":"crossing","highway":"footway","surface":"paving_stones"},"geometry":{"type":"LineString","coordinates":[[-96.7958819,32.7822482],[-96.7959543,32.7822307],[-96.7960274,32.7822141]]}},{"type":"Feature","properties":{"osm_id":614587707,"crossing":"traffic_signals","crossing:markings":"ladder","footway":"crossing","highway":"footway","surface":"paving_stones"},"geometry":{"type":"LineString","coordinates":[[-96.7958063,32.78209],[-96.7958219,32.7821477],[-96.7958451,32.7822278]]}},{"type":"Feature","properties":{"osm_id":614587715,"crossing":"traffic_signals","crossing:markings":"ladder","footway":"crossing","highway":"footway"},"geometry":{"type":"LineString","coordinates":[[-96.7961638,32.7804211],[-96.7961875,32.7804903],[-96.7962095,32.7805698]]}},{"type":"Feature","properties":{"osm_id":614587716,"crossing":"traffic_signals","crossing:markings":"ladder","footway":"crossing","highway":"footway"},"geometry":{"type":"LineString","coordinates":[[-96.7960086,32.7804536],[-96.7960305,32.7805244],[-96.7960539,32.7806002]]}},{"type":"Feature","properties":{"osm_id":614587717,"crossing":"traffic_signals","crossing:markings":"ladder","footway":"crossing","highway":"footway","surface":"concrete"},"geometry":{"type":"LineString","coordinates":[[-96.7961638,32.7804211],[-96.7960952,32.780435],[-96.7960086,32.7804536]]}},{"type":"Feature","properties":{"osm_id":614587718,"footway":"sidewalk","highway":"footway","surface":"concrete"},"geometry":{"type":"LineString","coordinates":[[-96.7967968,32.7802844],[-96.7961627,32.7804115]]}},{"type":"Feature","properties":{"osm_id":614587719,"crossing":"traffic_signals","crossing:markings":"ladder","footway":"crossing","highway":"footway","lit":"yes","surface":"asphalt"},"geometry":{"type":"LineString","coordinates":[[-96.79558,32.7807146],[-96.7955541,32.7806297],[-96.7955348,32.7805664]]}},{"type":"Feature","properties":{"osm_id":614587720,"crossing":"traffic_signals","crossing:markings":"ladder","footway":"crossing","highway":"footway","lit":"yes","surface":"concrete"},"geometry":{"type":"LineString","coordinates":[[-96.79558,32.7807146],[-96.7954947,32.7807325],[-96.7954337,32.7807452]]}},{"type":"Feature","properties":{"osm_id":614587721,"footway":"sidewalk","highway":"footway","lit":"yes","surface":"concrete"},"geometry":{"type":"LineString","coordinates":[[-96.7968399,32.7804435],[-96.7962129,32.7805819],[-96.7960583,32.7806143],[-96.7955861,32.7807182]]}},{"type":"Feature","properties":{"osm_id":614587722,"crossing":"traffic_signals","crossing:markings":"surface","footway":"crossing","highway":"footway","lit":"yes","surface":"paving_stones"},"geometry":{"type":"LineString","coordinates":[[-96.7956488,32.7814979],[-96.7956251,32.7814106],[-96.7956026,32.781338]]}},{"type":"Feature","properties":{"osm_id":614587723,"highway":"footway"},"geometry":{"type":"LineString","coordinates":[[-96.7952992,32.7809488],[-96.7951754,32.7810802]]}},{"type":"Feature","properties":{"osm_id":614587724,"footway":"sidewalk","highway":"footway","lit":"yes","surface":"concrete"},"geometry":{"type":"LineString","coordinates":[[-96.7942339,32.7816264],[-96.7955713,32.7813516],[-96.7955829,32.7813478],[-96.7955959,32.781336],[-96.7956031,32.7813226],[-96.795603,32.7813122],[-96.7954479,32.7807927],[-96.7954207,32.7807488]]}},{"type":"Feature","properties":{"osm_id":614587725,"footway":"sidewalk","highway":"footway","surface":"concrete"},"geometry":{"type":"LineString","coordinates":[[-96.7942711,32.7817773],[-96.7942793,32.7817646],[-96.7956072,32.7814928],[-96.795626,32.7814934],[-96.795645,32.7815006]]}},{"type":"Feature","properties":{"osm_id":614587726,"footway":"sidewalk","highway":"footway","lit":"yes","surface":"concrete"},"geometry":{"type":"LineString","coordinates":[[-96.7944414,32.7823647],[-96.7957805,32.7820864],[-96.7958032,32.7820785],[-96.795811,32.7820689]]}},{"type":"Feature","properties":{"osm_id":614587727,"footway":"sidewalk","highway":"footway","surface":"concrete"},"geometry":{"type":"LineString","coordinates":[[-96.795645,32.7815006],[-96.7956576,32.7815095],[-96.7956669,32.7815232],[-96.7958174,32.7820238],[-96.7958215,32.7820392],[-96.7958202,32.7820592],[-96.795811,32.7820689]]}},{"type":"Feature","properties":{"osm_id":614639632,"highway":"service"},"geometry":{"type":"LineString","coordinates":[[-96.8037706,32.7831368],[-96.8037215,32.7830853],[-96.8037006,32.783021],[-96.8035406,32.7828689],[-96.8032932,32.782658],[-96.8032435,32.7826156]]}},{"type":"Feature","properties":{"osm_id":614639633,"highway":"service"},"geometry":{"type":"LineString","coordinates":[[-96.8025166,32.7834319],[-96.8028444,32.7837101]]}},{"type":"Feature","properties":{"osm_id":614639634,"highway":"service"},"geometry":{"type":"LineString","coordinates":[[-96.8027506,32.7839899],[-96.8026991,32.7839499],[-96.8026218,32.7838955],[-96.8024621,32.7837599],[-96.8022922,32.7836204],[-96.8024031,32.7835264],[-96.8025166,32.7834319],[-96.8025493,32.7834047],[-96.8026414,32.783328]]}},{"type":"Feature","properties":{"osm_id":614639636,"highway":"service"},"geometry":{"type":"LineString","coordinates":[[-96.8026414,32.783328],[-96.8029692,32.7836062],[-96.8028869,32.7836748],[-96.8028444,32.7837101],[-96.8027308,32.7838047],[-96.8026218,32.7838955]]}},{"type":"Feature","properties":{"osm_id":615935472,"footway":"sidewalk","highway":"footway"},"geometry":{"type":"LineString","coordinates":[[-96.7960373,32.782819],[-96.7958728,32.7822504],[-96.7958628,32.7822395]]}},{"type":"Feature","properties":{"osm_id":615935473,"footway":"sidewalk","highway":"footway"},"geometry":{"type":"LineString","coordinates":[[-96.7962456,32.7827748],[-96.7974264,32.7825301],[-96.7974589,32.7825182]]}},{"type":"Feature","properties":{"osm_id":615935474,"footway":"sidewalk","highway":"footway","lit":"yes","surface":"concrete"},"geometry":{"type":"LineString","coordinates":[[-96.796499,32.7829134],[-96.7975819,32.7837579]]}},{"type":"Feature","properties":{"osm_id":615935475,"footway":"sidewalk","highway":"footway"},"geometry":{"type":"LineString","coordinates":[[-96.7975733,32.7826773],[-96.796499,32.7829134]]}},{"type":"Feature","properties":{"osm_id":615935476,"footway":"sidewalk","highway":"footway"},"geometry":{"type":"LineString","coordinates":[[-96.7962456,32.7827748],[-96.7961953,32.7826981],[-96.7961537,32.7826101],[-96.7960393,32.7822117],[-96.7960439,32.7822013]]}},{"type":"Feature","properties":{"osm_id":615935477,"crossing":"traffic_signals","crossing:markings":"ladder","footway":"crossing","highway":"footway"},"geometry":{"type":"LineString","coordinates":[[-96.7962456,32.7827748],[-96.7963186,32.7828366],[-96.7964358,32.7829263]]}},{"type":"Feature","properties":{"osm_id":615935478,"crossing":"traffic_signals","crossing:markings":"ladder","footway":"crossing","highway":"footway","lit":"no","surface":"asphalt"},"geometry":{"type":"LineString","coordinates":[[-96.7960373,32.782819],[-96.7961278,32.7827992],[-96.7962456,32.7827748]]}},{"type":"Feature","properties":{"osm_id":615935480,"button_operated":"no","crossing":"traffic_signals","crossing:island":"no","crossing:markings":"ladder","footway":"crossing","highway":"footway","tactile_paving":"yes"},"geometry":{"type":"LineString","coordinates":[[-96.7964358,32.7829263],[-96.7963178,32.7829515],[-96.7962349,32.7829721]]}},{"type":"Feature","properties":{"osm_id":615935481,"button_operated":"no","crossing":"traffic_signals","crossing:island":"no","crossing:markings":"ladder","footway":"crossing","highway":"footway"},"geometry":{"type":"LineString","coordinates":[[-96.7960661,32.7829323],[-96.7960549,32.7828885],[-96.7960373,32.782819]]}},{"type":"Feature","properties":{"osm_id":615943107,"footway":"sidewalk","highway":"footway","surface":"concrete"},"geometry":{"type":"LineString","coordinates":[[-96.7978843,32.7786556],[-96.7980305,32.7786242],[-96.7980916,32.7786111],[-96.7990123,32.7784133],[-96.7990284,32.7783934],[-96.7987019,32.7775393],[-96.7986762,32.7775136]]}},{"type":"Feature","properties":{"osm_id":615943108,"crossing":"traffic_signals","crossing:markings":"lines","crossing:signals":"yes","footway":"crossing","highway":"footway","surface":"concrete"},"geometry":{"type":"LineString","coordinates":[[-96.7990284,32.7783934],[-96.7990494,32.778388],[-96.7990879,32.7783776],[-96.7991338,32.7783663]]}},{"type":"Feature","properties":{"osm_id":615943109,"crossing":"unmarked","crossing:markings":"no","footway":"crossing","highway":"footway"},"geometry":{"type":"LineString","coordinates":[[-96.7977845,32.778679],[-96.7978428,32.7786645],[-96.7978843,32.7786556]]}},{"type":"Feature","properties":{"osm_id":615943110,"footway":"sidewalk","highway":"footway","surface":"paving_stones"},"geometry":{"type":"LineString","coordinates":[[-96.7982398,32.7786999],[-96.7982751,32.7786926],[-96.7990487,32.7785207],[-96.7990926,32.7785122],[-96.7992121,32.7784867],[-96.7996134,32.7783891],[-96.7996721,32.7783771],[-96.8001201,32.7782854],[-96.8002869,32.7782513],[-96.8003138,32.7782521]]}},{"type":"Feature","properties":{"osm_id":615943112,"crossing":"traffic_signals","crossing:markings":"lines","crossing:signals":"yes","footway":"crossing","highway":"footway","surface":"paving_stones"},"geometry":{"type":"LineString","coordinates":[[-96.7991983,32.7784452],[-96.7991866,32.7784091],[-96.7991772,32.7783806]]}},{"type":"Feature","properties":{"osm_id":615943113,"crossing":"traffic_signals","crossing:markings":"lines","crossing:signals":"yes","footway":"crossing","highway":"footway"},"geometry":{"type":"LineString","coordinates":[[-96.7990376,32.7784833],[-96.799025,32.7784486],[-96.7990169,32.7784244],[-96.7990123,32.7784133]]}},{"type":"Feature","properties":{"osm_id":615943115,"footway":"sidewalk","highway":"footway","lit":"yes","surface":"concrete"},"geometry":{"type":"LineString","coordinates":[[-96.8005637,32.7787704],[-96.8004701,32.77848],[-96.8004606,32.7782207]]}},{"type":"Feature","properties":{"osm_id":615943116,"crossing":"traffic_signals","crossing:markings":"ladder","footway":"crossing","highway":"footway"},"geometry":{"type":"LineString","coordinates":[[-96.8005885,32.7788964],[-96.8005096,32.7789138],[-96.8004609,32.7789245]]}},{"type":"Feature","properties":{"osm_id":615943117,"crossing":"traffic_signals","crossing:markings":"no","footway":"crossing","highway":"footway"},"geometry":{"type":"LineString","coordinates":[[-96.8005687,32.7787857],[-96.8005816,32.7788254],[-96.8005958,32.7788729]]}},{"type":"Feature","properties":{"osm_id":615943118,"footway":"sidewalk","highway":"footway","lit":"no","surface":"concrete"},"geometry":{"type":"LineString","coordinates":[[-96.8004411,32.7789288],[-96.8006108,32.7794864]]}},{"type":"Feature","properties":{"osm_id":615943119,"crossing":"traffic_signals","crossing:markings":"lines","footway":"crossing","highway":"footway"},"geometry":{"type":"LineString","coordinates":[[-96.8004077,32.7788178],[-96.8004212,32.778858],[-96.8004343,32.7789037]]}},{"type":"Feature","properties":{"osm_id":615943120,"crossing":"traffic_signals","crossing:markings":"ladder","footway":"crossing","highway":"footway"},"geometry":{"type":"LineString","coordinates":[[-96.8004208,32.7788018],[-96.8004707,32.7787908],[-96.8005467,32.7787741]]}},{"type":"Feature","properties":{"osm_id":615943121,"footway":"sidewalk","highway":"footway","lit":"yes","surface":"concrete"},"geometry":{"type":"LineString","coordinates":[[-96.8003138,32.7782521],[-96.8003192,32.7782807],[-96.8003279,32.7785567],[-96.8004036,32.7788056]]}},{"type":"Feature","properties":{"osm_id":615990123,"footway":"sidewalk","highway":"footway","surface":"concrete"},"geometry":{"type":"LineString","coordinates":[[-96.803865,32.7848136],[-96.8038731,32.7847896],[-96.8038797,32.7846207],[-96.8038828,32.7845401],[-96.8038872,32.7844277],[-96.8038956,32.7842404],[-96.803908,32.7839631],[-96.8039194,32.7836001],[-96.803909,32.7834967],[-96.8038845,32.7833746],[-96.8038577,32.7832691],[-96.8038435,32.7832569],[-96.8038237,32.783251]]}},{"type":"Feature","properties":{"osm_id":616117198,"footway":"sidewalk","highway":"footway","surface":"concrete"},"geometry":{"type":"LineString","coordinates":[[-96.8042875,32.7846402],[-96.8042934,32.7846218],[-96.8043106,32.784583],[-96.8046213,32.7843185],[-96.805218,32.7838299]]}},{"type":"Feature","properties":{"osm_id":616119782,"footway":"sidewalk","highway":"footway","surface":"paving_stones"},"geometry":{"type":"LineString","coordinates":[[-96.806162,32.7828906],[-96.8057404,32.7824885],[-96.8057282,32.7824769]]}},{"type":"Feature","properties":{"osm_id":616119785,"footway":"sidewalk","highway":"footway"},"geometry":{"type":"LineString","coordinates":[[-96.8063119,32.782761],[-96.8058934,32.7823695],[-96.8058488,32.7823272],[-96.8057562,32.7822394],[-96.8054737,32.7819621],[-96.805466,32.7819425],[-96.805462,32.7819218]]}},{"type":"Feature","properties":{"osm_id":616119786,"footway":"sidewalk","highway":"footway"},"geometry":{"type":"LineString","coordinates":[[-96.8061695,32.7828968],[-96.8057688,32.7832356]]}},{"type":"Feature","properties":{"osm_id":616119812,"footway":"sidewalk","highway":"footway","surface":"concrete"},"geometry":{"type":"LineString","coordinates":[[-96.8064108,32.78311],[-96.8062609,32.7829693],[-96.8062529,32.7829659],[-96.8062402,32.782967],[-96.8058358,32.7832957],[-96.8058229,32.7833065]]}},{"type":"Feature","properties":{"osm_id":616185167,"highway":"service","oneway":"yes","service":"drive-through","surface":"concrete"},"geometry":{"type":"LineString","coordinates":[[-96.8029762,32.7788503],[-96.8029873,32.7788717],[-96.8030128,32.7788907],[-96.8030508,32.7788931],[-96.8032028,32.7788619]]}},{"type":"Feature","properties":{"osm_id":616185169,"covered":"yes","highway":"service","oneway":"yes","service":"drive-through","surface":"concrete"},"geometry":{"type":"LineString","coordinates":[[-96.8029379,32.7787191],[-96.8029762,32.7788503]]}},{"type":"Feature","properties":{"osm_id":616185170,"footway":"sidewalk","highway":"footway"},"geometry":{"type":"LineString","coordinates":[[-96.8028088,32.7784327],[-96.8028207,32.7784183],[-96.8028376,32.7784077],[-96.8030487,32.7783599],[-96.8032494,32.7783149],[-96.8032862,32.7783054],[-96.8037311,32.7782114],[-96.8037585,32.7782014],[-96.8037812,32.7781964],[-96.8037949,32.7781998]]}},{"type":"Feature","properties":{"osm_id":616185171,"footway":"sidewalk","highway":"footway"},"geometry":{"type":"LineString","coordinates":[[-96.8006019,32.7788935],[-96.8008863,32.7788333],[-96.8010939,32.7787889],[-96.8016197,32.7786778],[-96.8016948,32.7786619],[-96.8019851,32.7786004],[-96.8024011,32.7785125],[-96.8025012,32.7784913]]}},{"type":"Feature","properties":{"osm_id":616185172,"footway":"sidewalk","highway":"footway","lit":"yes","smoothness":"excellent","surface":"concrete"},"geometry":{"type":"LineString","coordinates":[[-96.8008314,32.7796094],[-96.8009909,32.7801624],[-96.801023,32.780192],[-96.8010458,32.7801745],[-96.8012964,32.7801232],[-96.8015859,32.7800595],[-96.8016528,32.7800438],[-96.801696,32.7800296]]}},{"type":"Feature","properties":{"osm_id":616185173,"footway":"sidewalk","highway":"footway","surface":"paving_stones"},"geometry":{"type":"LineString","coordinates":[[-96.8006843,32.7796364],[-96.8008723,32.7802243],[-96.8008482,32.7802153],[-96.7995635,32.7804876]]}},{"type":"Feature","properties":{"osm_id":616185174,"bicycle":"yes","footway":"sidewalk","highway":"footway","surface":"concrete","width":"3"},"geometry":{"type":"LineString","coordinates":[[-96.8030831,32.779929],[-96.8032397,32.7798977],[-96.8036635,32.7798101],[-96.8041229,32.7797103],[-96.8042323,32.779689]]}},{"type":"Feature","properties":{"osm_id":616185175,"footway":"sidewalk","highway":"footway"},"geometry":{"type":"LineString","coordinates":[[-96.8030831,32.779929],[-96.8032313,32.7804154],[-96.8032532,32.7804875],[-96.8032561,32.780497]]}},{"type":"Feature","properties":{"osm_id":616185176,"bicycle":"yes","footway":"sidewalk","highway":"footway","smoothness":"excellent","surface":"concrete","width":"4"},"geometry":{"type":"LineString","coordinates":[[-96.8023913,32.7806875],[-96.8029149,32.7805761],[-96.8029486,32.7805536],[-96.8029218,32.780463],[-96.8027946,32.7800311]]}},{"type":"Feature","properties":{"osm_id":616185179,"footway":"sidewalk","highway":"footway"},"geometry":{"type":"LineString","coordinates":[[-96.8029991,32.7791589],[-96.8031072,32.7791357],[-96.8038795,32.7789697],[-96.8039958,32.7789447]]}},{"type":"Feature","properties":{"osm_id":616185180,"bicycle":"yes","foot":"designated","footway":"sidewalk","highway":"footway","lit":"yes","smoothness":"excellent","surface":"concrete","width":"3.7"},"geometry":{"type":"LineString","coordinates":[[-96.801696,32.7800296],[-96.8017558,32.7800166],[-96.8021738,32.7799273],[-96.8025686,32.7798437],[-96.8027073,32.7798158],[-96.8027565,32.7798121]]}},{"type":"Feature","properties":{"osm_id":616185182,"crossing":"traffic_signals","crossing:markings":"yes","crossing:signals":"yes","footway":"crossing","highway":"footway","lit":"yes"},"geometry":{"type":"LineString","coordinates":[[-96.8006927,32.7794637],[-96.8007786,32.7794399]]}},{"type":"Feature","properties":{"osm_id":616185183,"crossing":"traffic_signals","crossing:markings":"yes","crossing:signals":"yes","footway":"crossing","highway":"footway","lit":"yes"},"geometry":{"type":"LineString","coordinates":[[-96.8006843,32.7796364],[-96.8006427,32.7795514],[-96.8006108,32.7794864]]}},{"type":"Feature","properties":{"osm_id":616185184,"crossing":"traffic_signals","crossing:markings":"yes","crossing:signals":"yes","footway":"crossing","highway":"footway","lit":"yes"},"geometry":{"type":"LineString","coordinates":[[-96.8008314,32.7796094],[-96.8007479,32.7796247],[-96.8006843,32.7796364]]}},{"type":"Feature","properties":{"osm_id":616185185,"crossing":"traffic_signals","crossing:markings":"yes","crossing:signals":"yes","footway":"crossing","highway":"footway"},"geometry":{"type":"LineString","coordinates":[[-96.8007786,32.7794399],[-96.8008029,32.7795178],[-96.8008314,32.7796094]]}},{"type":"Feature","properties":{"osm_id":616185186,"footway":"sidewalk","highway":"footway","lit":"yes","surface":"concrete"},"geometry":{"type":"LineString","coordinates":[[-96.8007786,32.7794399],[-96.8006019,32.7788935]]}},{"type":"Feature","properties":{"osm_id":616185188,"footway":"sidewalk","highway":"footway","surface":"concrete"},"geometry":{"type":"LineString","coordinates":[[-96.8026618,32.779037],[-96.8015263,32.7792836]]}},{"type":"Feature","properties":{"osm_id":616185189,"footway":"sidewalk","highway":"footway"},"geometry":{"type":"LineString","coordinates":[[-96.8025012,32.7784913],[-96.8026618,32.779037]]}},{"type":"Feature","properties":{"osm_id":616185190,"crossing":"traffic_signals","crossing:markings":"lines;surface","crossing:signals":"yes","footway":"crossing","highway":"footway"},"geometry":{"type":"LineString","coordinates":[[-96.8025223,32.7784873],[-96.8025818,32.7784759],[-96.802728,32.7784481],[-96.8027866,32.7784369]]}},{"type":"Feature","properties":{"osm_id":616185191,"crossing":"traffic_signals","crossing:markings":"lines;surface","crossing:signals":"yes","footway":"crossing","highway":"footway"},"geometry":{"type":"LineString","coordinates":[[-96.8024651,32.7783873],[-96.8024775,32.7784228],[-96.8024944,32.7784716]]}},{"type":"Feature","properties":{"osm_id":616185192,"crossing":"traffic_signals","crossing:markings":"lines;surface","crossing:signals":"yes","footway":"crossing","highway":"footway"},"geometry":{"type":"LineString","coordinates":[[-96.8024778,32.7783606],[-96.8025403,32.7783456],[-96.8026827,32.7783115],[-96.8027456,32.7782964]]}},{"type":"Feature","properties":{"osm_id":616185193,"button_operated":"yes","crossing":"traffic_signals","crossing:markings":"surface","footway":"crossing","highway":"footway"},"geometry":{"type":"LineString","coordinates":[[-96.8030831,32.779929],[-96.8030806,32.7799142],[-96.8030882,32.7799043],[-96.8030989,32.7798987],[-96.8030826,32.7798329],[-96.8030601,32.7797519]]}},{"type":"Feature","properties":{"osm_id":616185194,"bicycle":"yes","button_operated":"yes","crossing":"traffic_signals","crossing:markings":"surface","crossing:signals":"yes","footway":"crossing","highway":"footway"},"geometry":{"type":"LineString","coordinates":[[-96.8027934,32.7799883],[-96.8028624,32.7799729],[-96.8030153,32.7799423],[-96.8030831,32.779929]]}},{"type":"Feature","properties":{"osm_id":616185195,"bicycle":"yes","button_operated":"yes","crossing":"traffic_signals","crossing:markings":"surface","footway":"crossing","highway":"footway"},"geometry":{"type":"LineString","coordinates":[[-96.8027565,32.7798121],[-96.8027656,32.7799022],[-96.8027934,32.7799883]]}},{"type":"Feature","properties":{"osm_id":616185196,"button_operated":"yes","crossing":"traffic_signals","crossing:markings":"surface","footway":"crossing","highway":"footway"},"geometry":{"type":"LineString","coordinates":[[-96.8030601,32.7797519],[-96.8029809,32.7797696],[-96.8028305,32.7798001],[-96.8027565,32.7798121]]}},{"type":"Feature","properties":{"osm_id":616185197,"footway":"sidewalk","highway":"footway"},"geometry":{"type":"LineString","coordinates":[[-96.8030601,32.7797519],[-96.8030415,32.7797199],[-96.8030305,32.7795747],[-96.8030075,32.7792697],[-96.8029991,32.7791589]]}},{"type":"Feature","properties":{"osm_id":616185198,"crossing":"traffic_signals","crossing:markings":"lines","crossing:signals":"yes","footway":"crossing","highway":"footway"},"geometry":{"type":"LineString","coordinates":[[-96.8029721,32.7789916],[-96.8029835,32.7790626],[-96.8029963,32.7791416]]}},{"type":"Feature","properties":{"osm_id":616185199,"crossing":"traffic_signals","crossing:markings":"lines","crossing:signals":"yes","footway":"crossing","highway":"footway"},"geometry":{"type":"LineString","coordinates":[[-96.8026779,32.7790338],[-96.802736,32.779022],[-96.8028808,32.7789928],[-96.8029425,32.7789803]]}},{"type":"Feature","properties":{"osm_id":616185200,"crossing":"traffic_signals","crossing:markings":"lines","crossing:signals":"yes","footway":"crossing","highway":"footway","lit":"no","surface":"paving_stones"},"geometry":{"type":"LineString","coordinates":[[-96.8026973,32.7792164],[-96.8026799,32.7791283],[-96.8026651,32.7790535]]}},{"type":"Feature","properties":{"osm_id":616185201,"crossing":"traffic_signals","crossing:markings":"lines","crossing:signals":"yes","footway":"crossing","highway":"footway"},"geometry":{"type":"LineString","coordinates":[[-96.8029749,32.7791635],[-96.8029135,32.7791752],[-96.8027704,32.7792025],[-96.8026973,32.7792164]]}},{"type":"Feature","properties":{"osm_id":616185203,"crossing":"traffic_signals","crossing:markings":"lines;surface","crossing:signals":"yes","footway":"crossing","highway":"footway"},"geometry":{"type":"LineString","coordinates":[[-96.802803,32.7784116],[-96.8027873,32.7783542],[-96.8027745,32.7783083]]}},{"type":"Feature","properties":{"osm_id":616185204,"bicycle":"yes","footway":"sidewalk","highway":"footway","surface":"paving_stones","width":"3.7"},"geometry":{"type":"LineString","coordinates":[[-96.8037595,32.7780558],[-96.8037431,32.7780676],[-96.8027696,32.7782906]]}},{"type":"Feature","properties":{"osm_id":616185205,"footway":"sidewalk","highway":"footway","lit":"yes","surface":"concrete"},"geometry":{"type":"LineString","coordinates":[[-96.8039496,32.778774],[-96.8032214,32.7789325],[-96.8029982,32.7789822],[-96.8029805,32.7789806],[-96.8029694,32.7789749]]}},{"type":"Feature","properties":{"osm_id":616185206,"footway":"sidewalk","highway":"footway","surface":"concrete"},"geometry":{"type":"LineString","coordinates":[[-96.8005637,32.7787704],[-96.8016358,32.7785498],[-96.8019507,32.7784846],[-96.801992,32.7784761],[-96.8024575,32.7783655]]}},{"type":"Feature","properties":{"osm_id":616405097,"footway":"sidewalk","highway":"footway","lit":"yes","surface":"concrete"},"geometry":{"type":"LineString","coordinates":[[-96.7998751,32.7813969],[-96.8000466,32.7819871]]}},{"type":"Feature","properties":{"osm_id":616405099,"footway":"sidewalk","highway":"footway"},"geometry":{"type":"LineString","coordinates":[[-96.8010897,32.7809533],[-96.8010964,32.7809318],[-96.8010335,32.78072],[-96.800926,32.7803676]]}},{"type":"Feature","properties":{"osm_id":616405100,"button_operated":"no","crossing":"traffic_signals","crossing:island":"yes","crossing:markings":"ladder","crossing:signals":"yes","footway":"crossing","highway":"footway","surface":"asphalt","tactile_paving":"no","traffic_signals:vibration":"no"},"geometry":{"type":"LineString","coordinates":[[-96.8033189,32.7806659],[-96.8032446,32.7806831],[-96.8030973,32.7807165],[-96.8030226,32.7807342]]}},{"type":"Feature","properties":{"osm_id":616405101,"button_operated":"no","crossing":"traffic_signals","crossing:island":"no","crossing:markings":"ladder","crossing:signals":"yes","footway":"crossing","highway":"footway","surface":"asphalt","tactile_paving":"no","traffic_signals:vibration":"no"},"geometry":{"type":"LineString","coordinates":[[-96.802963,32.7805575],[-96.8029946,32.780652],[-96.8030226,32.7807342]]}},{"type":"Feature","properties":{"osm_id":616405102,"button_operated":"no","crossing":"traffic_signals","crossing:island":"no","crossing:markings":"ladder","crossing:signals":"yes","footway":"crossing","highway":"footway","surface":"asphalt","tactile_paving":"no","traffic_signals:vibration":"no"},"geometry":{"type":"LineString","coordinates":[[-96.8032561,32.780497],[-96.8031857,32.7805124],[-96.8030367,32.7805429],[-96.802963,32.7805575]]}},{"type":"Feature","properties":{"osm_id":616405103,"button_operated":"no","crossing":"traffic_signals","crossing:island":"no","crossing:markings":"ladder","crossing:signals":"yes","footway":"crossing","highway":"footway","surface":"asphalt","tactile_paving":"no","traffic_signals:vibration":"no"},"geometry":{"type":"LineString","coordinates":[[-96.8033189,32.7806659],[-96.8032909,32.780587],[-96.8032561,32.780497]]}},{"type":"Feature","properties":{"osm_id":616405104,"footway":"sidewalk","highway":"footway","surface":"concrete"},"geometry":{"type":"LineString","coordinates":[[-96.8033189,32.7806659],[-96.8033134,32.7806789],[-96.8034664,32.78119]]}},{"type":"Feature","properties":{"osm_id":616405105,"footway":"sidewalk","highway":"footway","surface":"concrete"},"geometry":{"type":"LineString","coordinates":[[-96.804386,32.7804463],[-96.8033293,32.7806601],[-96.8033189,32.7806659]]}},{"type":"Feature","properties":{"osm_id":616405106,"footway":"sidewalk","highway":"footway","lit":"yes","surface":"paving_stones"},"geometry":{"type":"LineString","coordinates":[[-96.7996126,32.7806463],[-96.7997882,32.7812285],[-96.8003415,32.7811192],[-96.8004417,32.7810995],[-96.8006806,32.7810486],[-96.8010729,32.7809629],[-96.8010897,32.7809533]]}},{"type":"Feature","properties":{"osm_id":616405107,"footway":"sidewalk","highway":"footway","surface":"paving_stones"},"geometry":{"type":"LineString","coordinates":[[-96.7996748,32.7812559],[-96.7995028,32.7806701]]}},{"type":"Feature","properties":{"osm_id":616405108,"footway":"sidewalk","highway":"footway","lit":"yes","surface":"concrete"},"geometry":{"type":"LineString","coordinates":[[-96.7981773,32.7815748],[-96.7985558,32.7814937],[-96.7996748,32.7812559]]}},{"type":"Feature","properties":{"osm_id":616405109,"crossing":"traffic_signals","crossing:markings":"ladder","crossing:signals":"yes","footway":"crossing","highway":"footway","lit":"yes","surface":"paving_stones"},"geometry":{"type":"LineString","coordinates":[[-96.7998751,32.7813969],[-96.7998329,32.7813152],[-96.7997882,32.7812285]]}},{"type":"Feature","properties":{"osm_id":616405110,"crossing":"traffic_signals","crossing:markings":"ladder","crossing:signals":"yes","footway":"crossing","highway":"footway","lit":"yes","surface":"asphalt"},"geometry":{"type":"LineString","coordinates":[[-96.7996933,32.7814328],[-96.7997821,32.7814148],[-96.7998751,32.7813969]]}},{"type":"Feature","properties":{"osm_id":616405111,"crossing":"traffic_signals","crossing:markings":"ladder","crossing:signals":"yes","footway":"crossing","highway":"footway","lit":"yes","surface":"paving_stones"},"geometry":{"type":"LineString","coordinates":[[-96.7996748,32.7812559],[-96.7996844,32.781348],[-96.7996933,32.7814328]]}},{"type":"Feature","properties":{"osm_id":616405112,"crossing":"traffic_signals","crossing:markings":"surface","crossing:signals":"yes","footway":"crossing","highway":"footway","lit":"yes","surface":"asphalt"},"geometry":{"type":"LineString","coordinates":[[-96.7996748,32.7812559],[-96.7997289,32.7812428],[-96.7997882,32.7812285]]}},{"type":"Feature","properties":{"osm_id":616405114,"footway":"sidewalk","highway":"footway","surface":"concrete"},"geometry":{"type":"LineString","coordinates":[[-96.8011399,32.7811259],[-96.7998751,32.7813969]]}},{"type":"Feature","properties":{"osm_id":616405115,"footway":"sidewalk","highway":"footway","surface":"paving_stones"},"geometry":{"type":"LineString","coordinates":[[-96.8011399,32.7811259],[-96.8013151,32.7817021],[-96.8013216,32.7817237]]}},{"type":"Feature","properties":{"osm_id":616405116,"crossing":"traffic_signals","crossing:markings":"ladder","crossing:signals":"yes","footway":"crossing","highway":"footway","lit":"yes","surface":"asphalt"},"geometry":{"type":"LineString","coordinates":[[-96.8010897,32.7809533],[-96.8011791,32.7809354],[-96.80127,32.7809172]]}},{"type":"Feature","properties":{"osm_id":616405117,"crossing":"traffic_signals","crossing:markings":"ladder","crossing:signals":"yes","footway":"crossing","highway":"footway","lit":"yes","surface":"asphalt"},"geometry":{"type":"LineString","coordinates":[[-96.8011322,32.7810995],[-96.8011158,32.7810432],[-96.8010897,32.7809533]]}},{"type":"Feature","properties":{"osm_id":616405118,"crossing":"traffic_signals","crossing:markings":"ladder","crossing:signals":"yes","footway":"crossing","highway":"footway","lit":"no","surface":"asphalt"},"geometry":{"type":"LineString","coordinates":[[-96.8013882,32.7810772],[-96.8013396,32.7810876],[-96.8012208,32.7811106],[-96.8011804,32.7811183]]}},{"type":"Feature","properties":{"osm_id":616405119,"bicycle":"yes","button_operated":"no","crossing":"traffic_signals","crossing:markings":"ladder","crossing:signals":"yes","footway":"crossing","highway":"footway","lit":"yes","surface":"asphalt"},"geometry":{"type":"LineString","coordinates":[[-96.8013946,32.7810622],[-96.8013717,32.7809899],[-96.8013511,32.7809247]]}},{"type":"Feature","properties":{"osm_id":616405120,"highway":"service","oneway":"yes","service":"driveway","smoothness":"excellent","surface":"paved"},"geometry":{"type":"LineString","coordinates":[[-96.8023222,32.780795],[-96.8022943,32.7807074],[-96.8022846,32.7806793],[-96.8022723,32.7806603],[-96.8022543,32.7806449],[-96.802232,32.7806342],[-96.802207,32.7806292],[-96.8021813,32.7806302],[-96.8016315,32.7807447],[-96.8015982,32.7807625],[-96.8015885,32.7807853],[-96.8015871,32.7808051],[-96.8015884,32.7808401]]}},{"type":"Feature","properties":{"osm_id":616405121,"crossing":"uncontrolled","crossing:island":"no","crossing:markings":"ladder","crossing:signals":"no","footway":"crossing","highway":"footway","surface":"asphalt"},"geometry":{"type":"LineString","coordinates":[[-96.8023913,32.7806875],[-96.802394,32.7807009],[-96.8024152,32.7807761],[-96.8024346,32.7808445]]}},{"type":"Feature","properties":{"osm_id":616405123,"footway":"sidewalk","highway":"footway","smoothness":"good","surface":"concrete"},"geometry":{"type":"LineString","coordinates":[[-96.802592,32.7814241],[-96.8027503,32.7813765],[-96.8031753,32.7812546],[-96.803183,32.7812488]]}},{"type":"Feature","properties":{"osm_id":616405124,"footway":"sidewalk","highway":"footway","surface":"concrete"},"geometry":{"type":"LineString","coordinates":[[-96.803183,32.7812488],[-96.8031878,32.7812411],[-96.8031893,32.7812324],[-96.8030436,32.7807554],[-96.803036,32.7807425],[-96.8030226,32.7807342]]}},{"type":"Feature","properties":{"osm_id":616405125,"bicycle":"yes","footway":"sidewalk","highway":"footway","surface":"paved","width":"5"},"geometry":{"type":"LineString","coordinates":[[-96.8015723,32.7816509],[-96.8013986,32.781075]]}},{"type":"Feature","properties":{"osm_id":616405126,"footway":"sidewalk","highway":"footway","lit":"yes","surface":"concrete"},"geometry":{"type":"LineString","coordinates":[[-96.802592,32.7814241],[-96.8015723,32.7816509]]}},{"type":"Feature","properties":{"osm_id":616405127,"bicycle":"yes","footway":"sidewalk","highway":"footway","surface":"paved","width":"4.3"},"geometry":{"type":"LineString","coordinates":[[-96.8013986,32.781075],[-96.8024389,32.7808598],[-96.8025143,32.7808438]]}},{"type":"Feature","properties":{"osm_id":617223092,"crossing":"traffic_signals","crossing:markings":"lines","footway":"crossing","highway":"footway"},"geometry":{"type":"LineString","coordinates":[[-96.8004957,32.7835393],[-96.8004268,32.7835815],[-96.8003671,32.7836263]]}},{"type":"Feature","properties":{"osm_id":617223093,"crossing":"traffic_signals","crossing:markings":"lines","crossing:signals":"yes","footway":"crossing","highway":"footway"},"geometry":{"type":"LineString","coordinates":[[-96.8005235,32.7836443],[-96.8005121,32.7836044],[-96.8004957,32.7835393]]}},{"type":"Feature","properties":{"osm_id":617223094,"crossing":"traffic_signals","crossing:markings":"surface","footway":"crossing","highway":"footway"},"geometry":{"type":"LineString","coordinates":[[-96.8003512,32.7836762],[-96.8003659,32.7837276],[-96.8003886,32.7838108]]}},{"type":"Feature","properties":{"osm_id":617223095,"crossing":"traffic_signals","crossing:markings":"lines","footway":"crossing","highway":"footway"},"geometry":{"type":"LineString","coordinates":[[-96.800403,32.7838142],[-96.8004745,32.7837488],[-96.8005233,32.7837041]]}},{"type":"Feature","properties":{"osm_id":617223096,"footway":"sidewalk","highway":"footway"},"geometry":{"type":"LineString","coordinates":[[-96.8003922,32.7838241],[-96.7997439,32.7843364]]}},{"type":"Feature","properties":{"osm_id":617223097,"highway":"service"},"geometry":{"type":"LineString","coordinates":[[-96.8005224,32.7827438],[-96.8002873,32.7827952],[-96.8002014,32.782814]]}},{"type":"Feature","properties":{"osm_id":617223098,"crossing":"uncontrolled","crossing:markings":"ladder","footway":"crossing","highway":"footway"},"geometry":{"type":"LineString","coordinates":[[-96.8001453,32.7829295],[-96.8001222,32.7828455],[-96.8001067,32.7827889]]}},{"type":"Feature","properties":{"osm_id":617223099,"footway":"sidewalk","highway":"footway","surface":"concrete"},"geometry":{"type":"LineString","coordinates":[[-96.7989982,32.7836697],[-96.7990297,32.7836491],[-96.7996346,32.7831562],[-96.8000979,32.7827775],[-96.8001014,32.7827697],[-96.8001016,32.7827615],[-96.799917,32.782137]]}},{"type":"Feature","properties":{"osm_id":617223100,"footway":"sidewalk","highway":"footway","surface":"concrete"},"geometry":{"type":"LineString","coordinates":[[-96.7989982,32.7836697],[-96.7989727,32.7836677],[-96.7989566,32.7836615],[-96.7988311,32.7835493],[-96.7985421,32.7832911],[-96.7984547,32.783213]]}},{"type":"Feature","properties":{"osm_id":617223101,"crossing":"traffic_signals","crossing:markings":"lines","footway":"crossing","highway":"footway","surface":"asphalt"},"geometry":{"type":"LineString","coordinates":[[-96.7989982,32.7836697],[-96.7990386,32.7837058],[-96.7990864,32.7837486]]}},{"type":"Feature","properties":{"osm_id":617223110,"footway":"sidewalk","highway":"footway","lit":"yes","surface":"concrete"},"geometry":{"type":"LineString","coordinates":[[-96.7975719,32.7839497],[-96.7979206,32.7842512],[-96.7979608,32.7842918],[-96.7979696,32.7843038],[-96.7979742,32.7843172],[-96.7979743,32.7843313]]}},{"type":"Feature","properties":{"osm_id":617223112,"crossing":"traffic_signals","crossing:markings":"ladder","footway":"crossing","highway":"footway","lit":"no","surface":"asphalt"},"geometry":{"type":"LineString","coordinates":[[-96.798851,32.7837861],[-96.798927,32.7837261],[-96.7989982,32.7836697]]}},{"type":"Feature","properties":{"osm_id":617223113,"crossing":"traffic_signals","crossing:markings":"lines","footway":"crossing","highway":"footway","surface":"asphalt"},"geometry":{"type":"LineString","coordinates":[[-96.798951,32.783867],[-96.7988966,32.783823],[-96.798851,32.7837861]]}},{"type":"Feature","properties":{"osm_id":617223114,"footway":"sidewalk","highway":"footway","lit":"no","surface":"concrete"},"geometry":{"type":"LineString","coordinates":[[-96.798851,32.7837861],[-96.798846,32.7837997],[-96.7985123,32.7840794],[-96.7982493,32.7842999]]}},{"type":"Feature","properties":{"osm_id":617223115,"crossing":"traffic_signals","crossing:markings":"ladder","footway":"crossing","highway":"footway","lit":"yes","surface":"asphalt"},"geometry":{"type":"LineString","coordinates":[[-96.7990846,32.7837614],[-96.79903,32.7838142],[-96.7989673,32.7838692]]}},{"type":"Feature","properties":{"osm_id":617223116,"footway":"sidewalk","highway":"footway","surface":"concrete"},"geometry":{"type":"LineString","coordinates":[[-96.7990864,32.7837486],[-96.7990846,32.7837614],[-96.7996474,32.784249]]}},{"type":"Feature","properties":{"osm_id":617223118,"crossing":"traffic_signals","crossing:markings":"surface","footway":"crossing","highway":"footway"},"geometry":{"type":"LineString","coordinates":[[-96.8002776,32.7837089],[-96.800302,32.7836847],[-96.8003195,32.783668]]}},{"type":"Feature","properties":{"osm_id":617223119,"footway":"sidewalk","highway":"footway","lit":"yes","surface":"concrete"},"geometry":{"type":"LineString","coordinates":[[-96.7982493,32.7842999],[-96.7977018,32.7838407]]}},{"type":"Feature","properties":{"osm_id":617223120,"footway":"sidewalk","highway":"footway","lit":"yes","surface":"concrete"},"geometry":{"type":"LineString","coordinates":[[-96.7983231,32.7833225],[-96.798845,32.7837729],[-96.798851,32.7837861]]}},{"type":"Feature","properties":{"osm_id":617223129,"footway":"sidewalk","highway":"footway","lit":"yes","surface":"concrete"},"geometry":{"type":"LineString","coordinates":[[-96.7983147,32.7843924],[-96.7983156,32.7843862],[-96.7983196,32.7843798],[-96.7989387,32.7838722],[-96.798951,32.783867]]}},{"type":"Feature","properties":{"osm_id":617223131,"footway":"sidewalk","highway":"footway"},"geometry":{"type":"LineString","coordinates":[[-96.8006431,32.7846898],[-96.8005612,32.7844245],[-96.8003922,32.7838241]]}},{"type":"Feature","properties":{"osm_id":617223133,"footway":"sidewalk","highway":"footway","surface":"concrete"},"geometry":{"type":"LineString","coordinates":[[-96.8003561,32.7836345],[-96.8001556,32.7829552],[-96.8001483,32.7829403],[-96.8001354,32.7829283],[-96.8001186,32.7829207],[-96.8000997,32.7829182]]}},{"type":"Feature","properties":{"osm_id":617224173,"highway":"service","service":"parking_aisle"},"geometry":{"type":"LineString","coordinates":[[-96.7997783,32.7835344],[-96.7995707,32.7833598],[-96.7995609,32.7833506],[-96.7995154,32.7833122]]}},{"type":"Feature","properties":{"osm_id":617224174,"highway":"service","service":"parking_aisle"},"geometry":{"type":"LineString","coordinates":[[-96.7996057,32.7832376],[-96.7996507,32.7832757],[-96.7996624,32.7832843],[-96.799868,32.7834594],[-96.7997783,32.7835344],[-96.7996527,32.7836394],[-96.7994455,32.7834628],[-96.7994352,32.7834556],[-96.799389,32.7834165]]}},{"type":"Feature","properties":{"osm_id":617224177,"footway":"sidewalk","highway":"footway","lit":"yes","surface":"concrete"},"geometry":{"type":"LineString","coordinates":[[-96.7982581,32.7832534],[-96.7982232,32.7832235],[-96.7975733,32.7826773]]}},{"type":"Feature","properties":{"osm_id":617224178,"footway":"sidewalk","highway":"footway","lit":"yes","surface":"concrete"},"geometry":{"type":"LineString","coordinates":[[-96.797765,32.7826293],[-96.7977848,32.7826534],[-96.7981674,32.7829782],[-96.7983246,32.7831045],[-96.7983623,32.7831348]]}},{"type":"Feature","properties":{"osm_id":617224183,"crossing":"uncontrolled","crossing:markings":"ladder","footway":"crossing","highway":"footway"},"geometry":{"type":"LineString","coordinates":[[-96.7996922,32.783241],[-96.7996597,32.7831931],[-96.7996346,32.7831562]]}},{"type":"Feature","properties":{"osm_id":617241663,"crossing":"traffic_signals","crossing:markings":"surface","footway":"crossing","highway":"footway","lit":"yes","surface":"paving_stones"},"geometry":{"type":"LineString","coordinates":[[-96.7982581,32.7832534],[-96.7982708,32.7832665],[-96.7982982,32.783296],[-96.7983231,32.7833225]]}},{"type":"Feature","properties":{"osm_id":617241665,"crossing":"traffic_signals","crossing:markings":"surface","footway":"crossing","highway":"footway","lit":"yes","surface":"paving_stones"},"geometry":{"type":"LineString","coordinates":[[-96.7983623,32.7831348],[-96.7983954,32.783163],[-96.7984285,32.7831887],[-96.7984547,32.783213]]}},{"type":"Feature","properties":{"osm_id":617241667,"footway":"sidewalk","highway":"footway","lit":"no","surface":"concrete"},"geometry":{"type":"LineString","coordinates":[[-96.7998773,32.782014],[-96.7996004,32.7820679],[-96.7993246,32.7821215],[-96.7992895,32.7821289],[-96.7991599,32.7821561],[-96.7989969,32.7821904],[-96.7988218,32.7822273],[-96.7987603,32.7822402]]}},{"type":"Feature","properties":{"osm_id":617241672,"crossing":"traffic_signals","crossing:markings":"surface","footway":"crossing","highway":"footway","lit":"yes","surface":"paving_stones"},"geometry":{"type":"LineString","coordinates":[[-96.8000466,32.7819871],[-96.8000626,32.782041],[-96.8000739,32.7820789],[-96.8000811,32.7821033]]}},{"type":"Feature","properties":{"osm_id":617241674,"crossing":"traffic_signals","crossing:markings":"surface","footway":"crossing","highway":"footway","lit":"yes","surface":"paving_stones"},"geometry":{"type":"LineString","coordinates":[[-96.7998773,32.782014],[-96.7998844,32.7820342],[-96.7998984,32.7820785],[-96.79991,32.7821148],[-96.799917,32.782137]]}},{"type":"Feature","properties":{"osm_id":617241675,"highway":"footway","incline":"down","lit":"yes","surface":"paving_stones"},"geometry":{"type":"LineString","coordinates":[[-96.7993353,32.7822476],[-96.7990869,32.7822916]]}},{"type":"Feature","properties":{"osm_id":617241678,"highway":"footway","lit":"no","surface":"concrete"},"geometry":{"type":"LineString","coordinates":[[-96.7981674,32.7829782],[-96.7981882,32.7829602],[-96.798194,32.7829664],[-96.798216,32.7829856],[-96.7982363,32.7829995],[-96.798261,32.783007],[-96.7982872,32.7830072],[-96.798312,32.7830001],[-96.7983326,32.7829865],[-96.7983467,32.7829679],[-96.7983526,32.7829464],[-96.7983498,32.7829245],[-96.7983385,32.7829046],[-96.79832,32.782889],[-96.7982964,32.7828794],[-96.7982704,32.782877],[-96.7982448,32.7828819],[-96.7982214,32.7829005]]}},{"type":"Feature","properties":{"osm_id":617241680,"highway":"footway"},"geometry":{"type":"LineString","coordinates":[[-96.799122,32.7823961],[-96.798736,32.7825239],[-96.7984235,32.7826828],[-96.7982981,32.7827466],[-96.79828,32.7827556],[-96.7982214,32.7829005]]}},{"type":"Feature","properties":{"osm_id":617241682,"footway":"sidewalk","highway":"footway","lit":"yes","surface":"concrete"},"geometry":{"type":"LineString","coordinates":[[-96.7991886,32.7824551],[-96.799122,32.7823961],[-96.7990394,32.7823252],[-96.7988916,32.7823665],[-96.7979515,32.7825729],[-96.7978743,32.7825741],[-96.7978294,32.7825769],[-96.7977811,32.7825899],[-96.7977644,32.7826096],[-96.797765,32.7826293]]}},{"type":"Feature","properties":{"osm_id":617241685,"footway":"sidewalk","highway":"footway","surface":"concrete"},"geometry":{"type":"LineString","coordinates":[[-96.7994558,32.7805121],[-96.7994105,32.7803536],[-96.7992917,32.7799387]]}},{"type":"Feature","properties":{"osm_id":617241693,"button_operated":"no","crossing":"traffic_signals","crossing:markings":"lines","crossing:signals":"yes","footway":"crossing","highway":"footway","surface":"paving_stones"},"geometry":{"type":"LineString","coordinates":[[-96.7986039,32.7816519],[-96.798581,32.7815785],[-96.798561,32.7815111]]}},{"type":"Feature","properties":{"osm_id":617241695,"access":"private","highway":"service","service":"driveway"},"geometry":{"type":"LineString","coordinates":[[-96.798175,32.7816625],[-96.7981493,32.7815805],[-96.798109,32.7814522],[-96.7980662,32.7813159]]}},{"type":"Feature","properties":{"osm_id":617241697,"access":"private","highway":"service","service":"driveway"},"geometry":{"type":"LineString","coordinates":[[-96.7980662,32.7813159],[-96.7978759,32.7813581],[-96.7979187,32.7814945],[-96.798109,32.7814522]]}},{"type":"Feature","properties":{"osm_id":617241700,"crossing":"uncontrolled","crossing:markings":"lines","footway":"crossing","highway":"footway","lit":"yes","surface":"paving_stones"},"geometry":{"type":"LineString","coordinates":[[-96.7988003,32.7807995],[-96.7987814,32.780739],[-96.7987667,32.780693]]}},{"type":"Feature","properties":{"osm_id":617241702,"crossing":"uncontrolled","crossing:markings":"lines","footway":"crossing","highway":"footway","surface":"paving_stones"},"geometry":{"type":"LineString","coordinates":[[-96.7979055,32.780993],[-96.7978832,32.7809252],[-96.7978634,32.7808634]]}},{"type":"Feature","properties":{"osm_id":617241704,"crossing":"traffic_signals","crossing:markings":"surface","footway":"crossing","highway":"footway","lit":"yes","surface":"paving_stones"},"geometry":{"type":"LineString","coordinates":[[-96.797175,32.7809893],[-96.7970926,32.781008],[-96.7970152,32.7810262]]}},{"type":"Feature","properties":{"osm_id":617241706,"crossing":"traffic_signals","crossing:markings":"surface","footway":"crossing","highway":"footway","lit":"yes","surface":"paving_stones"},"geometry":{"type":"LineString","coordinates":[[-96.7972245,32.7811519],[-96.7972023,32.7810667],[-96.797175,32.7809893]]}},{"type":"Feature","properties":{"osm_id":617241708,"crossing":"traffic_signals","crossing:markings":"surface","footway":"crossing","highway":"footway","lit":"yes","surface":"paving_stones"},"geometry":{"type":"LineString","coordinates":[[-96.797073,32.7811925],[-96.7971447,32.7811773],[-96.7972245,32.7811519]]}},{"type":"Feature","properties":{"osm_id":617241710,"crossing":"traffic_signals","crossing:markings":"surface","footway":"crossing","highway":"footway","lit":"yes","surface":"paving_stones"},"geometry":{"type":"LineString","coordinates":[[-96.7970152,32.7810262],[-96.7970435,32.7810998],[-96.797073,32.7811925]]}},{"type":"Feature","properties":{"osm_id":617241712,"footway":"sidewalk","highway":"footway","lit":"yes","surface":"concrete"},"geometry":{"type":"LineString","coordinates":[[-96.797175,32.7809893],[-96.7971764,32.780982],[-96.7971668,32.7809779],[-96.7971488,32.7809555],[-96.7970015,32.7804372],[-96.7969973,32.7804332]]}},{"type":"Feature","properties":{"osm_id":617241715,"footway":"sidewalk","highway":"footway","lit":"no","surface":"concrete"},"geometry":{"type":"LineString","coordinates":[[-96.7994558,32.7805121],[-96.7989456,32.7806234],[-96.7987583,32.7806642],[-96.7978593,32.7808484],[-96.7971764,32.780982]]}},{"type":"Feature","properties":{"osm_id":617241717,"footway":"sidewalk","highway":"footway","surface":"paving_stones"},"geometry":{"type":"LineString","coordinates":[[-96.8003014,32.7805035],[-96.800926,32.7803676]]}},{"type":"Feature","properties":{"osm_id":617241720,"crossing":"traffic_signals","crossing:markings":"surface","footway":"crossing","highway":"footway","lit":"yes","surface":"concrete"},"geometry":{"type":"LineString","coordinates":[[-96.7995635,32.7804876],[-96.7995894,32.7805713],[-96.7996126,32.7806463]]}},{"type":"Feature","properties":{"osm_id":617241722,"crossing":"traffic_signals","crossing:markings":"surface","footway":"crossing","highway":"footway","lit":"yes","surface":"concrete"},"geometry":{"type":"LineString","coordinates":[[-96.7994558,32.7805121],[-96.7995104,32.7804996],[-96.7995635,32.7804876]]}},{"type":"Feature","properties":{"osm_id":617241724,"crossing":"traffic_signals","crossing:markings":"surface","footway":"crossing","highway":"footway","lit":"yes","surface":"concrete"},"geometry":{"type":"LineString","coordinates":[[-96.7995028,32.7806701],[-96.79948,32.7805941],[-96.7994558,32.7805121]]}},{"type":"Feature","properties":{"osm_id":617241726,"footway":"sidewalk","highway":"footway","surface":"concrete"},"geometry":{"type":"LineString","coordinates":[[-96.7994043,32.7799132],[-96.7995635,32.7804876]]}},{"type":"Feature","properties":{"osm_id":617241729,"crossing":"traffic_signals","crossing:markings":"surface","footway":"crossing","highway":"footway","lit":"yes","surface":"concrete"},"geometry":{"type":"LineString","coordinates":[[-96.7996126,32.7806463],[-96.7995584,32.780658],[-96.7995028,32.7806701]]}},{"type":"Feature","properties":{"osm_id":617241731,"footway":"sidewalk","highway":"footway","surface":"concrete"},"geometry":{"type":"LineString","coordinates":[[-96.7976142,32.7824844],[-96.7975991,32.7824703],[-96.7974408,32.7819401],[-96.7974446,32.7819249],[-96.7974587,32.7819179]]}},{"type":"Feature","properties":{"osm_id":617241733,"crossing":"traffic_signals","crossing:markings":"lines","footway":"crossing","highway":"footway","lit":"yes","surface":"paving_stones"},"geometry":{"type":"LineString","coordinates":[[-96.7975967,32.7824887],[-96.7975321,32.7825044],[-96.7974589,32.7825182]]}},{"type":"Feature","properties":{"osm_id":617241735,"crossing":"traffic_signals","crossing:markings":"surface","crossing:signals":"yes","footway":"crossing","highway":"footway","lit":"yes","surface":"paving_stones"},"geometry":{"type":"LineString","coordinates":[[-96.7972875,32.7819479],[-96.7973675,32.7819314],[-96.7974544,32.7819137]]}},{"type":"Feature","properties":{"osm_id":617241737,"crossing":"traffic_signals","crossing:markings":"surface","crossing:signals":"yes","footway":"crossing","highway":"footway","lit":"yes","surface":"paving_stones"},"geometry":{"type":"LineString","coordinates":[[-96.7972385,32.7817879],[-96.7972564,32.7818532],[-96.7972875,32.7819479]]}},{"type":"Feature","properties":{"osm_id":617241739,"crossing":"traffic_signals","crossing:markings":"surface","crossing:signals":"yes","footway":"crossing","highway":"footway","lit":"yes","surface":"paving_stones"},"geometry":{"type":"LineString","coordinates":[[-96.7974073,32.7817326],[-96.7973136,32.7817504],[-96.7972633,32.7817604]]}},{"type":"Feature","properties":{"osm_id":617241741,"crossing":"traffic_signals","crossing:markings":"surface","crossing:signals":"yes","footway":"crossing","highway":"footway","lit":"yes","surface":"paving_stones"},"geometry":{"type":"LineString","coordinates":[[-96.7974544,32.7819137],[-96.7974299,32.781818],[-96.7974073,32.7817326]]}},{"type":"Feature","properties":{"osm_id":617241743,"footway":"sidewalk","highway":"footway"},"geometry":{"type":"LineString","coordinates":[[-96.7995028,32.7806701],[-96.7988072,32.7808216],[-96.7983831,32.7809109],[-96.7979103,32.7810098],[-96.7972521,32.7811478],[-96.797232,32.7811605]]}},{"type":"Feature","properties":{"osm_id":617241745,"footway":"sidewalk","highway":"footway","lit":"yes","surface":"paving_stones"},"geometry":{"type":"LineString","coordinates":[[-96.8000811,32.7821033],[-96.8002558,32.7826895],[-96.8002873,32.7827952],[-96.8003203,32.782906],[-96.8003239,32.782918]]}},{"type":"Feature","properties":{"osm_id":617241749,"footway":"sidewalk","highway":"footway","lit":"yes","surface":"concrete"},"geometry":{"type":"LineString","coordinates":[[-96.7985327,32.781686],[-96.7985526,32.7816816],[-96.7986094,32.7816695],[-96.7996933,32.7814328]]}},{"type":"Feature","properties":{"osm_id":617241754,"highway":"footway"},"geometry":{"type":"LineString","coordinates":[[-96.7985526,32.7816816],[-96.7986259,32.7819238],[-96.7985763,32.7819344],[-96.7986439,32.7821575],[-96.7983745,32.7822151],[-96.7984047,32.782315]]}},{"type":"Feature","properties":{"osm_id":617242842,"crossing":"traffic_signals","crossing:markings":"lines","footway":"crossing","highway":"footway","lit":"no","surface":"paving_stones"},"geometry":{"type":"LineString","coordinates":[[-96.797632,32.7825015],[-96.7976688,32.7825368],[-96.7977448,32.7826099]]}},{"type":"Feature","properties":{"osm_id":617242843,"footway":"sidewalk","highway":"footway","lit":"yes","surface":"concrete"},"geometry":{"type":"LineString","coordinates":[[-96.7972839,32.7819584],[-96.7973118,32.781981],[-96.7973449,32.7820971],[-96.7974411,32.7824346],[-96.7974565,32.7824823],[-96.7974589,32.7825182]]}},{"type":"Feature","properties":{"osm_id":617242844,"crossing":"traffic_signals","crossing:markings":"lines","footway":"crossing","highway":"footway","lit":"yes","surface":"paving_stones"},"geometry":{"type":"LineString","coordinates":[[-96.7976063,32.78267],[-96.7975202,32.7825861],[-96.7974589,32.7825182]]}},{"type":"Feature","properties":{"osm_id":617242845,"crossing":"traffic_signals","crossing:markings":"lines","footway":"crossing","highway":"footway","lit":"yes","surface":"paving_stones"},"geometry":{"type":"LineString","coordinates":[[-96.7977501,32.7826331],[-96.7976776,32.7826517],[-96.7976063,32.78267]]}},{"type":"Feature","properties":{"osm_id":617242846,"footway":"sidewalk","highway":"footway","lit":"yes","surface":"concrete"},"geometry":{"type":"LineString","coordinates":[[-96.7960439,32.7822013],[-96.7960551,32.7821978],[-96.7969908,32.7820036],[-96.7972139,32.7819573],[-96.7972393,32.7819551],[-96.7972675,32.7819551],[-96.7972839,32.7819584],[-96.7972875,32.7819479]]}},{"type":"Feature","properties":{"osm_id":617252451,"highway":"service"},"geometry":{"type":"LineString","coordinates":[[-96.8039602,32.784245],[-96.8038956,32.7842404],[-96.8038812,32.7842394],[-96.8038537,32.7842376],[-96.8038282,32.7842287],[-96.8038073,32.7842136],[-96.8037929,32.7841937],[-96.8037866,32.7841712],[-96.8037953,32.7841402],[-96.8037947,32.7841159],[-96.8037658,32.7840877],[-96.8034889,32.7838662]]}},{"type":"Feature","properties":{"osm_id":617252452,"crossing":"unmarked","crossing:markings":"no","footway":"crossing","highway":"footway"},"geometry":{"type":"LineString","coordinates":[[-96.8052199,32.7828906],[-96.8051958,32.782869],[-96.8051811,32.7828559]]}},{"type":"Feature","properties":{"osm_id":617252453,"crossing":"unmarked","crossing:markings":"no","footway":"crossing","highway":"footway"},"geometry":{"type":"LineString","coordinates":[[-96.8052906,32.7828387],[-96.8052626,32.7828137],[-96.8052478,32.7828005]]}},{"type":"Feature","properties":{"osm_id":617252454,"footway":"sidewalk","highway":"footway"},"geometry":{"type":"LineString","coordinates":[[-96.8056843,32.783281],[-96.8056772,32.7832861],[-96.8056721,32.7832926],[-96.8056695,32.7833001],[-96.8056696,32.7833079],[-96.8056723,32.7833154],[-96.8056776,32.7833219]]}},{"type":"Feature","properties":{"osm_id":617252455,"footway":"sidewalk","highway":"footway","surface":"concrete"},"geometry":{"type":"LineString","coordinates":[[-96.8052148,32.7837048],[-96.8051844,32.7836866],[-96.8047851,32.7832974],[-96.8047814,32.7832898],[-96.804779,32.7832731]]}},{"type":"Feature","properties":{"osm_id":617252456,"crossing":"unmarked","crossing:markings":"no","footway":"crossing","highway":"footway"},"geometry":{"type":"LineString","coordinates":[[-96.8052308,32.7828927],[-96.8052735,32.7828589],[-96.8052915,32.7828448]]}},{"type":"Feature","properties":{"osm_id":617252457,"footway":"sidewalk","highway":"footway","surface":"concrete"},"geometry":{"type":"LineString","coordinates":[[-96.8056843,32.783281],[-96.8053188,32.7829315],[-96.8052746,32.7829095],[-96.8052263,32.7828963]]}},{"type":"Feature","properties":{"osm_id":617252458,"footway":"sidewalk","highway":"footway","surface":"concrete"},"geometry":{"type":"LineString","coordinates":[[-96.8052263,32.7828963],[-96.8051914,32.7829112],[-96.8051639,32.7829377],[-96.8051214,32.7829865],[-96.804779,32.7832731]]}},{"type":"Feature","properties":{"osm_id":617252459,"crossing":"unmarked","crossing:markings":"no","footway":"crossing","highway":"footway"},"geometry":{"type":"LineString","coordinates":[[-96.805738,32.783361],[-96.8057092,32.7833424],[-96.8056776,32.7833219]]}},{"type":"Feature","properties":{"osm_id":617252460,"crossing":"unmarked","crossing:markings":"no","footway":"crossing","highway":"footway"},"geometry":{"type":"LineString","coordinates":[[-96.8058151,32.7833129],[-96.8057919,32.7833318],[-96.8057546,32.7833621]]}},{"type":"Feature","properties":{"osm_id":617252463,"crossing":"marked","crossing:markings":"ladder","footway":"crossing","highway":"footway","surface":"paved"},"geometry":{"type":"LineString","coordinates":[[-96.8042878,32.7828495],[-96.8042615,32.7828717],[-96.8042216,32.7829037]]}},{"type":"Feature","properties":{"osm_id":617252464,"footway":"sidewalk","highway":"footway"},"geometry":{"type":"LineString","coordinates":[[-96.8043531,32.7835242],[-96.8043391,32.7835358],[-96.8043163,32.7835471],[-96.8042904,32.7835517],[-96.804264,32.7835493]]}},{"type":"Feature","properties":{"osm_id":617252465,"crossing":"uncontrolled","crossing:markings":"ladder","footway":"crossing","highway":"footway"},"geometry":{"type":"LineString","coordinates":[[-96.804217,32.7837253],[-96.8042168,32.7836937],[-96.8042166,32.7836506]]}},{"type":"Feature","properties":{"osm_id":617252468,"highway":"service","service":"parking_aisle"},"geometry":{"type":"LineString","coordinates":[[-96.8044651,32.7843121],[-96.8044781,32.7839866]]}},{"type":"Feature","properties":{"osm_id":617252470,"crossing":"traffic_signals","crossing:markings":"ladder","footway":"crossing","highway":"footway","surface":"paved"},"geometry":{"type":"LineString","coordinates":[[-96.8038005,32.7830125],[-96.8038143,32.7831036],[-96.803831,32.7832355]]}},{"type":"Feature","properties":{"osm_id":617252471,"crossing":"traffic_signals","crossing:markings":"ladder","footway":"crossing","highway":"footway","surface":"paved"},"geometry":{"type":"LineString","coordinates":[[-96.8040988,32.7830098],[-96.8040681,32.7828856],[-96.8040444,32.78279]]}},{"type":"Feature","properties":{"osm_id":617252472,"crossing":"traffic_signals","crossing:markings":"ladder","footway":"crossing","highway":"footway","surface":"paved"},"geometry":{"type":"LineString","coordinates":[[-96.8040444,32.78279],[-96.8039741,32.7828531],[-96.8038569,32.7829582],[-96.8038005,32.7830125]]}},{"type":"Feature","properties":{"osm_id":617252473,"footway":"sidewalk","highway":"footway"},"geometry":{"type":"LineString","coordinates":[[-96.805263,32.7820308],[-96.8052509,32.7820318],[-96.8052399,32.782036],[-96.8049592,32.7822702],[-96.8042941,32.7828194],[-96.8042947,32.7828337]]}},{"type":"Feature","properties":{"osm_id":617252474,"footway":"sidewalk","highway":"footway"},"geometry":{"type":"LineString","coordinates":[[-96.8042947,32.7828337],[-96.8042977,32.7828429],[-96.804309,32.7828593],[-96.8046992,32.783219],[-96.804725,32.7832258]]}},{"type":"Feature","properties":{"osm_id":617252475,"footway":"sidewalk","highway":"footway"},"geometry":{"type":"LineString","coordinates":[[-96.8052946,32.7828423],[-96.8057165,32.7832077],[-96.8057466,32.783232],[-96.8057688,32.7832356]]}},{"type":"Feature","properties":{"osm_id":617252479,"crossing":"uncontrolled","crossing:markings":"ladder","footway":"crossing","highway":"footway"},"geometry":{"type":"LineString","coordinates":[[-96.8058278,32.7832885],[-96.8058008,32.7832643],[-96.8057749,32.7832411]]}},{"type":"Feature","properties":{"osm_id":617252480,"highway":"service","oneway":"yes","service":"parking_aisle"},"geometry":{"type":"LineString","coordinates":[[-96.8055651,32.783974],[-96.8057017,32.7840878],[-96.8060879,32.7837219],[-96.8059575,32.783599]]}},{"type":"Feature","properties":{"osm_id":617252481,"highway":"service","oneway":"yes","service":"parking_aisle"},"geometry":{"type":"LineString","coordinates":[[-96.8059575,32.783599],[-96.8055651,32.783974]]}},{"type":"Feature","properties":{"osm_id":617252484,"highway":"service"},"geometry":{"type":"LineString","coordinates":[[-96.8042523,32.783229],[-96.8042026,32.7830763],[-96.8042081,32.7830622],[-96.8042222,32.7830558],[-96.8042413,32.7830611],[-96.8043432,32.7831515]]}},{"type":"Feature","properties":{"osm_id":617252485,"highway":"service"},"geometry":{"type":"LineString","coordinates":[[-96.8046192,32.7832054],[-96.8045805,32.7832379],[-96.8043184,32.7834546],[-96.8043754,32.7835056],[-96.8044049,32.7835319]]}},{"type":"Feature","properties":{"osm_id":617252487,"crossing":"uncontrolled","crossing:markings":"ladder","footway":"crossing","highway":"footway"},"geometry":{"type":"LineString","coordinates":[[-96.804779,32.7832731],[-96.8047321,32.7833107],[-96.8046952,32.7833408]]}},{"type":"Feature","properties":{"osm_id":617252488,"crossing":"uncontrolled","crossing:markings":"ladder","footway":"crossing","highway":"footway"},"geometry":{"type":"LineString","coordinates":[[-96.8046952,32.7833408],[-96.8046646,32.7833142],[-96.8046355,32.7832889]]}},{"type":"Feature","properties":{"osm_id":617252489,"crossing":"uncontrolled","crossing:markings":"ladder","footway":"crossing","highway":"footway"},"geometry":{"type":"LineString","coordinates":[[-96.804725,32.7832258],[-96.8047471,32.7832451],[-96.804779,32.7832731]]}},{"type":"Feature","properties":{"osm_id":617252490,"footway":"sidewalk","highway":"footway"},"geometry":{"type":"LineString","coordinates":[[-96.8057404,32.7824885],[-96.8053383,32.7828097],[-96.8052946,32.7828423]]}},{"type":"Feature","properties":{"osm_id":617252491,"crossing":"marked","crossing:markings":"ladder","footway":"crossing","highway":"footway"},"geometry":{"type":"LineString","coordinates":[[-96.8058831,32.7823775],[-96.8058252,32.7824225],[-96.8057566,32.7824759]]}},{"type":"Feature","properties":{"osm_id":617252492,"footway":"sidewalk","highway":"footway"},"geometry":{"type":"LineString","coordinates":[[-96.804725,32.7832258],[-96.8051764,32.7828517],[-96.8052432,32.7827963],[-96.8056818,32.7824328]]}},{"type":"Feature","properties":{"osm_id":617252493,"footway":"sidewalk","highway":"footway","surface":"paving_stones"},"geometry":{"type":"LineString","coordinates":[[-96.8056818,32.7824328],[-96.805685,32.7824283],[-96.8056866,32.7824217],[-96.8056857,32.782415],[-96.8056823,32.7824089],[-96.805285,32.7820389],[-96.8052748,32.7820333],[-96.805263,32.7820308]]}},{"type":"Feature","properties":{"osm_id":617252494,"footway":"sidewalk","highway":"footway"},"geometry":{"type":"LineString","coordinates":[[-96.8042196,32.7829117],[-96.8042284,32.7829137],[-96.8042359,32.782918],[-96.8043877,32.7830589]]}},{"type":"Feature","properties":{"osm_id":617252495,"footway":"sidewalk","highway":"footway"},"geometry":{"type":"LineString","coordinates":[[-96.8041078,32.7829929],[-96.8042023,32.7829157],[-96.8042106,32.7829125],[-96.8042196,32.7829117]]}},{"type":"Feature","properties":{"osm_id":617252496,"footway":"sidewalk","highway":"footway"},"geometry":{"type":"LineString","coordinates":[[-96.805142,32.7837689],[-96.8050637,32.7836933]]}},{"type":"Feature","properties":{"osm_id":617252497,"crossing":"uncontrolled","crossing:markings":"ladder","footway":"crossing","highway":"footway"},"geometry":{"type":"LineString","coordinates":[[-96.805142,32.7837689],[-96.8051756,32.7837958],[-96.805218,32.7838299]]}},{"type":"Feature","properties":{"osm_id":617252498,"crossing":"uncontrolled","crossing:markings":"ladder","footway":"crossing","highway":"footway"},"geometry":{"type":"LineString","coordinates":[[-96.8052148,32.7837048],[-96.8051837,32.783732],[-96.805142,32.7837689]]}},{"type":"Feature","properties":{"osm_id":617252499,"crossing":"unmarked","crossing:markings":"no","footway":"crossing","highway":"footway"},"geometry":{"type":"LineString","coordinates":[[-96.805218,32.7838299],[-96.8052543,32.7837979],[-96.8052908,32.7837659]]}},{"type":"Feature","properties":{"osm_id":617252500,"crossing":"uncontrolled","crossing:markings":"ladder","footway":"crossing","highway":"footway"},"geometry":{"type":"LineString","coordinates":[[-96.8052908,32.7837659],[-96.8052496,32.7837327],[-96.8052148,32.7837048]]}},{"type":"Feature","properties":{"osm_id":617252503,"footway":"sidewalk","highway":"footway"},"geometry":{"type":"LineString","coordinates":[[-96.8046952,32.7833408],[-96.8043916,32.7835832],[-96.8042329,32.7837199],[-96.8042171,32.7837442],[-96.8042099,32.7837712],[-96.8042121,32.7837988]]}},{"type":"Feature","properties":{"osm_id":617252504,"crossing":"uncontrolled","crossing:markings":"ladder","footway":"crossing","highway":"footway","surface":"paved"},"geometry":{"type":"LineString","coordinates":[[-96.8041965,32.7838072],[-96.8041387,32.7838385],[-96.8039786,32.783925],[-96.8039247,32.7839541]]}},{"type":"Feature","properties":{"osm_id":617252505,"crossing":"traffic_signals","crossing:markings":"ladder","footway":"crossing","highway":"footway","surface":"paved"},"geometry":{"type":"LineString","coordinates":[[-96.8040988,32.7830098],[-96.8040223,32.7830704],[-96.8039036,32.7831631],[-96.803831,32.7832355]]}},{"type":"Feature","properties":{"osm_id":617252506,"footway":"sidewalk","highway":"footway"},"geometry":{"type":"LineString","coordinates":[[-96.804264,32.7835493],[-96.80424,32.78354],[-96.8042216,32.7835308],[-96.8042078,32.7835053],[-96.8041829,32.7833842],[-96.8040972,32.7830282],[-96.8040988,32.7830098],[-96.8041078,32.7829929]]}},{"type":"Feature","properties":{"osm_id":617252507,"highway":"service"},"geometry":{"type":"LineString","coordinates":[[-96.8033342,32.7839763],[-96.8029861,32.7842574],[-96.8029131,32.7842007],[-96.802871,32.7842378],[-96.8028299,32.7842746]]}},{"type":"Feature","properties":{"osm_id":617252508,"footway":"sidewalk","highway":"footway","lit":"no","surface":"concrete"},"geometry":{"type":"LineString","coordinates":[[-96.8038237,32.783251],[-96.8038121,32.7832511],[-96.8038028,32.7832512],[-96.8037832,32.7832573],[-96.8037592,32.7832667],[-96.8027477,32.7841298]]}},{"type":"Feature","properties":{"osm_id":617265238,"footway":"sidewalk","highway":"footway","surface":"concrete"},"geometry":{"type":"LineString","coordinates":[[-96.805129,32.7819018],[-96.8051213,32.7818869],[-96.8049967,32.7817773],[-96.8047129,32.7815153],[-96.8046912,32.7815078],[-96.8046927,32.781488]]}},{"type":"Feature","properties":{"osm_id":617265239,"crossing":"traffic_signals","crossing:markings":"ladder","crossing:signals":"yes","footway":"crossing","highway":"footway"},"geometry":{"type":"LineString","coordinates":[[-96.8048767,32.7813203],[-96.8047959,32.7813941],[-96.8046927,32.781488]]}},{"type":"Feature","properties":{"osm_id":617265241,"footway":"sidewalk","highway":"footway","surface":"concrete"},"geometry":{"type":"LineString","coordinates":[[-96.8038428,32.7822119],[-96.8038455,32.7822046],[-96.8038533,32.7821915],[-96.8038657,32.7821811],[-96.8039683,32.7820833],[-96.8046711,32.7815119],[-96.8046912,32.7815078]]}},{"type":"Feature","properties":{"osm_id":617265242,"footway":"sidewalk","highway":"footway"},"geometry":{"type":"LineString","coordinates":[[-96.8038154,32.7820678],[-96.8038031,32.7820776],[-96.8037875,32.7820833],[-96.8037705,32.7820841]]}},{"type":"Feature","properties":{"osm_id":617265246,"crossing":"traffic_signals","crossing:markings":"lines;surface","crossing:signals":"yes","footway":"crossing","highway":"footway","surface":"paving_stones"},"geometry":{"type":"LineString","coordinates":[[-96.8048293,32.7811077],[-96.8048215,32.7810784],[-96.8048105,32.781039],[-96.8047966,32.7809893]]}},{"type":"Feature","properties":{"osm_id":617265249,"footway":"sidewalk","highway":"footway","surface":"concrete"},"geometry":{"type":"LineString","coordinates":[[-96.8045333,32.7810068],[-96.804475,32.781006],[-96.8040582,32.7810677],[-96.8034664,32.78119]]}},{"type":"Feature","properties":{"osm_id":617265250,"footway":"sidewalk","highway":"footway","surface":"concrete"},"geometry":{"type":"LineString","coordinates":[[-96.8021062,32.7834422],[-96.8021321,32.7834457],[-96.8021581,32.7834428],[-96.802182,32.7834338],[-96.8025568,32.7831201],[-96.8026786,32.7830181]]}},{"type":"Feature","properties":{"osm_id":617265251,"crossing":"traffic_signals","crossing:markings":"surface","crossing:signals":"yes","footway":"crossing","highway":"footway","surface":"paving_stones"},"geometry":{"type":"LineString","coordinates":[[-96.8037792,32.782098],[-96.8037153,32.7821501],[-96.803604,32.782241],[-96.8035412,32.7822922]]}},{"type":"Feature","properties":{"osm_id":617265252,"crossing":"traffic_signals","crossing:markings":"surface","crossing:signals":"yes","footway":"crossing","highway":"footway","surface":"paving_stones"},"geometry":{"type":"LineString","coordinates":[[-96.8037792,32.782098],[-96.8038038,32.7821376],[-96.8038387,32.7821937]]}},{"type":"Feature","properties":{"osm_id":617265253,"footway":"sidewalk","highway":"footway"},"geometry":{"type":"LineString","coordinates":[[-96.8037705,32.7820841],[-96.8037542,32.7820801],[-96.8037405,32.7820717],[-96.803731,32.7820599],[-96.8036956,32.7819758]]}},{"type":"Feature","properties":{"osm_id":617265254,"footway":"sidewalk","highway":"footway","name":"~","surface":"concrete"},"geometry":{"type":"LineString","coordinates":[[-96.8021518,32.7836282],[-96.802154,32.7836137],[-96.8021619,32.7836007],[-96.802474,32.7833408],[-96.8027597,32.7830996],[-96.8031747,32.7827567],[-96.8032932,32.782658],[-96.8035627,32.7824257],[-96.8035743,32.7824199],[-96.803601,32.782415]]}},{"type":"Feature","properties":{"osm_id":617265255,"highway":"service","service":"driveway"},"geometry":{"type":"LineString","coordinates":[[-96.803783,32.7826788],[-96.8037326,32.7827183],[-96.8035406,32.7828689]]}},{"type":"Feature","properties":{"osm_id":617265256,"footway":"sidewalk","highway":"footway","surface":"concrete"},"geometry":{"type":"LineString","coordinates":[[-96.803601,32.782415],[-96.8036162,32.7824204],[-96.8036259,32.7824293],[-96.8036407,32.7824552],[-96.8036884,32.7825729],[-96.8037202,32.7826654],[-96.8037283,32.7827001]]}},{"type":"Feature","properties":{"osm_id":617265257,"crossing":"traffic_signals","crossing:island":"no","crossing:markings":"surface","crossing:signals":"yes","footway":"crossing","highway":"footway","surface":"paving_stones"},"geometry":{"type":"LineString","coordinates":[[-96.8038292,32.7822302],[-96.8037812,32.7822691],[-96.8036691,32.7823598],[-96.803601,32.782415]]}},{"type":"Feature","properties":{"osm_id":617265258,"footway":"sidewalk","highway":"footway","surface":"concrete"},"geometry":{"type":"LineString","coordinates":[[-96.8041782,32.7826886],[-96.8041664,32.7826902],[-96.8041279,32.782671],[-96.8040991,32.7826479],[-96.8040481,32.7826045],[-96.8039831,32.7825369],[-96.8039721,32.782509]]}},{"type":"Feature","properties":{"osm_id":617265259,"highway":"service"},"geometry":{"type":"LineString","coordinates":[[-96.8043852,32.7826162],[-96.8043254,32.7825692],[-96.8042828,32.7825357],[-96.8042173,32.782389]]}},{"type":"Feature","properties":{"osm_id":617265260,"highway":"service"},"geometry":{"type":"LineString","coordinates":[[-96.8042173,32.782389],[-96.8042094,32.782379],[-96.804198,32.7823718],[-96.8041845,32.7823681],[-96.8041702,32.7823684],[-96.8041569,32.7823726],[-96.803998,32.7824369],[-96.8039511,32.7824559],[-96.8038792,32.782485]]}},{"type":"Feature","properties":{"osm_id":617265261,"highway":"service","service":"driveway"},"geometry":{"type":"LineString","coordinates":[[-96.8042828,32.7825357],[-96.804207,32.7825876],[-96.8041752,32.7825974],[-96.8041414,32.7825984],[-96.8041088,32.7825907],[-96.8040806,32.7825749],[-96.8040595,32.7825526],[-96.803998,32.7824369]]}},{"type":"Feature","properties":{"osm_id":617265262,"footway":"sidewalk","highway":"footway","surface":"concrete"},"geometry":{"type":"LineString","coordinates":[[-96.8045751,32.7823668],[-96.8043254,32.7825692],[-96.8042345,32.7826428],[-96.8041782,32.7826886]]}},{"type":"Feature","properties":{"osm_id":617265263,"crossing":"traffic_signals","crossing:markings":"surface","crossing:signals":"yes","footway":"crossing","highway":"footway","surface":"paving_stones"},"geometry":{"type":"LineString","coordinates":[[-96.8052945,32.781777],[-96.8053406,32.7818172],[-96.8054032,32.7818705]]}},{"type":"Feature","properties":{"osm_id":617265264,"crossing":"traffic_signals","crossing:markings":"surface","crossing:signals":"yes","footway":"crossing","highway":"footway","surface":"paving_stones"},"geometry":{"type":"LineString","coordinates":[[-96.805129,32.7819018],[-96.8052008,32.7818477],[-96.8052945,32.781777]]}},{"type":"Feature","properties":{"osm_id":617265265,"crossing":"traffic_signals","crossing:markings":"surface","crossing:signals":"yes","footway":"crossing","highway":"footway","surface":"paving_stones"},"geometry":{"type":"LineString","coordinates":[[-96.805263,32.7820308],[-96.80519,32.7819611],[-96.805129,32.7819018]]}},{"type":"Feature","properties":{"osm_id":617265266,"crossing":"traffic_signals","crossing:markings":"surface","crossing:signals":"yes","footway":"crossing","highway":"footway","surface":"paving_stones"},"geometry":{"type":"LineString","coordinates":[[-96.805462,32.7819218],[-96.805349,32.7819846],[-96.805263,32.7820308]]}},{"type":"Feature","properties":{"osm_id":617265267,"footway":"sidewalk","highway":"footway","surface":"concrete"},"geometry":{"type":"LineString","coordinates":[[-96.8047948,32.7809829],[-96.8047932,32.7809771],[-96.8047827,32.7808387],[-96.804777,32.7807644],[-96.8046666,32.78039],[-96.8048573,32.7803553],[-96.8051877,32.7802835],[-96.8053939,32.7802387]]}},{"type":"Feature","properties":{"osm_id":617265268,"footway":"sidewalk","highway":"footway"},"geometry":{"type":"LineString","coordinates":[[-96.8048293,32.7811077],[-96.8048875,32.7813105],[-96.8049286,32.7813958],[-96.8049809,32.7814798],[-96.805029,32.7815388],[-96.805078,32.7815901],[-96.8052734,32.7817588],[-96.8052945,32.781777],[-96.8053289,32.7817656]]}},{"type":"Feature","properties":{"osm_id":617265269,"footway":"sidewalk","highway":"footway"},"geometry":{"type":"LineString","coordinates":[[-96.8066187,32.7813819],[-96.8060707,32.7815023],[-96.8058164,32.7815559],[-96.8054865,32.7816912],[-96.8053289,32.7817656]]}},{"type":"Feature","properties":{"osm_id":617265271,"footway":"sidewalk","highway":"footway"},"geometry":{"type":"LineString","coordinates":[[-96.805462,32.7819218],[-96.8054722,32.781902],[-96.8054855,32.7818846],[-96.8056548,32.7817933],[-96.8058596,32.7817222],[-96.8059576,32.7817015],[-96.8066721,32.7815611]]}},{"type":"Feature","properties":{"osm_id":617466082,"bicycle":"yes","footway":"sidewalk","highway":"footway","surface":"concrete","width":"3"},"geometry":{"type":"LineString","coordinates":[[-96.8060015,32.7793181],[-96.8059545,32.7793223],[-96.8053148,32.7794599],[-96.8051277,32.779501],[-96.8044146,32.7796467]]}},{"type":"Feature","properties":{"osm_id":617466083,"bicycle":"yes","crossing":"traffic_signals","crossing:island":"no","crossing:markings":"ladder","crossing:signals":"yes","footway":"crossing","highway":"footway"},"geometry":{"type":"LineString","coordinates":[[-96.8052556,32.7792718],[-96.8052874,32.7793733]]}},{"type":"Feature","properties":{"osm_id":617466084,"bicycle":"yes","crossing":"traffic_signals","crossing:island":"no","crossing:markings":"ladder","crossing:signals":"yes","footway":"crossing","highway":"footway"},"geometry":{"type":"LineString","coordinates":[[-96.8050767,32.7793212],[-96.8051011,32.7794119]]}},{"type":"Feature","properties":{"osm_id":617466086,"crossing":"traffic_signals","crossing:markings":"surface","crossing:signals":"yes","footway":"crossing","highway":"footway","surface":"paving_stones"},"geometry":{"type":"LineString","coordinates":[[-96.8059483,32.7791461],[-96.805974,32.7792261],[-96.8059936,32.7792915]]}},{"type":"Feature","properties":{"osm_id":617466089,"bicycle":"yes","footway":"sidewalk","highway":"footway","surface":"concrete","width":"3"},"geometry":{"type":"LineString","coordinates":[[-96.806147,32.7790875],[-96.8061295,32.7790673],[-96.8059807,32.7785357],[-96.805981,32.7785263]]}},{"type":"Feature","properties":{"osm_id":617466090,"bicycle":"yes","footway":"sidewalk","highway":"footway","surface":"concrete","width":"6"},"geometry":{"type":"LineString","coordinates":[[-96.805981,32.7785263],[-96.8059905,32.7785183],[-96.8063544,32.7784459],[-96.8067593,32.7783601],[-96.8072964,32.7782433],[-96.807404,32.7782214],[-96.807527,32.7782022]]}},{"type":"Feature","properties":{"osm_id":617466110,"footway":"sidewalk","highway":"footway"},"geometry":{"type":"LineString","coordinates":[[-96.8059442,32.7791332],[-96.8057899,32.7791642],[-96.8054297,32.7792341],[-96.8052556,32.7792718]]}},{"type":"Feature","properties":{"osm_id":617466111,"bicycle":"yes","crossing":"traffic_signals","crossing:markings":"surface","crossing:signals":"yes","footway":"crossing","highway":"footway","surface":"paving_stones"},"geometry":{"type":"LineString","coordinates":[[-96.8061239,32.7790929],[-96.8060387,32.7791127],[-96.8059627,32.7791292]]}},{"type":"Feature","properties":{"osm_id":617470777,"footway":"sidewalk","highway":"footway","surface":"concrete"},"geometry":{"type":"LineString","coordinates":[[-96.8057634,32.7777889],[-96.8059023,32.7777576],[-96.8059657,32.7777442],[-96.8060266,32.7777312],[-96.8064328,32.777641]]}},{"type":"Feature","properties":{"osm_id":617470778,"crossing":"traffic_signals","crossing:markings":"surface","crossing:signals":"yes","footway":"crossing","highway":"footway","surface":"paving_stones"},"geometry":{"type":"LineString","coordinates":[[-96.8057447,32.7777928],[-96.8056462,32.7778134],[-96.8055827,32.7778287]]}},{"type":"Feature","properties":{"osm_id":617470779,"crossing":"traffic_signals","crossing:markings":"surface","crossing:signals":"yes","footway":"crossing","highway":"footway","surface":"paving_stones"},"geometry":{"type":"LineString","coordinates":[[-96.8057229,32.7776208],[-96.8057388,32.7776906],[-96.8057554,32.777757]]}},{"type":"Feature","properties":{"osm_id":617470780,"crossing":"traffic_signals","crossing:markings":"surface","crossing:signals":"yes","footway":"crossing","highway":"footway","surface":"paving_stones"},"geometry":{"type":"LineString","coordinates":[[-96.805523,32.7776311],[-96.805589,32.7776167],[-96.8056809,32.7775955]]}},{"type":"Feature","properties":{"osm_id":617470781,"footway":"sidewalk","highway":"footway","surface":"paving_stones"},"geometry":{"type":"LineString","coordinates":[[-96.8059229,32.7783459],[-96.8057634,32.7777889]]}},{"type":"Feature","properties":{"osm_id":617470782,"footway":"sidewalk","highway":"footway","lit":"yes","surface":"concrete"},"geometry":{"type":"LineString","coordinates":[[-96.805724,32.7783956],[-96.8057195,32.7783979],[-96.805532,32.7784396]]}},{"type":"Feature","properties":{"osm_id":617470783,"footway":"sidewalk","highway":"footway","lit":"yes","surface":"concrete"},"geometry":{"type":"LineString","coordinates":[[-96.805724,32.7783956],[-96.8057242,32.778391],[-96.8055612,32.7778339]]}},{"type":"Feature","properties":{"osm_id":617470784,"footway":"sidewalk","highway":"footway","surface":"concrete","width":"3.7"},"geometry":{"type":"LineString","coordinates":[[-96.8067113,32.7781845],[-96.8059356,32.7783486],[-96.8059229,32.7783459]]}},{"type":"Feature","properties":{"osm_id":617470785,"crossing":"traffic_signals","crossing:markings":"surface","crossing:signals":"yes","footway":"crossing","highway":"footway","surface":"paving_stones"},"geometry":{"type":"LineString","coordinates":[[-96.8059432,32.7783731],[-96.8059625,32.778435],[-96.8059845,32.7785006]]}},{"type":"Feature","properties":{"osm_id":617470786,"crossing":"traffic_signals","crossing:markings":"surface","crossing:signals":"yes","footway":"crossing","highway":"footway","surface":"paving_stones"},"geometry":{"type":"LineString","coordinates":[[-96.8057538,32.7783846],[-96.8058177,32.7783707],[-96.8058996,32.7783513]]}},{"type":"Feature","properties":{"osm_id":617470787,"crossing":"traffic_signals","crossing:markings":"surface","crossing:signals":"yes","footway":"crossing","highway":"footway","surface":"paving_stones"},"geometry":{"type":"LineString","coordinates":[[-96.8057655,32.7785507],[-96.8057433,32.7784811],[-96.805726,32.7784207]]}},{"type":"Feature","properties":{"osm_id":617470788,"crossing":"traffic_signals","crossing:markings":"surface","crossing:signals":"yes","footway":"crossing","highway":"footway","surface":"paving_stones"},"geometry":{"type":"LineString","coordinates":[[-96.8059634,32.7785392],[-96.8058758,32.778557],[-96.805808,32.7785724]]}},{"type":"Feature","properties":{"osm_id":617491383,"footway":"sidewalk","highway":"footway"},"geometry":{"type":"LineString","coordinates":[[-96.804049,32.7795316],[-96.8032485,32.7797099],[-96.8030601,32.7797519]]}},{"type":"Feature","properties":{"osm_id":617491384,"bicycle":"yes","footway":"sidewalk","highway":"footway","surface":"paved","width":"3"},"geometry":{"type":"LineString","coordinates":[[-96.8046127,32.7802204],[-96.8045777,32.7801984],[-96.8044146,32.7796467]]}},{"type":"Feature","properties":{"osm_id":617491385,"bicycle":"yes","crossing":"traffic_signals","crossing:island":"no","crossing:markings":"ladder","crossing:signals":"yes","footway":"crossing","highway":"footway"},"geometry":{"type":"LineString","coordinates":[[-96.8055312,32.7802089],[-96.8055064,32.7801186],[-96.8054853,32.780048]]}},{"type":"Feature","properties":{"osm_id":617491386,"bicycle":"yes","crossing":"traffic_signals","crossing:island":"no","crossing:markings":"ladder","crossing:signals":"yes","footway":"crossing","highway":"footway"},"geometry":{"type":"LineString","coordinates":[[-96.8053939,32.7802387],[-96.8053655,32.7801485],[-96.8053454,32.7800823]]}},{"type":"Feature","properties":{"osm_id":617491387,"footway":"sidewalk","highway":"footway"},"geometry":{"type":"LineString","coordinates":[[-96.8062407,32.7800752],[-96.8062164,32.7800663],[-96.8061949,32.7800648],[-96.8059579,32.7801163],[-96.8055312,32.7802089]]}},{"type":"Feature","properties":{"osm_id":617491388,"crossing":"traffic_signals","crossing:markings":"lines;surface","crossing:signals":"yes","footway":"crossing","highway":"footway","surface":"asphalt"},"geometry":{"type":"LineString","coordinates":[[-96.804386,32.7804463],[-96.8043655,32.7803637],[-96.8043476,32.780287]]}},{"type":"Feature","properties":{"osm_id":617491389,"bicycle":"yes","crossing":"traffic_signals","crossing:island":"no","crossing:markings":"lines;surface","crossing:signals":"yes","footway":"crossing","highway":"footway","surface":"asphalt"},"geometry":{"type":"LineString","coordinates":[[-96.8045951,32.780224],[-96.8044971,32.7802438],[-96.8044172,32.7802592]]}},{"type":"Feature","properties":{"osm_id":617491390,"bicycle":"yes","crossing":"traffic_signals","crossing:island":"no","crossing:markings":"lines;surface","crossing:signals":"yes","footway":"crossing","highway":"footway","surface":"asphalt"},"geometry":{"type":"LineString","coordinates":[[-96.8046163,32.7802311],[-96.8046412,32.780306],[-96.8046666,32.78039]]}},{"type":"Feature","properties":{"osm_id":617491391,"crossing":"traffic_signals","crossing:markings":"lines;surface","crossing:signals":"yes","footway":"crossing","highway":"footway","surface":"asphalt"},"geometry":{"type":"LineString","coordinates":[[-96.8046666,32.78039],[-96.8045409,32.7804178],[-96.804386,32.7804463]]}},{"type":"Feature","properties":{"osm_id":617491392,"bicycle":"yes","footway":"sidewalk","highway":"footway","surface":"paved","width":"3"},"geometry":{"type":"LineString","coordinates":[[-96.8061796,32.7798761],[-96.8054794,32.7800283],[-96.8053386,32.7800597],[-96.8046127,32.7802204]]}},{"type":"Feature","properties":{"osm_id":617491393,"crossing":"traffic_signals","crossing:markings":"ladder","footway":"crossing","highway":"footway","surface":"paved"},"geometry":{"type":"LineString","coordinates":[[-96.8043609,32.7794579],[-96.8043874,32.7795569],[-96.8044146,32.7796467]]}},{"type":"Feature","properties":{"osm_id":617491394,"crossing":"traffic_signals","crossing:markings":"ladder","footway":"crossing","highway":"footway","surface":"paving_stones"},"geometry":{"type":"LineString","coordinates":[[-96.804181,32.7795026],[-96.8042678,32.7794808],[-96.8043609,32.7794579]]}},{"type":"Feature","properties":{"osm_id":617491395,"crossing":"traffic_signals","crossing:markings":"ladder","footway":"crossing","highway":"footway","surface":"paving_stones"},"geometry":{"type":"LineString","coordinates":[[-96.8042323,32.779689],[-96.8042042,32.7795947],[-96.804181,32.7795026]]}},{"type":"Feature","properties":{"osm_id":617491396,"crossing":"traffic_signals","crossing:markings":"ladder","footway":"crossing","highway":"footway","surface":"paving_stones"},"geometry":{"type":"LineString","coordinates":[[-96.8044146,32.7796467],[-96.8043236,32.7796685],[-96.8042323,32.779689]]}},{"type":"Feature","properties":{"osm_id":617491397,"footway":"sidewalk","highway":"footway"},"geometry":{"type":"LineString","coordinates":[[-96.8039958,32.7789447],[-96.8040289,32.7790538],[-96.8041289,32.7793838],[-96.8041664,32.7794541],[-96.804181,32.7795026]]}},{"type":"Feature","properties":{"osm_id":617491399,"footway":"sidewalk","highway":"footway","surface":"concrete"},"geometry":{"type":"LineString","coordinates":[[-96.8048427,32.7785909],[-96.8046754,32.7780118]]}},{"type":"Feature","properties":{"osm_id":617491400,"footway":"sidewalk","highway":"footway","surface":"concrete"},"geometry":{"type":"LineString","coordinates":[[-96.8050463,32.7785464],[-96.804872,32.7779658]]}},{"type":"Feature","properties":{"osm_id":617491401,"footway":"sidewalk","highway":"footway","lit":"no","surface":"concrete"},"geometry":{"type":"LineString","coordinates":[[-96.8039496,32.778774],[-96.8039502,32.7787608],[-96.8038135,32.7783202],[-96.803818,32.7782829],[-96.8038223,32.7782453],[-96.8038073,32.7782091],[-96.8037949,32.7781998]]}},{"type":"Feature","properties":{"osm_id":617491402,"crossing":"traffic_signals","crossing:markings":"ladder","footway":"crossing","highway":"footway","surface":"asphalt"},"geometry":{"type":"LineString","coordinates":[[-96.8039812,32.7787687],[-96.8040505,32.7787572],[-96.8041546,32.7787335]]}},{"type":"Feature","properties":{"osm_id":617491403,"crossing":"traffic_signals","crossing:markings":"ladder","footway":"crossing","highway":"footway","surface":"asphalt"},"geometry":{"type":"LineString","coordinates":[[-96.8039905,32.7789112],[-96.8039718,32.7788539],[-96.8039548,32.778792]]}},{"type":"Feature","properties":{"osm_id":617491404,"crossing":"traffic_signals","crossing:markings":"ladder","footway":"crossing","highway":"footway","surface":"asphalt"},"geometry":{"type":"LineString","coordinates":[[-96.8042061,32.7789001],[-96.8041011,32.7789206],[-96.80402,32.7789341]]}},{"type":"Feature","properties":{"osm_id":617491405,"crossing":"traffic_signals","crossing:markings":"ladder","footway":"crossing","highway":"footway","surface":"asphalt"},"geometry":{"type":"LineString","coordinates":[[-96.8041787,32.7787375],[-96.8041999,32.7788038],[-96.8042273,32.778881]]}},{"type":"Feature","properties":{"osm_id":617491406,"footway":"sidewalk","highway":"footway","lit":"yes","surface":"concrete"},"geometry":{"type":"LineString","coordinates":[[-96.8048427,32.7785909],[-96.8041758,32.7787284],[-96.8041661,32.7787308]]}},{"type":"Feature","properties":{"osm_id":617491407,"crossing":"traffic_signals","crossing:markings":"ladder","crossing:signals":"yes","footway":"crossing","highway":"footway"},"geometry":{"type":"LineString","coordinates":[[-96.8048427,32.7785909],[-96.8048646,32.7786618],[-96.804895,32.7787552]]}},{"type":"Feature","properties":{"osm_id":617491408,"highway":"service","oneway":"yes"},"geometry":{"type":"LineString","coordinates":[[-96.8050537,32.778948],[-96.8049407,32.778972],[-96.8049193,32.7789765]]}},{"type":"Feature","properties":{"osm_id":617491409,"highway":"service","oneway":"yes"},"geometry":{"type":"LineString","coordinates":[[-96.804982,32.7791802],[-96.8050041,32.7791752],[-96.8051161,32.7791504]]}},{"type":"Feature","properties":{"osm_id":617491410,"highway":"service","oneway":"yes"},"geometry":{"type":"LineString","coordinates":[[-96.804937,32.7792497],[-96.8050216,32.7792315],[-96.8051332,32.7792082]]}},{"type":"Feature","properties":{"osm_id":617491411,"crossing":"traffic_signals","crossing:markings":"ladder","crossing:signals":"yes","footway":"crossing","highway":"footway"},"geometry":{"type":"LineString","coordinates":[[-96.8050971,32.7787107],[-96.8049882,32.7787345],[-96.804895,32.7787552]]}},{"type":"Feature","properties":{"osm_id":617491412,"footway":"sidewalk","highway":"footway","surface":"concrete","width":"6"},"geometry":{"type":"LineString","coordinates":[[-96.8048793,32.7787753],[-96.8049341,32.778951],[-96.8049407,32.778972],[-96.804948,32.7789955],[-96.8049885,32.7791252],[-96.8050041,32.7791752],[-96.8050216,32.7792315],[-96.8050255,32.7792438],[-96.8050404,32.7792942]]}},{"type":"Feature","properties":{"osm_id":617491413,"bicycle":"yes","footway":"sidewalk","highway":"footway","surface":"concrete","width":"3"},"geometry":{"type":"LineString","coordinates":[[-96.8043767,32.7794321],[-96.8042851,32.7791265],[-96.8042677,32.7790701],[-96.8042535,32.7790206],[-96.8042333,32.7789653],[-96.8042161,32.7788986]]}},{"type":"Feature","properties":{"osm_id":617491414,"bicycle":"yes","footway":"sidewalk","highway":"footway","surface":"concrete","width":"4"},"geometry":{"type":"LineString","coordinates":[[-96.8050404,32.7792942],[-96.8043767,32.7794321]]}},{"type":"Feature","properties":{"osm_id":617491415,"crossing":"traffic_signals","crossing:markings":"ladder","crossing:signals":"yes","footway":"crossing","highway":"footway","surface":"asphalt"},"geometry":{"type":"LineString","coordinates":[[-96.8050463,32.7785464],[-96.8049361,32.7785705],[-96.8048427,32.7785909]]}},{"type":"Feature","properties":{"osm_id":617491416,"crossing":"traffic_signals","crossing:markings":"ladder","crossing:signals":"yes","footway":"crossing","highway":"footway","surface":"asphalt"},"geometry":{"type":"LineString","coordinates":[[-96.8050971,32.7787107],[-96.8050687,32.7786186],[-96.8050463,32.7785464]]}},{"type":"Feature","properties":{"osm_id":617491417,"bicycle":"yes","footway":"sidewalk","highway":"footway","lit":"yes","surface":"concrete","width":"3"},"geometry":{"type":"LineString","coordinates":[[-96.8048793,32.7787753],[-96.8043997,32.7788731],[-96.8043491,32.7788822],[-96.8042822,32.778888],[-96.804232,32.7788943],[-96.8042161,32.7788986]]}},{"type":"Feature","properties":{"osm_id":617491418,"footway":"sidewalk","highway":"footway","surface":"concrete"},"geometry":{"type":"LineString","coordinates":[[-96.8050971,32.7787107],[-96.8052556,32.7792718]]}},{"type":"Feature","properties":{"osm_id":617491419,"footway":"sidewalk","highway":"footway","surface":"concrete"},"geometry":{"type":"LineString","coordinates":[[-96.8057807,32.778568],[-96.8057707,32.7785669],[-96.805431,32.7786439]]}},{"type":"Feature","properties":{"osm_id":617491420,"footway":"sidewalk","highway":"footway","surface":"concrete"},"geometry":{"type":"LineString","coordinates":[[-96.8057807,32.778568],[-96.8057846,32.7785777],[-96.8059098,32.7789903],[-96.8059458,32.7791069],[-96.8059442,32.7791332]]}},{"type":"Feature","properties":{"osm_id":617648125,"bicycle":"yes","footway":"sidewalk","highway":"footway","surface":"concrete","width":"3"},"geometry":{"type":"LineString","coordinates":[[-96.8056486,32.7773948],[-96.8056972,32.7775784],[-96.8057026,32.7775905],[-96.8057188,32.7776025],[-96.8057442,32.7776037],[-96.8060624,32.7775324],[-96.8063843,32.7774673]]}},{"type":"Feature","properties":{"osm_id":617648150,"footway":"sidewalk","highway":"footway","surface":"concrete"},"geometry":{"type":"LineString","coordinates":[[-96.8062214,32.7768907],[-96.8062097,32.7768932],[-96.8055606,32.7770309]]}},{"type":"Feature","properties":{"osm_id":617648941,"footway":"sidewalk","highway":"footway","surface":"concrete"},"geometry":{"type":"LineString","coordinates":[[-96.8053997,32.7760897],[-96.8048807,32.7742882],[-96.8048196,32.7740984],[-96.8048104,32.7739956],[-96.8048097,32.7737798],[-96.8048933,32.7734908],[-96.8049563,32.773375],[-96.8050983,32.7731694]]}},{"type":"Feature","properties":{"osm_id":617648942,"crossing":"unmarked","footway":"crossing","highway":"footway","surface":"concrete"},"geometry":{"type":"LineString","coordinates":[[-96.8056213,32.777294],[-96.8056272,32.7773159],[-96.8056414,32.7773681],[-96.8056486,32.7773948]]}},{"type":"Feature","properties":{"osm_id":617648943,"crossing":"traffic_signals","crossing:markings":"surface","crossing:signals":"yes","footway":"crossing","highway":"footway","surface":"paving_stones"},"geometry":{"type":"LineString","coordinates":[[-96.8055063,32.7768648],[-96.8054283,32.7768823],[-96.8053597,32.7768977]]}},{"type":"Feature","properties":{"osm_id":617648944,"crossing":"traffic_signals","crossing:markings":"surface","crossing:signals":"yes","footway":"crossing","highway":"footway","surface":"paving_stones"},"geometry":{"type":"LineString","coordinates":[[-96.8055556,32.7770105],[-96.8055388,32.7769416],[-96.8055229,32.7768766]]}},{"type":"Feature","properties":{"osm_id":617648945,"crossing":"traffic_signals","crossing:markings":"surface","crossing:signals":"yes","footway":"crossing","highway":"footway","surface":"paving_stones"},"geometry":{"type":"LineString","coordinates":[[-96.8053699,32.7770712],[-96.8054512,32.7770536],[-96.8055388,32.7770354]]}},{"type":"Feature","properties":{"osm_id":617648947,"crossing":"traffic_signals","crossing:markings":"lines;surface","crossing:signals":"yes","footway":"crossing","highway":"footway","surface":"paving_stones"},"geometry":{"type":"LineString","coordinates":[[-96.8054234,32.7761071],[-96.8054439,32.7761708],[-96.8054609,32.7762327]]}},{"type":"Feature","properties":{"osm_id":617650532,"footway":"sidewalk","highway":"footway","surface":"concrete"},"geometry":{"type":"LineString","coordinates":[[-96.804386,32.7804463],[-96.8044184,32.7806394],[-96.8044437,32.7806855],[-96.8045333,32.7810068]]}},{"type":"Feature","properties":{"osm_id":617650533,"crossing":"traffic_signals","crossing:markings":"lines;surface","crossing:signals":"yes","footway":"crossing","highway":"footway","surface":"paving_stones"},"geometry":{"type":"LineString","coordinates":[[-96.8047816,32.7809784],[-96.8046706,32.7809911],[-96.8045485,32.7810051]]}},{"type":"Feature","properties":{"osm_id":617651557,"highway":"service","surface":"asphalt"},"geometry":{"type":"LineString","coordinates":[[-96.8016433,32.7824209],[-96.8015757,32.7824351],[-96.8015141,32.7824562],[-96.8013196,32.7825735]]}},{"type":"Feature","properties":{"osm_id":617651558,"crossing":"uncontrolled","crossing:markings":"ladder","crossing:signals":"no","footway":"crossing","highway":"footway","lit":"yes","surface":"asphalt"},"geometry":{"type":"LineString","coordinates":[[-96.8016823,32.7821259],[-96.8016532,32.7821327],[-96.8016199,32.7821405]]}},{"type":"Feature","properties":{"osm_id":617651559,"footway":"sidewalk","highway":"footway","lit":"yes","surface":"concrete"},"geometry":{"type":"LineString","coordinates":[[-96.8016543,32.7827269],[-96.8015757,32.7824351],[-96.8015308,32.7822873],[-96.8015276,32.7822775]]}},{"type":"Feature","properties":{"osm_id":617651560,"crossing":"marked","crossing:markings":"ladder","footway":"crossing","highway":"footway","lit":"yes","surface":"asphalt"},"geometry":{"type":"LineString","coordinates":[[-96.8018714,32.7825815],[-96.8018705,32.7826557],[-96.8018696,32.7827251]]}},{"type":"Feature","properties":{"osm_id":617651561,"crossing":"marked","crossing:markings":"ladder","footway":"crossing","highway":"footway","lit":"yes","surface":"asphalt"},"geometry":{"type":"LineString","coordinates":[[-96.8016543,32.7827269],[-96.8017292,32.7826768],[-96.8017992,32.7826299],[-96.8018714,32.7825815]]}},{"type":"Feature","properties":{"osm_id":617651562,"crossing":"marked","crossing:markings":"ladder","footway":"crossing","highway":"footway","lit":"yes","surface":"asphalt"},"geometry":{"type":"LineString","coordinates":[[-96.8016858,32.7828658],[-96.8016691,32.7827923],[-96.8016543,32.7827269]]}},{"type":"Feature","properties":{"osm_id":617651563,"footway":"sidewalk","highway":"footway","lit":"no","surface":"concrete"},"geometry":{"type":"LineString","coordinates":[[-96.8016858,32.7828658],[-96.8016779,32.7828643],[-96.801667,32.7828638],[-96.801241,32.7831601],[-96.8010857,32.7832676],[-96.8009322,32.783374],[-96.8005358,32.7836503],[-96.8005292,32.783664]]}},{"type":"Feature","properties":{"osm_id":617651564,"footway":"sidewalk","highway":"footway","lit":"yes","surface":"concrete"},"geometry":{"type":"LineString","coordinates":[[-96.801891,32.7836708],[-96.8018903,32.7836305],[-96.801793,32.7832495],[-96.8017524,32.7830941]]}},{"type":"Feature","properties":{"osm_id":617651565,"footway":"sidewalk","highway":"footway","lit":"yes","surface":"concrete"},"geometry":{"type":"LineString","coordinates":[[-96.8019661,32.7830493],[-96.8020499,32.7833988],[-96.8020633,32.7834178],[-96.8020826,32.7834327],[-96.8021062,32.7834422]]}},{"type":"Feature","properties":{"osm_id":617651566,"crossing":"marked","crossing:markings":"ladder","footway":"crossing","highway":"footway","lit":"yes","surface":"asphalt"},"geometry":{"type":"LineString","coordinates":[[-96.8018696,32.7827251],[-96.8018216,32.7827618],[-96.801776,32.7827967],[-96.8016858,32.7828658]]}},{"type":"Feature","properties":{"osm_id":617651567,"crossing":"unmarked","crossing:markings":"no","footway":"crossing","highway":"footway"},"geometry":{"type":"LineString","coordinates":[[-96.8023359,32.7824002],[-96.8022894,32.782433]]}},{"type":"Feature","properties":{"osm_id":617651568,"highway":"service","service":"parking_aisle","surface":"asphalt"},"geometry":{"type":"LineString","coordinates":[[-96.8026987,32.7819007],[-96.8026435,32.7817087]]}},{"type":"Feature","properties":{"osm_id":617651569,"highway":"service","service":"parking_aisle","surface":"asphalt"},"geometry":{"type":"LineString","coordinates":[[-96.802535,32.7820229],[-96.8024624,32.781747]]}},{"type":"Feature","properties":{"osm_id":617651570,"highway":"service","service":"parking_aisle","surface":"asphalt"},"geometry":{"type":"LineString","coordinates":[[-96.8023861,32.7821266],[-96.8022855,32.7817845]]}},{"type":"Feature","properties":{"osm_id":617651571,"bicycle":"yes","highway":"service","surface":"asphalt"},"geometry":{"type":"LineString","coordinates":[[-96.8023843,32.7822959],[-96.8023475,32.7822574],[-96.8023305,32.7822395],[-96.802298,32.7821907],[-96.8022685,32.7821287],[-96.8021753,32.7818079],[-96.8021486,32.7817159],[-96.8021372,32.7816765]]}},{"type":"Feature","properties":{"osm_id":617651572,"highway":"service","surface":"asphalt"},"geometry":{"type":"LineString","coordinates":[[-96.802298,32.7821907],[-96.8023861,32.7821266],[-96.802535,32.7820229],[-96.8026987,32.7819007],[-96.8029531,32.781716],[-96.8031921,32.7816408],[-96.8031791,32.7815492],[-96.8027751,32.7816808],[-96.8026435,32.7817087],[-96.8024624,32.781747],[-96.8022855,32.7817845],[-96.8021753,32.7818079]]}},{"type":"Feature","properties":{"osm_id":617651573,"footway":"sidewalk","highway":"footway","lit":"yes","surface":"concrete"},"geometry":{"type":"LineString","coordinates":[[-96.8016092,32.7818239],[-96.8016126,32.7818336],[-96.8017114,32.7821191],[-96.8018714,32.7825815],[-96.8018871,32.7825751]]}},{"type":"Feature","properties":{"osm_id":617651574,"footway":"sidewalk","highway":"footway"},"geometry":{"type":"LineString","coordinates":[[-96.8032712,32.7817271],[-96.8030376,32.7817766],[-96.8023992,32.7822185]]}},{"type":"Feature","properties":{"osm_id":617651575,"footway":"sidewalk","highway":"footway","surface":"paving_stones"},"geometry":{"type":"LineString","coordinates":[[-96.8032712,32.7817271],[-96.803236,32.7814629],[-96.8032267,32.7814414],[-96.8032183,32.7814333],[-96.8032032,32.7814285],[-96.8026366,32.7816067],[-96.8021855,32.7817076]]}},{"type":"Feature","properties":{"osm_id":617694959,"highway":"service"},"geometry":{"type":"LineString","coordinates":[[-96.7976292,32.7799487],[-96.7975567,32.7799678],[-96.7975407,32.7799719]]}},{"type":"Feature","properties":{"osm_id":617694960,"footway":"sidewalk","highway":"footway","surface":"concrete"},"geometry":{"type":"LineString","coordinates":[[-96.7975647,32.7795228],[-96.7977268,32.7800956]]}},{"type":"Feature","properties":{"osm_id":617694961,"footway":"sidewalk","highway":"footway","surface":"concrete"},"geometry":{"type":"LineString","coordinates":[[-96.7975743,32.7801247],[-96.7975896,32.7800912],[-96.7975567,32.7799678],[-96.7974225,32.7795526]]}},{"type":"Feature","properties":{"osm_id":617694964,"footway":"sidewalk","highway":"footway","lit":"yes","surface":"concrete"},"geometry":{"type":"LineString","coordinates":[[-96.7994043,32.7799132],[-96.8006843,32.7796364]]}},{"type":"Feature","properties":{"osm_id":617694965,"crossing":"traffic_signals","crossing:markings":"lines","footway":"crossing","highway":"footway","lit":"yes","surface":"paving_stones"},"geometry":{"type":"LineString","coordinates":[[-96.7993032,32.7799361],[-96.7993438,32.7799269],[-96.7993887,32.7799167]]}},{"type":"Feature","properties":{"osm_id":617694966,"crossing":"traffic_signals","crossing:markings":"ladder","footway":"crossing","highway":"footway","lit":"yes","surface":"concrete"},"geometry":{"type":"LineString","coordinates":[[-96.7994011,32.7799018],[-96.7993792,32.7798239],[-96.7993676,32.7797834]]}},{"type":"Feature","properties":{"osm_id":617694967,"crossing":"traffic_signals","crossing:markings":"ladder","footway":"crossing","highway":"footway","lit":"no","surface":"asphalt"},"geometry":{"type":"LineString","coordinates":[[-96.7992881,32.7799261],[-96.7992656,32.779848],[-96.7992536,32.7798061]]}},{"type":"Feature","properties":{"osm_id":617694968,"crossing":"uncontrolled","crossing:markings":"ladder","footway":"crossing","highway":"footway"},"geometry":{"type":"LineString","coordinates":[[-96.7975451,32.7795269],[-96.7975024,32.779536],[-96.7974378,32.7795494]]}},{"type":"Feature","properties":{"osm_id":617694970,"crossing":"traffic_signals","crossing:markings":"ladder","footway":"crossing","highway":"footway","lit":"yes","surface":"asphalt"},"geometry":{"type":"LineString","coordinates":[[-96.7986087,32.7799432],[-96.7986222,32.7799866],[-96.7986372,32.7800326]]}},{"type":"Feature","properties":{"osm_id":617694971,"footway":"sidewalk","highway":"footway","surface":"paving_stones"},"geometry":{"type":"LineString","coordinates":[[-96.8006108,32.7794864],[-96.7998518,32.7796467],[-96.7996333,32.7796928],[-96.7993594,32.7797546],[-96.7993003,32.7797674],[-96.7992456,32.7797783],[-96.7985998,32.7799147],[-96.7984792,32.779941],[-96.7977718,32.7800873],[-96.7977268,32.7800956]]}},{"type":"Feature","properties":{"osm_id":617695991,"crossing":"uncontrolled","crossing:markings":"ladder","footway":"crossing","highway":"footway"},"geometry":{"type":"LineString","coordinates":[[-96.795963,32.7798689],[-96.7959325,32.7798744],[-96.7958747,32.7798859]]}},{"type":"Feature","properties":{"osm_id":617695992,"crossing":"traffic_signals","crossing:markings":"ladder","footway":"crossing","highway":"footway"},"geometry":{"type":"LineString","coordinates":[[-96.7951777,32.7799076],[-96.795196,32.7799576],[-96.795219,32.7800129]]}},{"type":"Feature","properties":{"osm_id":617695993,"crossing":"traffic_signals","crossing:markings":"ladder","footway":"crossing","highway":"footway"},"geometry":{"type":"LineString","coordinates":[[-96.7953076,32.7798771],[-96.7952435,32.7798901],[-96.7951777,32.7799076]]}},{"type":"Feature","properties":{"osm_id":617695994,"crossing":"traffic_signals","crossing:markings":"ladder","footway":"crossing","highway":"footway"},"geometry":{"type":"LineString","coordinates":[[-96.7953428,32.7799907],[-96.7953303,32.7799298],[-96.7953076,32.7798771]]}},{"type":"Feature","properties":{"osm_id":617695995,"footway":"sidewalk","highway":"footway"},"geometry":{"type":"LineString","coordinates":[[-96.7953428,32.7799907],[-96.7953557,32.7799937],[-96.7955028,32.7805435]]}},{"type":"Feature","properties":{"osm_id":617695996,"footway":"sidewalk","highway":"footway"},"geometry":{"type":"LineString","coordinates":[[-96.795211,32.7800156],[-96.795389,32.7805853],[-96.7953739,32.7806009]]}},{"type":"Feature","properties":{"osm_id":617695997,"crossing":"traffic_signals","crossing:markings":"ladder","footway":"crossing","highway":"footway"},"geometry":{"type":"LineString","coordinates":[[-96.795219,32.7800129],[-96.7952798,32.7800028],[-96.7953428,32.7799907]]}},{"type":"Feature","properties":{"osm_id":617695998,"footway":"sidewalk","highway":"footway","surface":"concrete"},"geometry":{"type":"LineString","coordinates":[[-96.7962402,32.7796986],[-96.795877,32.7797747],[-96.7953112,32.779865]]}},{"type":"Feature","properties":{"osm_id":617695999,"footway":"sidewalk","highway":"footway","surface":"concrete"},"geometry":{"type":"LineString","coordinates":[[-96.7968032,32.7796831],[-96.7974063,32.7795518],[-96.7974225,32.7795526]]}},{"type":"Feature","properties":{"osm_id":617696000,"highway":"service","surface":"asphalt"},"geometry":{"type":"LineString","coordinates":[[-96.7969546,32.7795165],[-96.7970224,32.7795038],[-96.7968965,32.7790298],[-96.7968504,32.7790376]]}},{"type":"Feature","properties":{"osm_id":617696001,"highway":"service"},"geometry":{"type":"LineString","coordinates":[[-96.7968232,32.7789447],[-96.7968403,32.7790033],[-96.7968504,32.7790376]]}},{"type":"Feature","properties":{"osm_id":617696002,"highway":"service"},"geometry":{"type":"LineString","coordinates":[[-96.7969698,32.7795833],[-96.7969589,32.7795361],[-96.7969546,32.7795165]]}},{"type":"Feature","properties":{"osm_id":617696003,"highway":"service","surface":"asphalt"},"geometry":{"type":"LineString","coordinates":[[-96.7968504,32.7790376],[-96.7968028,32.7790474],[-96.7968901,32.7795286],[-96.7969546,32.7795165]]}},{"type":"Feature","properties":{"osm_id":618561404,"access":"customers","highway":"service"},"geometry":{"type":"LineString","coordinates":[[-96.8014683,32.7840859],[-96.8014307,32.7840557],[-96.8012137,32.7838814]]}},{"type":"Feature","properties":{"osm_id":618561407,"footway":"sidewalk","highway":"footway","surface":"concrete"},"geometry":{"type":"LineString","coordinates":[[-96.8024435,32.784161],[-96.8024337,32.7841475],[-96.8021808,32.7839261]]}},{"type":"Feature","properties":{"osm_id":618561417,"footway":"sidewalk","highway":"footway","surface":"concrete"},"geometry":{"type":"LineString","coordinates":[[-96.8007934,32.7845583],[-96.8007527,32.7844206],[-96.8006909,32.7842117],[-96.8005371,32.7836914],[-96.8005292,32.783664]]}},{"type":"Feature","properties":{"osm_id":618561418,"crossing":"traffic_signals","crossing:markings":"ladder","crossing:signals":"yes","footway":"crossing","highway":"footway","lit":"yes","surface":"asphalt"},"geometry":{"type":"LineString","coordinates":[[-96.8019103,32.7836543],[-96.801997,32.7835802],[-96.8021028,32.7834897]]}},{"type":"Feature","properties":{"osm_id":618561419,"crossing":"traffic_signals","crossing:markings":"ladder","crossing:signals":"yes","footway":"crossing","highway":"footway","lit":"yes","surface":"asphalt"},"geometry":{"type":"LineString","coordinates":[[-96.8021396,32.7836383],[-96.8020684,32.7836967],[-96.8019994,32.7837533]]}},{"type":"Feature","properties":{"osm_id":618561420,"crossing":"traffic_signals","crossing:island":"no","crossing:markings":"lines","crossing:signals":"yes","footway":"crossing","highway":"footway","lit":"yes","surface":"asphalt"},"geometry":{"type":"LineString","coordinates":[[-96.8021404,32.7835959],[-96.8021238,32.7835491],[-96.8021028,32.7834897],[-96.8020875,32.7834465]]}},{"type":"Feature","properties":{"osm_id":618561421,"crossing":"traffic_signals","crossing:markings":"lines","crossing:signals":"yes","footway":"crossing","highway":"footway","lit":"yes","surface":"asphalt"},"geometry":{"type":"LineString","coordinates":[[-96.8019732,32.7837483],[-96.8019345,32.7837118],[-96.8019012,32.7836804]]}},{"type":"Feature","properties":{"osm_id":618561422,"highway":"service"},"geometry":{"type":"LineString","coordinates":[[-96.8024621,32.7837599],[-96.8023762,32.7838314],[-96.8022947,32.7838992]]}},{"type":"Feature","properties":{"osm_id":618561424,"highway":"service"},"geometry":{"type":"LineString","coordinates":[[-96.8028869,32.7836748],[-96.8029519,32.78373],[-96.803006,32.7837759]]}},{"type":"Feature","properties":{"osm_id":618561425,"highway":"service"},"geometry":{"type":"LineString","coordinates":[[-96.802423,32.7832974],[-96.802474,32.7833408],[-96.8025493,32.7834047]]}},{"type":"Feature","properties":{"osm_id":618561426,"highway":"service","service":"parking_aisle"},"geometry":{"type":"LineString","coordinates":[[-96.8027308,32.7838047],[-96.8024031,32.7835264]]}},{"type":"Feature","properties":{"osm_id":618561427,"footway":"sidewalk","highway":"footway","lit":"yes","surface":"concrete"},"geometry":{"type":"LineString","coordinates":[[-96.8037004,32.7831026],[-96.8036373,32.7831555],[-96.8029519,32.78373],[-96.8027218,32.7839297]]}},{"type":"Feature","properties":{"osm_id":618561428,"footway":"sidewalk","highway":"footway","surface":"concrete"},"geometry":{"type":"LineString","coordinates":[[-96.8026185,32.7840336],[-96.8026098,32.7840269],[-96.8023762,32.7838314],[-96.8021652,32.7836548],[-96.8021557,32.7836425],[-96.8021518,32.7836282]]}},{"type":"Feature","properties":{"osm_id":618573646,"footway":"sidewalk","highway":"footway"},"geometry":{"type":"LineString","coordinates":[[-96.8019882,32.7837625],[-96.801964,32.7837582],[-96.8012928,32.7843157],[-96.8008304,32.7847029]]}},{"type":"Feature","properties":{"osm_id":618573648,"access":"customers","highway":"service"},"geometry":{"type":"LineString","coordinates":[[-96.8017327,32.7838755],[-96.801688,32.7838411],[-96.8012381,32.7834303],[-96.8010857,32.7832676],[-96.8010487,32.7832281]]}},{"type":"Feature","properties":{"osm_id":618573649,"access":"customers","highway":"service"},"geometry":{"type":"LineString","coordinates":[[-96.8008942,32.7833367],[-96.8009322,32.783374],[-96.8010937,32.7835329],[-96.8015587,32.7839487],[-96.8015984,32.7839815]]}},{"type":"Feature","properties":{"osm_id":618573650,"access":"customers","highway":"service","service":"parking_aisle"},"geometry":{"type":"LineString","coordinates":[[-96.8013916,32.7833212],[-96.8012381,32.7834303],[-96.8010937,32.7835329]]}},{"type":"Feature","properties":{"osm_id":618573652,"access":"customers","highway":"service"},"geometry":{"type":"LineString","coordinates":[[-96.8012031,32.7831196],[-96.801241,32.7831601],[-96.8013803,32.783309],[-96.8013916,32.7833212],[-96.8018187,32.7837313],[-96.8018613,32.7837705]]}},{"type":"Feature","properties":{"osm_id":618573654,"access":"customers","highway":"service"},"geometry":{"type":"LineString","coordinates":[[-96.8018592,32.7830291],[-96.8017462,32.7830669],[-96.801728,32.7830736],[-96.8013803,32.783309]]}},{"type":"Feature","properties":{"osm_id":618573656,"footway":"sidewalk","highway":"footway","surface":"concrete"},"geometry":{"type":"LineString","coordinates":[[-96.8003483,32.7830122],[-96.8004882,32.783515],[-96.8004927,32.783524],[-96.8005001,32.7835315]]}},{"type":"Feature","properties":{"osm_id":618573660,"footway":"sidewalk","highway":"footway","lit":"yes","surface":"concrete"},"geometry":{"type":"LineString","coordinates":[[-96.8005001,32.7835315],[-96.8005099,32.7835369],[-96.800521,32.7835397],[-96.8005327,32.7835396],[-96.8005438,32.7835367],[-96.8016402,32.7827531],[-96.8016543,32.7827269]]}},{"type":"Feature","properties":{"osm_id":618575751,"crossing":"traffic_signals","crossing:markings":"surface","crossing:signals":"yes","footway":"crossing","highway":"footway","lit":"yes","surface":"paving_stones"},"geometry":{"type":"LineString","coordinates":[[-96.8008723,32.7802243],[-96.8008985,32.7802944],[-96.800926,32.7803676]]}},{"type":"Feature","properties":{"osm_id":618575752,"crossing":"traffic_signals","crossing:markings":"surface","crossing:signals":"yes","footway":"crossing","highway":"footway","lit":"yes","surface":"paving_stones"},"geometry":{"type":"LineString","coordinates":[[-96.801023,32.780192],[-96.8009382,32.7802102],[-96.8008723,32.7802243]]}},{"type":"Feature","properties":{"osm_id":618575753,"crossing":"traffic_signals","crossing:markings":"surface","crossing:signals":"yes","footway":"crossing","highway":"footway","lit":"yes","surface":"paving_stones"},"geometry":{"type":"LineString","coordinates":[[-96.8010677,32.7803391],[-96.8009904,32.7803547],[-96.800926,32.7803676]]}},{"type":"Feature","properties":{"osm_id":618575754,"crossing":"traffic_signals","crossing:markings":"surface","crossing:signals":"yes","footway":"crossing","highway":"footway","lit":"yes","surface":"paving_stones"},"geometry":{"type":"LineString","coordinates":[[-96.8010677,32.7803391],[-96.8010447,32.7802635],[-96.801023,32.780192]]}},{"type":"Feature","properties":{"osm_id":618575755,"bicycle":"yes","button_operated":"no","crossing":"traffic_signals","crossing:island":"no","crossing:markings":"ladder","footway":"crossing","highway":"footway","traffic_signals:sound":"no"},"geometry":{"type":"LineString","coordinates":[[-96.8016321,32.7802154],[-96.8016215,32.7801791],[-96.8016114,32.7801446],[-96.801592,32.78008]]}},{"type":"Feature","properties":{"osm_id":618575756,"footway":"sidewalk","highway":"footway","smoothness":"good","surface":"paved"},"geometry":{"type":"LineString","coordinates":[[-96.80127,32.7809172],[-96.8012204,32.7807424],[-96.8011607,32.7807204],[-96.8010559,32.7803835],[-96.8010677,32.7803391]]}},{"type":"Feature","properties":{"osm_id":618575757,"crossing":"uncontrolled","crossing:markings":"ladder","footway":"crossing","highway":"footway"},"geometry":{"type":"LineString","coordinates":[[-96.8003455,32.7830018],[-96.8003343,32.7829591],[-96.8003273,32.7829315]]}},{"type":"Feature","properties":{"osm_id":618575758,"crossing":"uncontrolled","crossing:markings":"ladder","footway":"crossing","highway":"footway"},"geometry":{"type":"LineString","coordinates":[[-96.8003087,32.7829076],[-96.8002354,32.7829174],[-96.8001453,32.7829295]]}},{"type":"Feature","properties":{"osm_id":618575759,"footway":"sidewalk","highway":"footway"},"geometry":{"type":"LineString","coordinates":[[-96.8015308,32.7822873],[-96.8005686,32.7829507],[-96.8003483,32.7830122]]}},{"type":"Feature","properties":{"osm_id":618575760,"footway":"sidewalk","highway":"footway"},"geometry":{"type":"LineString","coordinates":[[-96.8014991,32.7821838],[-96.8005713,32.7828604],[-96.8005351,32.7828745],[-96.8003239,32.782918]]}},{"type":"Feature","properties":{"osm_id":618575761,"bicycle":"yes","crossing":"traffic_signals","crossing:markings":"surface","crossing:signals":"yes","footway":"crossing","highway":"footway","lit":"yes","surface":"paved"},"geometry":{"type":"LineString","coordinates":[[-96.8015573,32.7816539],[-96.8015063,32.781664],[-96.8014012,32.7816849],[-96.801341,32.7816969]]}},{"type":"Feature","properties":{"osm_id":618575762,"bicycle":"yes","crossing":"traffic_signals","crossing:markings":"surface","crossing:signals":"yes","footway":"crossing","highway":"footway","lit":"yes","surface":"paved"},"geometry":{"type":"LineString","coordinates":[[-96.8016004,32.7818362],[-96.80156,32.7818446],[-96.8014603,32.7818637],[-96.8014219,32.7818714]]}},{"type":"Feature","properties":{"osm_id":618575763,"bicycle":"yes","crossing":"traffic_signals","crossing:markings":"surface","crossing:signals":"yes","footway":"crossing","highway":"footway","lit":"yes","surface":"paved"},"geometry":{"type":"LineString","coordinates":[[-96.801621,32.7818133],[-96.8016154,32.7817915],[-96.8016027,32.7817523],[-96.8015885,32.7817051],[-96.8015807,32.7816799]]}},{"type":"Feature","properties":{"osm_id":618575764,"bicycle":"yes","crossing":"traffic_signals","footway":"crossing","highway":"footway","lit":"yes","surface":"paved"},"geometry":{"type":"LineString","coordinates":[[-96.8014018,32.7818421],[-96.8013889,32.7818008],[-96.8013748,32.7817508],[-96.8013647,32.7817148]]}},{"type":"Feature","properties":{"osm_id":618575765,"button_operated":"no","crossing":"traffic_signals","crossing:island":"yes","crossing:markings":"lines","crossing:signals":"yes","footway":"crossing","highway":"footway","surface":"paving_stones","tactile_paving":"no","traffic_signals:vibration":"no"},"geometry":{"type":"LineString","coordinates":[[-96.8034664,32.78119],[-96.8034024,32.7812033],[-96.8032518,32.781233],[-96.803183,32.7812488]]}},{"type":"Feature","properties":{"osm_id":618575766,"footway":"sidewalk","highway":"footway","surface":"paving_stones"},"geometry":{"type":"LineString","coordinates":[[-96.8035191,32.7813744],[-96.8035707,32.7813839]]}},{"type":"Feature","properties":{"osm_id":618575767,"crossing":"traffic_signals","crossing:markings":"lines","footway":"crossing","highway":"footway","surface":"paved"},"geometry":{"type":"LineString","coordinates":[[-96.8035191,32.7813744],[-96.8034442,32.7813916],[-96.8032913,32.7814266],[-96.8032267,32.7814414]]}},{"type":"Feature","properties":{"osm_id":618575768,"crossing":"traffic_signals","crossing:markings":"lines","footway":"crossing","highway":"footway","surface":"paved"},"geometry":{"type":"LineString","coordinates":[[-96.8034664,32.78119],[-96.8034739,32.7812163],[-96.8034867,32.781261],[-96.8034973,32.7812982],[-96.8035078,32.7813351],[-96.8035191,32.7813744]]}},{"type":"Feature","properties":{"osm_id":618575769,"crossing":"traffic_signals","crossing:markings":"lines","footway":"crossing","highway":"footway","surface":"paved"},"geometry":{"type":"LineString","coordinates":[[-96.8032267,32.7814414],[-96.8032162,32.7813953],[-96.8032089,32.7813629],[-96.8032002,32.7813248],[-96.8031893,32.7812768],[-96.803183,32.7812488]]}},{"type":"Feature","properties":{"osm_id":618587568,"highway":"service","oneway":"yes","service":"parking_aisle","smoothness":"good","surface":"asphalt"},"geometry":{"type":"LineString","coordinates":[[-96.8059131,32.7809985],[-96.8057524,32.7810325],[-96.8058879,32.7814845],[-96.8060486,32.7814504]]}},{"type":"Feature","properties":{"osm_id":618587570,"highway":"service","oneway":"yes","service":"parking_aisle","smoothness":"good","surface":"asphalt"},"geometry":{"type":"LineString","coordinates":[[-96.8059131,32.7809985],[-96.806058,32.7809677],[-96.8061935,32.7814197],[-96.8060486,32.7814504]]}},{"type":"Feature","properties":{"osm_id":618587571,"highway":"service","oneway":"yes","service":"parking_aisle"},"geometry":{"type":"LineString","coordinates":[[-96.8060486,32.7814504],[-96.8059131,32.7809985]]}},{"type":"Feature","properties":{"osm_id":618597730,"footway":"sidewalk","highway":"footway"},"geometry":{"type":"LineString","coordinates":[[-96.7940864,32.780878],[-96.7940994,32.7808722],[-96.794748,32.7807341],[-96.7950987,32.7806595],[-96.7953739,32.7806009]]}},{"type":"Feature","properties":{"osm_id":618597731,"footway":"sidewalk","highway":"footway"},"geometry":{"type":"LineString","coordinates":[[-96.7939285,32.7802884],[-96.7944252,32.780168],[-96.7949186,32.7800693],[-96.7949727,32.7800575],[-96.7951941,32.7800089],[-96.795211,32.7800156],[-96.795219,32.7800129]]}},{"type":"Feature","properties":{"osm_id":618610468,"footway":"sidewalk","highway":"footway","surface":"concrete"},"geometry":{"type":"LineString","coordinates":[[-96.7951602,32.7799054],[-96.7949925,32.7794102]]}},{"type":"Feature","properties":{"osm_id":618610469,"highway":"service","surface":"concrete"},"geometry":{"type":"LineString","coordinates":[[-96.7974369,32.7794332],[-96.7974383,32.7794375],[-96.7974516,32.7794811]]}},{"type":"Feature","properties":{"osm_id":618610470,"highway":"service"},"geometry":{"type":"LineString","coordinates":[[-96.7958647,32.7797309],[-96.795877,32.7797747],[-96.7958881,32.7798141]]}},{"type":"Feature","properties":{"osm_id":618610471,"highway":"service"},"geometry":{"type":"LineString","coordinates":[[-96.7953607,32.779261],[-96.7953794,32.779321],[-96.7953829,32.7793325]]}},{"type":"Feature","properties":{"osm_id":618620287,"footway":"sidewalk","highway":"footway","surface":"concrete"},"geometry":{"type":"LineString","coordinates":[[-96.7950108,32.7761589],[-96.7949929,32.7761767],[-96.7949309,32.7762415],[-96.7943462,32.7767308],[-96.7943271,32.7767145],[-96.7941172,32.7768915],[-96.7941123,32.7769104]]}},{"type":"Feature","properties":{"osm_id":618620288,"footway":"sidewalk","highway":"footway"},"geometry":{"type":"LineString","coordinates":[[-96.7957469,32.7769165],[-96.7957351,32.7769329],[-96.7944589,32.7772287],[-96.7943854,32.7772431]]}},{"type":"Feature","properties":{"osm_id":654112872,"highway":"footway"},"geometry":{"type":"LineString","coordinates":[[-96.7984235,32.7826828],[-96.7984701,32.7828204],[-96.7983246,32.7831045]]}},{"type":"Feature","properties":{"osm_id":654112873,"highway":"footway"},"geometry":{"type":"LineString","coordinates":[[-96.797765,32.7826293],[-96.797879,32.7826519],[-96.7980737,32.7826982],[-96.7984235,32.7826828]]}},{"type":"Feature","properties":{"osm_id":674098685,"highway":"service","surface":"paved"},"geometry":{"type":"LineString","coordinates":[[-96.8011054,32.7807038],[-96.8010335,32.78072],[-96.8010072,32.780726]]}},{"type":"Feature","properties":{"osm_id":714093144,"covered":"yes","foot":"permissive","highway":"footway","name":"Main St Alley","surface":"paved"},"geometry":{"type":"LineString","coordinates":[[-96.7976874,32.7802843],[-96.7977782,32.7805815]]}},{"type":"Feature","properties":{"osm_id":717129588,"access":"private","highway":"service"},"geometry":{"type":"LineString","coordinates":[[-96.8056876,32.7822966],[-96.8057562,32.7822394],[-96.8058458,32.7821648],[-96.8059481,32.7820796],[-96.8060526,32.7819925],[-96.8061613,32.781902]]}},{"type":"Feature","properties":{"osm_id":718776885,"highway":"service","service":"parking_aisle"},"geometry":{"type":"LineString","coordinates":[[-96.8031867,32.7796266],[-96.8031674,32.7795646],[-96.8031469,32.7794987],[-96.8031142,32.7793677],[-96.8031049,32.7792656],[-96.8031056,32.7792276]]}},{"type":"Feature","properties":{"osm_id":718776886,"highway":"service","oneway":"yes","service":"parking_aisle","surface":"asphalt"},"geometry":{"type":"LineString","coordinates":[[-96.803918,32.7790545],[-96.8038995,32.7790584],[-96.8031306,32.7792223],[-96.8031056,32.7792276]]}},{"type":"Feature","properties":{"osm_id":718776887,"highway":"service","service":"parking_aisle"},"geometry":{"type":"LineString","coordinates":[[-96.803918,32.7790545],[-96.8039256,32.7790784],[-96.8039531,32.7791825],[-96.8039908,32.7793201],[-96.8040143,32.7794059],[-96.8040261,32.7794493]]}},{"type":"Feature","properties":{"osm_id":736871389,"foot":"use_sidepath","highway":"residential","name":"Jackson Street","oneway":"yes","sidewalk":"separate","tiger:cfcc":"A41","tiger:county":"Dallas, TX","tiger:name_base":"Jackson","tiger:name_type":"St","tiger:zip_left":"75201","tiger:zip_right":"75201"},"geometry":{"type":"LineString","coordinates":[[-96.7938286,32.7802427],[-96.7939131,32.7802235],[-96.7943013,32.7801431],[-96.7944107,32.7801204],[-96.7949003,32.7800189],[-96.7949574,32.7800071],[-96.795196,32.7799576],[-96.7952631,32.7799437],[-96.7953303,32.7799298],[-96.7958881,32.7798141],[-96.7959135,32.7798089],[-96.7962979,32.7797292],[-96.7966384,32.7796586],[-96.7967165,32.7796424]]}},{"type":"Feature","properties":{"osm_id":742385539,"highway":"service","oneway":"no","surface":"concrete:plates"},"geometry":{"type":"LineString","coordinates":[[-96.804712,32.776907],[-96.8045569,32.7769421],[-96.8044602,32.7769643]]}},{"type":"Feature","properties":{"osm_id":742385540,"highway":"service","oneway":"yes","surface":"concrete:plates"},"geometry":{"type":"LineString","coordinates":[[-96.804448,32.7765738],[-96.8037147,32.7767318],[-96.8037615,32.7768736]]}},{"type":"Feature","properties":{"osm_id":742385541,"highway":"service","surface":"concrete:plates"},"geometry":{"type":"LineString","coordinates":[[-96.8044505,32.7765824],[-96.804448,32.7765738],[-96.8044192,32.7764756],[-96.8043935,32.7763923]]}},{"type":"Feature","properties":{"osm_id":742385542,"foot":"use_sidepath","hgv":"designated","highway":"secondary","lanes":"4","name":"Young Street","oneway":"yes","sidewalk":"separate","source:hgv":"Dallas City Code section 28-71","surface":"asphalt","tiger:cfcc":"A41","tiger:county":"Dallas, TX","tiger:name_base":"Young","tiger:name_type":"St","tiger:reviewed":"no","tiger:zip_left":"75201","tiger:zip_right":"75201"},"geometry":{"type":"LineString","coordinates":[[-96.8043935,32.7763923],[-96.8035327,32.7765699],[-96.803408,32.776597]]}},{"type":"Feature","properties":{"osm_id":742385543,"highway":"service","surface":"concrete:plates"},"geometry":{"type":"LineString","coordinates":[[-96.80449,32.7767173],[-96.8044798,32.7766824],[-96.8044505,32.7765824]]}},{"type":"Feature","properties":{"osm_id":742385544,"highway":"service","surface":"concrete:plates"},"geometry":{"type":"LineString","coordinates":[[-96.8045243,32.7768322],[-96.8045142,32.7767998],[-96.80449,32.7767173]]}},{"type":"Feature","properties":{"osm_id":742385545,"highway":"service","oneway":"no","surface":"concrete:plates"},"geometry":{"type":"LineString","coordinates":[[-96.8037866,32.7769556],[-96.8037798,32.7769353]]}},{"type":"Feature","properties":{"osm_id":742385546,"highway":"service","oneway":"no","surface":"concrete:plates"},"geometry":{"type":"LineString","coordinates":[[-96.8037615,32.7768736],[-96.8037798,32.7769353]]}},{"type":"Feature","properties":{"osm_id":742385547,"highway":"service","oneway":"yes","surface":"concrete:plates"},"geometry":{"type":"LineString","coordinates":[[-96.8044602,32.7769643],[-96.8038289,32.7770998],[-96.8037866,32.7769556]]}},{"type":"Feature","properties":{"osm_id":756309260,"footway":"sidewalk","highway":"footway","surface":"concrete"},"geometry":{"type":"LineString","coordinates":[[-96.7951777,32.7799076],[-96.7951602,32.7799054],[-96.7943302,32.7800859]]}},{"type":"Feature","properties":{"osm_id":756309281,"footway":"sidewalk","highway":"footway","lit":"yes","surface":"concrete"},"geometry":{"type":"LineString","coordinates":[[-96.801738,32.7830304],[-96.8017039,32.7828796],[-96.8016978,32.782873],[-96.8016858,32.7828658]]}},{"type":"Feature","properties":{"osm_id":756309282,"crossing":"unmarked","crossing:markings":"no","footway":"crossing","highway":"footway","lit":"yes","surface":"concrete"},"geometry":{"type":"LineString","coordinates":[[-96.8017524,32.7830941],[-96.8017462,32.7830669],[-96.801738,32.7830304]]}},{"type":"Feature","properties":{"osm_id":756309283,"crossing":"unmarked","crossing:markings":"no","footway":"crossing","highway":"footway","lit":"yes","surface":"concrete"},"geometry":{"type":"LineString","coordinates":[[-96.8037578,32.7830555],[-96.8037215,32.7830853],[-96.8037004,32.7831026]]}},{"type":"Feature","properties":{"osm_id":756309284,"footway":"sidewalk","highway":"footway","lit":"yes","surface":"concrete"},"geometry":{"type":"LineString","coordinates":[[-96.8038005,32.7830125],[-96.8037578,32.7830555]]}},{"type":"Feature","properties":{"osm_id":756309288,"footway":"sidewalk","highway":"footway","surface":"concrete"},"geometry":{"type":"LineString","coordinates":[[-96.8055606,32.7770309],[-96.8055877,32.7771703],[-96.8056213,32.777294]]}},{"type":"Feature","properties":{"osm_id":756309304,"crossing":"unmarked","footway":"crossing","highway":"footway","lit":"yes","surface":"concrete"},"geometry":{"type":"LineString","coordinates":[[-96.80064,32.7770619],[-96.8007225,32.7770464],[-96.800844,32.7770234]]}},{"type":"Feature","properties":{"osm_id":756309305,"footway":"sidewalk","highway":"footway","lit":"yes","surface":"concrete"},"geometry":{"type":"LineString","coordinates":[[-96.8001539,32.7771696],[-96.8001636,32.7771622],[-96.8001877,32.7771587],[-96.8005797,32.7770733],[-96.80064,32.7770619]]}},{"type":"Feature","properties":{"osm_id":756309306,"crossing":"unmarked","crossing:markings":"no","footway":"crossing","highway":"footway","lit":"yes","surface":"concrete"},"geometry":{"type":"LineString","coordinates":[[-96.8003958,32.7778761],[-96.8003903,32.7778607],[-96.8003852,32.7778465]]}},{"type":"Feature","properties":{"osm_id":756309307,"footway":"sidewalk","highway":"footway","lit":"yes","surface":"concrete"},"geometry":{"type":"LineString","coordinates":[[-96.8004325,32.7779788],[-96.8003958,32.7778761]]}},{"type":"Feature","properties":{"osm_id":756309314,"crossing":"uncontrolled","crossing:markings":"surface","footway":"crossing","highway":"footway","lit":"yes","surface":"concrete"},"geometry":{"type":"LineString","coordinates":[[-96.7981117,32.7815882],[-96.7981493,32.7815805],[-96.7981773,32.7815748]]}},{"type":"Feature","properties":{"osm_id":756309315,"footway":"sidewalk","highway":"footway","lit":"yes","surface":"concrete"},"geometry":{"type":"LineString","coordinates":[[-96.7974097,32.7817228],[-96.7974312,32.7817238],[-96.7981117,32.7815882]]}},{"type":"Feature","properties":{"osm_id":756309316,"footway":"sidewalk","highway":"footway","lit":"yes","surface":"concrete"},"geometry":{"type":"LineString","coordinates":[[-96.8054288,32.7784625],[-96.8050463,32.7785464]]}},{"type":"Feature","properties":{"osm_id":756309317,"crossing":"unmarked","crossing:markings":"no","footway":"crossing","highway":"footway","lit":"yes","surface":"concrete"},"geometry":{"type":"LineString","coordinates":[[-96.805532,32.7784396],[-96.8054714,32.7784527],[-96.8054288,32.7784625]]}},{"type":"Feature","properties":{"osm_id":756309318,"footway":"sidewalk","highway":"footway","surface":"concrete"},"geometry":{"type":"LineString","coordinates":[[-96.8053515,32.7786613],[-96.8050971,32.7787107]]}},{"type":"Feature","properties":{"osm_id":756309319,"crossing":"unmarked","crossing:markings":"no","footway":"crossing","highway":"footway","surface":"concrete"},"geometry":{"type":"LineString","coordinates":[[-96.805431,32.7786439],[-96.8053922,32.7786524],[-96.8053515,32.7786613]]}},{"type":"Feature","properties":{"osm_id":756309337,"footway":"sidewalk","highway":"footway","surface":"concrete"},"geometry":{"type":"LineString","coordinates":[[-96.8000997,32.7829182],[-96.8000809,32.7829212],[-96.8000644,32.7829292],[-96.7997016,32.7832326],[-96.7996922,32.783241],[-96.7996507,32.7832757],[-96.7995609,32.7833506],[-96.7994352,32.7834556],[-96.7990864,32.7837486]]}},{"type":"Feature","properties":{"osm_id":756309356,"footway":"sidewalk","highway":"footway","surface":"concrete"},"geometry":{"type":"LineString","coordinates":[[-96.8039395,32.7824264],[-96.8038543,32.7822465],[-96.803846,32.7822336],[-96.8038429,32.7822191],[-96.8038428,32.7822119]]}},{"type":"Feature","properties":{"osm_id":756309357,"crossing":"unmarked","crossing:markings":"no","footway":"crossing","highway":"footway","surface":"concrete"},"geometry":{"type":"LineString","coordinates":[[-96.8039721,32.782509],[-96.8039511,32.7824559],[-96.8039395,32.7824264]]}},{"type":"Feature","properties":{"osm_id":756309358,"footway":"sidewalk","highway":"footway","surface":"concrete"},"geometry":{"type":"LineString","coordinates":[[-96.8037373,32.7827381],[-96.8037578,32.7828255],[-96.8038005,32.7830125]]}},{"type":"Feature","properties":{"osm_id":756309359,"crossing":"unmarked","crossing:markings":"no","footway":"crossing","highway":"footway","surface":"concrete"},"geometry":{"type":"LineString","coordinates":[[-96.8037283,32.7827001],[-96.8037326,32.7827183],[-96.8037373,32.7827381]]}},{"type":"Feature","properties":{"osm_id":756309360,"footway":"sidewalk","highway":"footway"},"geometry":{"type":"LineString","coordinates":[[-96.8044319,32.7831],[-96.8045517,32.7832111]]}},{"type":"Feature","properties":{"osm_id":756309361,"crossing":"unmarked","crossing:markings":"no","footway":"crossing","highway":"footway"},"geometry":{"type":"LineString","coordinates":[[-96.8043877,32.7830589],[-96.8044192,32.7830882],[-96.8044319,32.7831]]}},{"type":"Feature","properties":{"osm_id":756309362,"footway":"sidewalk","highway":"footway"},"geometry":{"type":"LineString","coordinates":[[-96.8045915,32.7832481],[-96.8046355,32.7832889]]}},{"type":"Feature","properties":{"osm_id":756309363,"crossing":"unmarked","crossing:markings":"no","footway":"crossing","highway":"footway"},"geometry":{"type":"LineString","coordinates":[[-96.8045517,32.7832111],[-96.8045805,32.7832379],[-96.8045915,32.7832481]]}},{"type":"Feature","properties":{"osm_id":756309364,"footway":"sidewalk","highway":"footway"},"geometry":{"type":"LineString","coordinates":[[-96.8047337,32.7833771],[-96.8046952,32.7833408]]}},{"type":"Feature","properties":{"osm_id":756309365,"crossing":"unmarked","crossing:markings":"no","footway":"crossing","highway":"footway"},"geometry":{"type":"LineString","coordinates":[[-96.8047847,32.7834252],[-96.8047559,32.7833981],[-96.8047337,32.7833771]]}},{"type":"Feature","properties":{"osm_id":756309366,"footway":"sidewalk","highway":"footway"},"geometry":{"type":"LineString","coordinates":[[-96.8048627,32.7834989],[-96.8047847,32.7834252]]}},{"type":"Feature","properties":{"osm_id":756309367,"crossing":"unmarked","crossing:markings":"no","footway":"crossing","highway":"footway"},"geometry":{"type":"LineString","coordinates":[[-96.8048973,32.7835315],[-96.8048835,32.7835185],[-96.8048627,32.7834989]]}},{"type":"Feature","properties":{"osm_id":756309368,"footway":"sidewalk","highway":"footway"},"geometry":{"type":"LineString","coordinates":[[-96.8050002,32.7836326],[-96.8048973,32.7835315]]}},{"type":"Feature","properties":{"osm_id":756309369,"crossing":"unmarked","crossing:markings":"no","footway":"crossing","highway":"footway"},"geometry":{"type":"LineString","coordinates":[[-96.8050637,32.7836933],[-96.8050449,32.7836747],[-96.8050002,32.7836326]]}},{"type":"Feature","properties":{"osm_id":756309370,"footway":"sidewalk","highway":"footway","surface":"concrete"},"geometry":{"type":"LineString","coordinates":[[-96.8018024,32.7837449],[-96.8017101,32.7838244]]}},{"type":"Feature","properties":{"osm_id":756309371,"crossing":"unmarked","crossing:markings":"no","footway":"crossing","highway":"footway","surface":"concrete"},"geometry":{"type":"LineString","coordinates":[[-96.8018293,32.7837224],[-96.8018187,32.7837313],[-96.8018024,32.7837449]]}},{"type":"Feature","properties":{"osm_id":756309372,"footway":"sidewalk","highway":"footway","surface":"concrete"},"geometry":{"type":"LineString","coordinates":[[-96.8016657,32.7838593],[-96.8015805,32.7839305]]}},{"type":"Feature","properties":{"osm_id":756309373,"crossing":"unmarked","crossing:markings":"no","footway":"crossing","highway":"footway","surface":"concrete"},"geometry":{"type":"LineString","coordinates":[[-96.8017101,32.7838244],[-96.801688,32.7838411],[-96.8016657,32.7838593]]}},{"type":"Feature","properties":{"osm_id":756309375,"footway":"sidewalk","highway":"footway","surface":"concrete"},"geometry":{"type":"LineString","coordinates":[[-96.8015304,32.7839723],[-96.8014547,32.7840356]]}},{"type":"Feature","properties":{"osm_id":756309376,"crossing":"unmarked","footway":"crossing","highway":"footway","surface":"concrete"},"geometry":{"type":"LineString","coordinates":[[-96.8015805,32.7839305],[-96.8015587,32.7839487],[-96.8015304,32.7839723]]}},{"type":"Feature","properties":{"osm_id":756309377,"footway":"sidewalk","highway":"footway","surface":"concrete"},"geometry":{"type":"LineString","coordinates":[[-96.801891,32.7836708],[-96.8018293,32.7837224]]}},{"type":"Feature","properties":{"osm_id":756309378,"footway":"sidewalk","highway":"footway","surface":"concrete"},"geometry":{"type":"LineString","coordinates":[[-96.8021164,32.7838714],[-96.8019882,32.7837625]]}},{"type":"Feature","properties":{"osm_id":756309379,"crossing":"unmarked","crossing:markings":"no","footway":"crossing","highway":"footway","surface":"concrete"},"geometry":{"type":"LineString","coordinates":[[-96.8021808,32.7839261],[-96.8021586,32.7839072],[-96.8021164,32.7838714]]}},{"type":"Feature","properties":{"osm_id":756309380,"footway":"sidewalk","highway":"footway","lit":"yes","name":"~","surface":"concrete"},"geometry":{"type":"LineString","coordinates":[[-96.8026798,32.7839661],[-96.8026098,32.7840269],[-96.802597,32.7840375]]}},{"type":"Feature","properties":{"osm_id":756309381,"crossing":"unmarked","crossing:markings":"no","footway":"crossing","highway":"footway","lit":"yes","surface":"concrete"},"geometry":{"type":"LineString","coordinates":[[-96.8027218,32.7839297],[-96.8026991,32.7839499],[-96.8026798,32.7839661]]}},{"type":"Feature","properties":{"osm_id":756309382,"crossing":"uncontrolled","crossing:markings":"lines","crossing:signals":"no","footway":"crossing","highway":"footway"},"geometry":{"type":"LineString","coordinates":[[-96.8032885,32.7818243],[-96.8032825,32.7817803],[-96.8032734,32.7817375]]}},{"type":"Feature","properties":{"osm_id":756309383,"footway":"sidewalk","highway":"footway"},"geometry":{"type":"LineString","coordinates":[[-96.8035412,32.7822922],[-96.8035238,32.7822482],[-96.8033628,32.7819855],[-96.8033063,32.7818802],[-96.8032904,32.781835],[-96.8032885,32.7818243]]}},{"type":"Feature","properties":{"osm_id":756309384,"footway":"sidewalk","highway":"footway"},"geometry":{"type":"LineString","coordinates":[[-96.8021102,32.7817245],[-96.8019982,32.7817494],[-96.8017425,32.7818075],[-96.8016955,32.7818057],[-96.8016232,32.7818207],[-96.8016092,32.7818239]]}},{"type":"Feature","properties":{"osm_id":756309385,"crossing":"unmarked","crossing:markings":"no","footway":"crossing","highway":"footway"},"geometry":{"type":"LineString","coordinates":[[-96.8021855,32.7817076],[-96.8021486,32.7817159],[-96.8021102,32.7817245]]}},{"type":"Feature","properties":{"osm_id":756309386,"footway":"sidewalk","highway":"footway"},"geometry":{"type":"LineString","coordinates":[[-96.8023015,32.7822894],[-96.8018871,32.7825751]]}},{"type":"Feature","properties":{"osm_id":756309387,"crossing":"unmarked","crossing:markings":"no","footway":"crossing","highway":"footway"},"geometry":{"type":"LineString","coordinates":[[-96.8023992,32.7822185],[-96.8023475,32.7822574],[-96.8023015,32.7822894]]}},{"type":"Feature","properties":{"osm_id":756309388,"footway":"sidewalk","highway":"footway"},"geometry":{"type":"LineString","coordinates":[[-96.8021417,32.7825371],[-96.8020909,32.7825722],[-96.8018696,32.7827251]]}},{"type":"Feature","properties":{"osm_id":756309389,"footway":"sidewalk","highway":"footway"},"geometry":{"type":"LineString","coordinates":[[-96.8022894,32.782433],[-96.8021972,32.782498]]}},{"type":"Feature","properties":{"osm_id":756309390,"crossing":"unmarked","crossing:markings":"no","footway":"crossing","highway":"footway"},"geometry":{"type":"LineString","coordinates":[[-96.8021972,32.782498],[-96.8021709,32.7825165],[-96.8021417,32.7825371]]}},{"type":"Feature","properties":{"osm_id":756309391,"footway":"sidewalk","highway":"footway"},"geometry":{"type":"LineString","coordinates":[[-96.8024484,32.7823209],[-96.8023359,32.7824002]]}},{"type":"Feature","properties":{"osm_id":756309392,"crossing":"unmarked","crossing:markings":"no","footway":"crossing","highway":"footway"},"geometry":{"type":"LineString","coordinates":[[-96.8025037,32.7822819],[-96.802476,32.7823019],[-96.8024484,32.7823209]]}},{"type":"Feature","properties":{"osm_id":756309393,"footway":"sidewalk","highway":"footway"},"geometry":{"type":"LineString","coordinates":[[-96.8032904,32.781835],[-96.8030631,32.7818874],[-96.8025037,32.7822819]]}},{"type":"Feature","properties":{"osm_id":756309394,"crossing":"unmarked","crossing:markings":"no","footway":"crossing","highway":"footway","surface":"concrete"},"geometry":{"type":"LineString","coordinates":[[-96.8029682,32.7827756],[-96.8029867,32.7827601],[-96.8030126,32.7827385]]}},{"type":"Feature","properties":{"osm_id":756309395,"footway":"sidewalk","highway":"footway","surface":"concrete"},"geometry":{"type":"LineString","coordinates":[[-96.8028378,32.7828847],[-96.8029682,32.7827756]]}},{"type":"Feature","properties":{"osm_id":756309396,"crossing":"unmarked","crossing:markings":"no","footway":"crossing","highway":"footway","surface":"concrete"},"geometry":{"type":"LineString","coordinates":[[-96.8028039,32.7829132],[-96.8028192,32.7828995],[-96.8028378,32.7828847]]}},{"type":"Feature","properties":{"osm_id":756309397,"footway":"sidewalk","highway":"footway","surface":"concrete"},"geometry":{"type":"LineString","coordinates":[[-96.80273,32.782975],[-96.8028039,32.7829132]]}},{"type":"Feature","properties":{"osm_id":756309398,"footway":"sidewalk","highway":"footway","surface":"concrete"},"geometry":{"type":"LineString","coordinates":[[-96.8030126,32.7827385],[-96.8035412,32.7822922]]}},{"type":"Feature","properties":{"osm_id":756309399,"crossing":"unmarked","crossing:markings":"no","footway":"crossing","highway":"footway","surface":"concrete"},"geometry":{"type":"LineString","coordinates":[[-96.8026786,32.7830181],[-96.8027022,32.7829983],[-96.80273,32.782975]]}},{"type":"Feature","properties":{"osm_id":756309400,"highway":"service","oneway":"yes","service":"driveway"},"geometry":{"type":"LineString","coordinates":[[-96.7988901,32.7822693],[-96.7988611,32.7823136],[-96.7988259,32.7823486],[-96.7987612,32.7823683],[-96.7982177,32.7824839],[-96.7981741,32.782485],[-96.7979637,32.7824722]]}},{"type":"Feature","properties":{"osm_id":756309401,"footway":"sidewalk","highway":"footway","surface":"concrete"},"geometry":{"type":"LineString","coordinates":[[-96.7986975,32.7822534],[-96.7984047,32.782315],[-96.7978529,32.7824332],[-96.7976142,32.7824844]]}},{"type":"Feature","properties":{"osm_id":756309402,"crossing":"unmarked","crossing:markings":"no","footway":"crossing","highway":"footway","surface":"concrete"},"geometry":{"type":"LineString","coordinates":[[-96.7987603,32.7822402],[-96.7987289,32.7822468],[-96.7986975,32.7822534]]}},{"type":"Feature","properties":{"osm_id":756309416,"crossing":"uncontrolled","crossing:markings":"surface","footway":"crossing","highway":"footway","surface":"concrete"},"geometry":{"type":"LineString","coordinates":[[-96.7967874,32.7790153],[-96.7968403,32.7790033],[-96.7968785,32.7789942]]}},{"type":"Feature","properties":{"osm_id":756309424,"crossing":"unmarked","crossing:markings":"no","footway":"crossing","highway":"footway","lit":"yes","surface":"concrete"},"geometry":{"type":"LineString","coordinates":[[-96.8004653,32.7780566],[-96.800446,32.7780115],[-96.8004325,32.7779788]]}},{"type":"Feature","properties":{"osm_id":756309425,"footway":"sidewalk","highway":"footway","lit":"yes","surface":"concrete"},"geometry":{"type":"LineString","coordinates":[[-96.8004957,32.778086],[-96.8004677,32.7780642],[-96.8004653,32.7780566]]}},{"type":"Feature","properties":{"osm_id":760835321,"crossing":"unmarked","crossing:markings":"no","footway":"crossing","highway":"footway","surface":"paving_stones"},"geometry":{"type":"LineString","coordinates":[[-96.8002424,32.7805151],[-96.8002728,32.7805094],[-96.8003014,32.7805035]]}},{"type":"Feature","properties":{"osm_id":760835322,"footway":"sidewalk","highway":"footway","surface":"paving_stones"},"geometry":{"type":"LineString","coordinates":[[-96.7996126,32.7806463],[-96.8002424,32.7805151]]}},{"type":"Feature","properties":{"osm_id":760835325,"crossing":"unmarked","crossing:markings":"no","footway":"crossing","highway":"footway"},"geometry":{"type":"LineString","coordinates":[[-96.8043847,32.7834978],[-96.8043754,32.7835056],[-96.8043531,32.7835242]]}},{"type":"Feature","properties":{"osm_id":760835326,"footway":"sidewalk","highway":"footway"},"geometry":{"type":"LineString","coordinates":[[-96.8046355,32.7832889],[-96.8043847,32.7834978]]}},{"type":"Feature","properties":{"osm_id":760835327,"footway":"sidewalk","highway":"footway","surface":"concrete"},"geometry":{"type":"LineString","coordinates":[[-96.8046891,32.7841434],[-96.805142,32.7837689]]}},{"type":"Feature","properties":{"osm_id":760835331,"crossing":"unmarked","crossing:markings":"no","footway":"crossing","highway":"footway","surface":"concrete"},"geometry":{"type":"LineString","coordinates":[[-96.8046293,32.7823228],[-96.8045918,32.7823532],[-96.8045751,32.7823668]]}},{"type":"Feature","properties":{"osm_id":760835332,"footway":"sidewalk","highway":"footway","surface":"concrete"},"geometry":{"type":"LineString","coordinates":[[-96.805129,32.7819018],[-96.8048591,32.7821345],[-96.8046293,32.7823228]]}},{"type":"Feature","properties":{"osm_id":760835338,"footway":"sidewalk","highway":"footway","surface":"concrete"},"geometry":{"type":"LineString","coordinates":[[-96.7951087,32.7792723],[-96.7951122,32.7792644],[-96.7949633,32.7788744]]}},{"type":"Feature","properties":{"osm_id":760835341,"footway":"sidewalk","highway":"footway","surface":"concrete"},"geometry":{"type":"LineString","coordinates":[[-96.806196,32.7836508],[-96.8058242,32.7833077],[-96.8058229,32.7833065]]}},{"type":"Feature","properties":{"osm_id":760835343,"crossing":"unmarked","crossing:markings":"no","footway":"crossing","highway":"footway","surface":"concrete"},"geometry":{"type":"LineString","coordinates":[[-96.8059716,32.7835701],[-96.8059788,32.7835767],[-96.8060121,32.7836071]]}},{"type":"Feature","properties":{"osm_id":760835344,"footway":"sidewalk","highway":"footway","surface":"concrete"},"geometry":{"type":"LineString","coordinates":[[-96.805748,32.7833675],[-96.8057573,32.7833741],[-96.8059716,32.7835701]]}},{"type":"Feature","properties":{"osm_id":760835345,"footway":"sidewalk","highway":"footway","surface":"concrete"},"geometry":{"type":"LineString","coordinates":[[-96.8055091,32.7839668],[-96.8052908,32.7837659]]}},{"type":"Feature","properties":{"osm_id":760835346,"crossing":"unmarked","crossing:markings":"no","footway":"crossing","highway":"footway","surface":"concrete"},"geometry":{"type":"LineString","coordinates":[[-96.8055544,32.7840082],[-96.8055403,32.7839953],[-96.8055091,32.7839668]]}},{"type":"Feature","properties":{"osm_id":764178107,"bicycle":"designated","cycleway":"shared_lane","foot":"use_sidepath","highway":"secondary","lanes":"2","maxspeed":"30 mph","name":"Main Street","oneway":"no","sidewalk":"separate","surface":"concrete","tiger:cfcc":"A41","tiger:county":"Dallas, TX","tiger:name_base":"Main","tiger:name_type":"St","tiger:reviewed":"no","tiger:zip_left":"75226","tiger:zip_right":"75226"},"geometry":{"type":"LineString","coordinates":[[-96.7995349,32.7805827],[-96.79948,32.7805941],[-96.7987814,32.780739]]}},{"type":"Feature","properties":{"osm_id":765132831,"highway":"residential","lane_markings":"no","name":"Browder Street","oneway":"yes","surface":"concrete","tiger:cfcc":"A41","tiger:county":"Dallas, TX","tiger:name_base":"Browder","tiger:name_type":"St","tiger:reviewed":"no","tiger:zip_left":"75201","tiger:zip_right":"75201"},"geometry":{"type":"LineString","coordinates":[[-96.7982979,32.7793006],[-96.7982843,32.7792473],[-96.7981393,32.7787219],[-96.7981205,32.7786641]]}},{"type":"Feature","properties":{"osm_id":765132832,"hgv":"no","highway":"residential","lanes":"2","name":"Jackson Street","oneway":"no","sidewalk":"separate","surface":"asphalt","tiger:cfcc":"A41","tiger:county":"Dallas, TX","tiger:name_base":"Jackson","tiger:name_type":"St","tiger:reviewed":"no","tiger:zip_left":"75201","tiger:zip_right":"75201","turn:lanes:forward":"left"},"geometry":{"type":"LineString","coordinates":[[-96.7974836,32.7794743],[-96.7975449,32.7794613],[-96.7982979,32.7793006]]}},{"type":"Feature","properties":{"osm_id":765145976,"foot":"use_sidepath","highway":"secondary","name":"North Griffin Street","oneway":"yes","sidewalk":"separate","source:name":"Dallas City Atlas Map Viewer (http://gis.dallascityhall.com/website/DallasCityAtlas/viewer.htm)","tiger:cfcc":"A41","tiger:county":"Dallas, TX","tiger:reviewed":"no"},"geometry":{"type":"LineString","coordinates":[[-96.8032518,32.781233],[-96.8032587,32.7812602]]}},{"type":"Feature","properties":{"osm_id":765145977,"foot":"use_sidepath","highway":"secondary","lanes":"4","name":"North Griffin Street","oneway":"yes","sidewalk:left":"no","sidewalk:right":"separate","source:name":"Dallas City Atlas Map Viewer (http://gis.dallascityhall.com/website/DallasCityAtlas/viewer.htm)","tiger:cfcc":"A41","tiger:county":"Dallas, TX","tiger:reviewed":"no","turn:lanes":"left|||"},"geometry":{"type":"LineString","coordinates":[[-96.802839,32.7798868],[-96.8028624,32.7799729],[-96.8030367,32.7805429],[-96.8030697,32.7806355]]}},{"type":"Feature","properties":{"osm_id":765150354,"crossing":"traffic_signals","crossing:markings":"surface","footway":"crossing","highway":"footway","lit":"yes","name":"Pacific Avenue","surface":"paving_stones"},"geometry":{"type":"LineString","coordinates":[[-96.8000466,32.7819871],[-96.7999536,32.7820033]]}},{"type":"Feature","properties":{"osm_id":765150355,"foot":"use_sidepath","highway":"tertiary","lanes":"3","name":"North Field Street","oneway":"yes","sidewalk:left":"no","sidewalk:right":"separate","surface":"asphalt","tiger:cfcc":"A41","tiger:county":"Dallas, TX","tiger:name_base":"Field","tiger:name_direction_prefix":"N","tiger:name_type":"St","tiger:reviewed":"no"},"geometry":{"type":"LineString","coordinates":[[-96.8012208,32.7811106],[-96.8013978,32.781674],[-96.8014012,32.7816849],[-96.8014112,32.7817148]]}},{"type":"Feature","properties":{"osm_id":765150356,"foot":"use_sidepath","highway":"tertiary","name":"North Field Street","oneway":"yes","sidewalk":"separate","surface":"asphalt","tiger:cfcc":"A41","tiger:county":"Dallas, TX","tiger:name_base":"Field","tiger:name_direction_prefix":"N","tiger:name_type":"St","tiger:reviewed":"no"},"geometry":{"type":"LineString","coordinates":[[-96.8012138,32.7810215],[-96.8012208,32.7811106]]}},{"type":"Feature","properties":{"osm_id":765151193,"foot":"use_sidepath","highway":"secondary","lanes":"2","name":"North Akard Street","oneway":"yes","sidewalk":"separate","surface":"asphalt","tiger:cfcc":"A41","tiger:county":"Dallas, TX","tiger:name_base":"Akard","tiger:name_direction_prefix":"N","tiger:name_type":"St","tiger:reviewed":"no","tiger:zip_left":"75201","tiger:zip_right":"75201","turn:lanes":"through|right"},"geometry":{"type":"LineString","coordinates":[[-96.7999536,32.7820033],[-96.7998672,32.7817191]]}},{"type":"Feature","properties":{"osm_id":765151195,"foot":"use_sidepath","highway":"secondary","lanes":"2","name":"North Akard Street","oneway":"yes","sidewalk":"separate","surface":"asphalt","tiger:cfcc":"A41","tiger:county":"Dallas, TX","tiger:name_base":"Akard","tiger:name_direction_prefix":"N","tiger:name_type":"St","tiger:reviewed":"no","tiger:zip_left":"75201","tiger:zip_right":"75201"},"geometry":{"type":"LineString","coordinates":[[-96.7999581,32.7820198],[-96.7999536,32.7820033]]}},{"type":"Feature","properties":{"osm_id":765151196,"foot":"use_sidepath","highway":"secondary","lanes":"2","name":"North Akard Street","oneway":"yes","sidewalk":"separate","surface":"asphalt","tiger:cfcc":"A41","tiger:county":"Dallas, TX","tiger:name_base":"Akard","tiger:name_direction_prefix":"N","tiger:name_type":"St","tiger:reviewed":"no","tiger:zip_left":"75201","tiger:zip_right":"75201"},"geometry":{"type":"LineString","coordinates":[[-96.7999971,32.7821572],[-96.799991,32.7821376],[-96.7999863,32.7821219],[-96.7999796,32.7820996],[-96.7999688,32.7820633],[-96.7999581,32.7820198]]}},{"type":"Feature","properties":{"osm_id":790172531,"access":"destination","highway":"service","service":"driveway"},"geometry":{"type":"LineString","coordinates":[[-96.7986151,32.7802687],[-96.7985764,32.7801328],[-96.7985654,32.7800961],[-96.7985397,32.7800045]]}},{"type":"Feature","properties":{"osm_id":814082521,"crossing":"traffic_signals","crossing:markings":"ladder","crossing:signals":"yes","footway":"crossing","highway":"footway"},"geometry":{"type":"LineString","coordinates":[[-96.8052556,32.7792718],[-96.8051603,32.7792981],[-96.8050767,32.7793212]]}},{"type":"Feature","properties":{"osm_id":814082526,"crossing":"traffic_signals","crossing:markings":"ladder","crossing:signals":"yes","footway":"crossing","highway":"footway"},"geometry":{"type":"LineString","coordinates":[[-96.8048571,32.7779691],[-96.8047613,32.7779858],[-96.8046947,32.7780006]]}},{"type":"Feature","properties":{"osm_id":814082530,"footway":"link","highway":"footway","surface":"concrete"},"geometry":{"type":"LineString","coordinates":[[-96.8046571,32.7772253],[-96.8046005,32.7772365]]}},{"type":"Feature","properties":{"osm_id":814082531,"highway":"residential","name":"South Austin Street","sidewalk":"separate","surface":"asphalt","tiger:cfcc":"A41","tiger:county":"Dallas, TX","tiger:name_base":"Austin","tiger:name_direction_prefix":"S","tiger:name_type":"St","tiger:reviewed":"no","tiger:zip_left":"75202","tiger:zip_left_1":"75202","tiger:zip_right":"75202"},"geometry":{"type":"LineString","coordinates":[[-96.8045285,32.7772494],[-96.8045074,32.7771573]]}},{"type":"Feature","properties":{"osm_id":819724105,"foot":"use_sidepath","highway":"secondary","lanes":"3","name":"North Griffin Street","oneway":"yes","sidewalk":"separate","source:name":"Dallas City Atlas Map Viewer (http://gis.dallascityhall.com/website/DallasCityAtlas/viewer.htm)","tiger:cfcc":"A41","tiger:county":"Dallas, TX","tiger:reviewed":"no"},"geometry":{"type":"LineString","coordinates":[[-96.8041424,32.7837584],[-96.8041379,32.7836601],[-96.8041248,32.7835601]]}},{"type":"Feature","properties":{"osm_id":819724106,"foot":"use_sidepath","highway":"secondary","lanes":"4","name":"North Griffin Street","oneway":"yes","sidewalk":"separate","source:name":"Dallas City Atlas Map Viewer (http://gis.dallascityhall.com/website/DallasCityAtlas/viewer.htm)","tiger:cfcc":"A41","tiger:county":"Dallas, TX","tiger:reviewed":"no"},"geometry":{"type":"LineString","coordinates":[[-96.8040781,32.7833268],[-96.8040279,32.7830983],[-96.8040223,32.7830704],[-96.8039953,32.7829501]]}},{"type":"Feature","properties":{"osm_id":825853688,"foot":"use_sidepath","highway":"tertiary","lanes":"3","name":"South Saint Paul Street","oneway":"yes","sidewalk:both":"separate","tiger:cfcc":"A41","tiger:county":"Dallas, TX","tiger:name_base":"St Paul","tiger:name_direction_prefix":"S","tiger:name_type":"St","tiger:reviewed":"no","tiger:zip_left":"75201","tiger:zip_right":"75201"},"geometry":{"type":"LineString","coordinates":[[-96.7950371,32.779331],[-96.7950247,32.7792901],[-96.7949289,32.7790051],[-96.7948836,32.7788698],[-96.7947795,32.7785598],[-96.7947358,32.7784296],[-96.7947037,32.7783339]]}},{"type":"Feature","properties":{"osm_id":825853689,"bicycle":"designated","cycleway:left":"lane","cycleway:left:buffer":"yes","foot":"use_sidepath","highway":"residential","name":"Wood Street","oneway":"yes","sidewalk":"separate"},"geometry":{"type":"LineString","coordinates":[[-96.7950371,32.779331],[-96.794973,32.7793444],[-96.7935438,32.779642],[-96.7934377,32.7796641]]}},{"type":"Feature","properties":{"osm_id":825853690,"foot":"use_sidepath","highway":"residential","lane_markings":"yes","lanes":"2","name":"Wood Street","sidewalk":"separate","surface":"asphalt","tiger:cfcc":"A41","tiger:county":"Dallas, TX","tiger:name_base":"Wood","tiger:name_type":"St","tiger:reviewed":"no","tiger:zip_left":"75201","tiger:zip_right":"75201"},"geometry":{"type":"LineString","coordinates":[[-96.8003899,32.7781754],[-96.8003149,32.7781918],[-96.8001018,32.7782357],[-96.7996848,32.7783273],[-96.7996578,32.7783323]]}},{"type":"Feature","properties":{"osm_id":829556586,"highway":"tertiary","name":"Patterson Street","sidewalk:both":"separate","tiger:cfcc":"A41","tiger:county":"Dallas, TX","tiger:name_base":"Patterson","tiger:name_type":"St","tiger:reviewed":"no","tiger:zip_left":"75201","tiger:zip_right":"75201"},"geometry":{"type":"LineString","coordinates":[[-96.8024326,32.7822637],[-96.8023843,32.7822959],[-96.8021284,32.7824772],[-96.8020511,32.7825315],[-96.8018912,32.7826383],[-96.8018705,32.7826557],[-96.8018139,32.7826919],[-96.801748,32.7827377],[-96.8016691,32.7827923],[-96.8016483,32.7828069],[-96.8012031,32.7831196],[-96.8010487,32.7832281],[-96.8008942,32.7833367],[-96.8005121,32.7836044],[-96.800448,32.7836559]]}},{"type":"Feature","properties":{"osm_id":834532390,"foot":"use_sidepath","highway":"residential","name":"South Akard Street","sidewalk:both":"separate","surface":"asphalt","tiger:cfcc":"A41","tiger:county":"Dallas, TX","tiger:name_base":"Akard","tiger:name_direction_prefix":"S","tiger:name_type":"St","tiger:reviewed":"no"},"geometry":{"type":"LineString","coordinates":[[-96.7987317,32.7774239],[-96.7987583,32.7774951],[-96.7989624,32.7780416],[-96.7990879,32.7783776],[-96.7991072,32.7784293]]}},{"type":"Feature","properties":{"osm_id":859441688,"bicycle":"yes","button_operated":"no","crossing":"traffic_signals","crossing:island":"no","crossing:markings":"ladder","footway":"crossing","highway":"footway","surface":"asphalt","traffic_signals:sound":"no"},"geometry":{"type":"LineString","coordinates":[[-96.8018694,32.7801769],[-96.8018536,32.7801638],[-96.8018099,32.7801029],[-96.8017705,32.78004]]}},{"type":"Feature","properties":{"osm_id":859441692,"highway":"service","oneway":"yes","service":"driveway"},"geometry":{"type":"LineString","coordinates":[[-96.796546,32.7838904],[-96.7965183,32.783878],[-96.7964871,32.7838752],[-96.796457,32.7838825],[-96.7964323,32.7838989],[-96.7964169,32.7839219],[-96.7964129,32.7839481],[-96.7964176,32.7839683],[-96.7964294,32.7839868],[-96.7964448,32.7839987],[-96.7964611,32.7840061],[-96.7964854,32.7840117],[-96.7965106,32.7840107],[-96.7965342,32.7840033],[-96.796554,32.7839902],[-96.7965687,32.7839716],[-96.7965755,32.78395],[-96.7965737,32.7839278],[-96.7965635,32.7839072],[-96.796546,32.7838904]]}},{"type":"Feature","properties":{"osm_id":866244138,"foot":"use_sidepath","highway":"secondary","lanes":"5","name":"Commerce Street","old_ref":"US 80;SH 183","oneway":"yes","sidewalk":"separate","surface":"asphalt","tiger:cfcc":"A41","tiger:county":"Dallas, TX","tiger:name_base":"Commerce","tiger:name_type":"St","tiger:reviewed":"no","tiger:zip_left":"75226","tiger:zip_right":"75226"},"geometry":{"type":"LineString","coordinates":[[-96.802903,32.77908],[-96.8027601,32.7791117],[-96.8026799,32.7791283],[-96.8016325,32.7793481],[-96.8015511,32.7793643],[-96.8015022,32.7793747],[-96.8012734,32.7794212],[-96.8011852,32.7794394],[-96.8010768,32.7794618],[-96.8010169,32.7794734]]}},{"type":"Feature","properties":{"osm_id":866244140,"foot":"use_sidepath","highway":"secondary","lanes":"5","name":"Elm Street","old_ref":"US 80","oneway":"yes","sidewalk:both":"separate","surface":"asphalt","tiger:cfcc":"A41","tiger:county":"Dallas, TX","tiger:name_base":"Elm","tiger:name_type":"St","tiger:reviewed":"no","tiger:zip_left":"75226","tiger:zip_right":"75226"},"geometry":{"type":"LineString","coordinates":[[-96.8012138,32.7810215],[-96.8013717,32.7809899],[-96.8016177,32.7809403],[-96.8023222,32.780795],[-96.8024152,32.7807761],[-96.8029946,32.780652],[-96.8030697,32.7806355]]}},{"type":"Feature","properties":{"osm_id":866255447,"foot":"use_sidepath","highway":"secondary","lanes":"3","name":"South Griffin Street","oneway":"yes","sidewalk":"separate","source:name":"Dallas City Atlas Map Viewer (http://gis.dallascityhall.com/website/DallasCityAtlas/viewer.htm)","surface":"asphalt","tiger:cfcc":"A41","tiger:county":"Dallas, TX","tiger:name_base":"Griffin","tiger:name_direction_prefix":"S","tiger:name_direction_suffix":"W","tiger:name_type":"St","tiger:reviewed":"no","tiger:zip_left":"75202","tiger:zip_right":"75202"},"geometry":{"type":"LineString","coordinates":[[-96.8024884,32.7776301],[-96.8024611,32.7775301],[-96.8023652,32.7772226]]}},{"type":"Feature","properties":{"osm_id":866265416,"foot":"use_sidepath","hgv":"designated","highway":"secondary","lanes":"3","name":"Young Street","oneway":"yes","sidewalk:left":"no","sidewalk:right":"separate","source:hgv":"Dallas City Code section 28-71","surface":"asphalt","tiger:cfcc":"A41","tiger:county":"Dallas, TX","tiger:name_base":"Young","tiger:name_type":"St"},"geometry":{"type":"LineString","coordinates":[[-96.7987317,32.7774239],[-96.7988251,32.7774055],[-96.7998032,32.7771757],[-96.7998505,32.7771651],[-96.8000464,32.7771202]]}},{"type":"Feature","properties":{"osm_id":866947447,"foot":"use_sidepath","highway":"tertiary","lanes":"3","name":"North Harwood Street","oneway":"yes","sidewalk":"separate","surface":"asphalt","tiger:cfcc":"A41","tiger:county":"Dallas, TX","tiger:name_base":"Harwood","tiger:name_direction_prefix":"N","tiger:name_type":"St","tiger:reviewed":"no","tiger:zip_left":"75201","tiger:zip_right":"75201"},"geometry":{"type":"LineString","coordinates":[[-96.7970852,32.7850897],[-96.7970547,32.7850648],[-96.7970308,32.7850435],[-96.796676,32.7847641],[-96.7966361,32.7847355],[-96.7966023,32.7847078],[-96.7965698,32.7846815],[-96.7965493,32.7846637],[-96.7962257,32.784392],[-96.7960843,32.784277],[-96.7959399,32.78416],[-96.7958746,32.784107],[-96.7953631,32.7837063],[-96.7952839,32.783648]]}},{"type":"Feature","properties":{"osm_id":907230667,"highway":"tertiary","lanes":"3","name":"North Saint Paul Street","oneway":"yes","surface":"asphalt","tiger:cfcc":"A41","tiger:county":"Dallas, TX","tiger:name_base":"St Paul","tiger:name_direction_prefix":"N","tiger:name_type":"St","tiger:reviewed":"no","tiger:zip_left":"75201","tiger:zip_right":"75201"},"geometry":{"type":"LineString","coordinates":[[-96.7981822,32.7843592],[-96.7981688,32.7843475],[-96.7976774,32.783927],[-96.7976374,32.7838946]]}},{"type":"Feature","properties":{"osm_id":918153602,"foot":"use_sidepath","highway":"secondary","lanes":"3","lit":"yes","name":"South Griffin Street","oneway":"yes","sidewalk:left":"no","sidewalk:right":"separate","source:name":"Dallas City Atlas Map Viewer (http://gis.dallascityhall.com/website/DallasCityAtlas/viewer.htm)","surface":"asphalt","tiger:cfcc":"A41","tiger:county":"Dallas, TX","tiger:name_base":"Griffin","tiger:name_direction_prefix":"S","tiger:name_direction_suffix":"W","tiger:name_type":"St","tiger:reviewed":"no","tiger:zip_left":"75202","tiger:zip_right":"75202"},"geometry":{"type":"LineString","coordinates":[[-96.8018184,32.7751073],[-96.8017508,32.7748592],[-96.8017145,32.7747261]]}},{"type":"Feature","properties":{"osm_id":918153603,"foot":"use_sidepath","highway":"secondary","lanes":"3","name":"South Griffin Street","oneway":"yes","sidewalk":"separate","source:name":"Dallas City Atlas Map Viewer (http://gis.dallascityhall.com/website/DallasCityAtlas/viewer.htm)","surface":"asphalt","tiger:cfcc":"A41","tiger:county":"Dallas, TX","tiger:name_base":"Griffin","tiger:name_direction_prefix":"S","tiger:name_type":"Blvd","tiger:reviewed":"no"},"geometry":{"type":"LineString","coordinates":[[-96.8016025,32.7749798],[-96.801628,32.7750746]]}},{"type":"Feature","properties":{"osm_id":918153604,"foot":"use_sidepath","highway":"secondary","lanes":"3","name":"South Griffin Street","oneway":"yes","sidewalk":"separate","source:name":"Dallas City Atlas Map Viewer (http://gis.dallascityhall.com/website/DallasCityAtlas/viewer.htm)","surface":"asphalt","tiger:cfcc":"A41","tiger:county":"Dallas, TX","tiger:name_base":"Griffin","tiger:name_direction_prefix":"S","tiger:name_type":"Blvd","tiger:reviewed":"no"},"geometry":{"type":"LineString","coordinates":[[-96.8025606,32.7784052],[-96.8025818,32.7784759],[-96.802736,32.779022],[-96.8027601,32.7791117],[-96.8027704,32.7792025],[-96.8028305,32.7798001],[-96.802839,32.7798868]]}},{"type":"Feature","properties":{"osm_id":922382960,"foot":"use_sidepath","highway":"secondary","lanes":"4","name":"Commerce Street","old_ref":"US 80;SH 183","oneway":"yes","sidewalk":"separate","tiger:cfcc":"A41","tiger:county":"Dallas, TX","tiger:name_base":"Commerce","tiger:name_type":"St","tiger:reviewed":"no","tiger:zip_left":"75226","tiger:zip_right":"75226"},"geometry":{"type":"LineString","coordinates":[[-96.7978702,32.780137],[-96.7977489,32.780161],[-96.7976976,32.7801711],[-96.7976102,32.7801897],[-96.7969747,32.7803252],[-96.7968916,32.7803427]]}},{"type":"Feature","properties":{"osm_id":926653134,"foot":"use_sidepath","highway":"tertiary","lanes":"2","name":"North Field Street","oneway":"yes","sidewalk:left":"no","sidewalk:right":"separate","surface":"asphalt","tiger:cfcc":"A41","tiger:county":"Dallas, TX","tiger:name_base":"Field","tiger:name_direction_prefix":"N","tiger:name_type":"St","tiger:reviewed":"no","turn:lanes":"through|right"},"geometry":{"type":"LineString","coordinates":[[-96.8015151,32.7816938],[-96.8015063,32.781664],[-96.8013396,32.7810876],[-96.8012138,32.7810215]]}},{"type":"Feature","properties":{"osm_id":926653135,"foot":"use_sidepath","highway":"tertiary","name":"North Field Street","oneway":"yes","sidewalk":"separate","surface":"asphalt","tiger:cfcc":"A41","tiger:county":"Dallas, TX","tiger:name_base":"Field","tiger:name_direction_prefix":"N","tiger:name_type":"St","tiger:reviewed":"no"},"geometry":{"type":"LineString","coordinates":[[-96.8015475,32.781806],[-96.8015355,32.7817667],[-96.8015219,32.7817188],[-96.8015151,32.7816938]]}},{"type":"Feature","properties":{"osm_id":926653137,"foot":"use_sidepath","highway":"tertiary","lanes":"2","name":"North Field Street","oneway":"yes","sidewalk:left":"no","sidewalk:right":"separate","surface":"asphalt","tiger:cfcc":"A41","tiger:county":"Dallas, TX","tiger:name_base":"Field","tiger:name_direction_prefix":"N","tiger:name_type":"St","tiger:reviewed":"no"},"geometry":{"type":"LineString","coordinates":[[-96.8015692,32.7821932],[-96.8016433,32.7824209],[-96.8017292,32.7826768],[-96.801748,32.7827377],[-96.801776,32.7827967],[-96.8018456,32.7829742]]}},{"type":"Feature","properties":{"osm_id":928273049,"foot":"use_sidepath","highway":"secondary","lanes":"4","name":"South Ervay Street","oneway":"yes","sidewalk":"separate","tiger:cfcc":"A41","tiger:county":"Dallas, TX","tiger:name_base":"Ervay","tiger:name_direction_prefix":"S","tiger:name_type":"St","tiger:reviewed":"no","tiger:zip_left":"75215","tiger:zip_right":"75215"},"geometry":{"type":"LineString","coordinates":[[-96.79588,32.776935],[-96.7959071,32.7770117],[-96.796113,32.7776013]]}},{"type":"Feature","properties":{"osm_id":934281980,"foot":"use_sidepath","highway":"secondary","lanes":"4","name":"Commerce Street","old_ref":"US 80;SH 183","oneway":"yes","sidewalk":"separate","surface":"asphalt","tiger:cfcc":"A41","tiger:county":"Dallas, TX","tiger:name_base":"Commerce","tiger:name_type":"St","tiger:reviewed":"no","tiger:zip_left":"75226","tiger:zip_right":"75226","turn:lanes":"|||right"},"geometry":{"type":"LineString","coordinates":[[-96.796115,32.7805047],[-96.7960305,32.7805244],[-96.7955541,32.7806297],[-96.7954702,32.7806483]]}},{"type":"Feature","properties":{"osm_id":935247129,"foot":"use_sidepath","highway":"secondary","lanes":"4","lit":"yes","name":"South Griffin Street","oneway":"yes","sidewalk:left":"no","sidewalk:right":"separate","source:name":"Dallas City Atlas Map Viewer (http://gis.dallascityhall.com/website/DallasCityAtlas/viewer.htm)","surface":"asphalt","tiger:cfcc":"A41","tiger:county":"Dallas, TX","tiger:name_base":"Griffin","tiger:name_direction_prefix":"S","tiger:name_direction_suffix":"W","tiger:name_type":"St","tiger:reviewed":"no","tiger:zip_left":"75202","tiger:zip_right":"75202"},"geometry":{"type":"LineString","coordinates":[[-96.8020244,32.7758823],[-96.8019824,32.7757224],[-96.8019257,32.7755063],[-96.8019014,32.7754162],[-96.8018947,32.7753912]]}},{"type":"Feature","properties":{"osm_id":935247130,"foot":"use_sidepath","highway":"secondary","lanes":"4","lit":"yes","name":"South Griffin Street","oneway":"yes","sidewalk:left":"no","sidewalk:right":"separate","source:name":"Dallas City Atlas Map Viewer (http://gis.dallascityhall.com/website/DallasCityAtlas/viewer.htm)","surface":"asphalt","tiger:cfcc":"A41","tiger:county":"Dallas, TX","tiger:name_base":"Griffin","tiger:name_direction_prefix":"S","tiger:name_direction_suffix":"W","tiger:name_type":"St","tiger:reviewed":"no","tiger:zip_left":"75202","tiger:zip_right":"75202","turn:lanes":"left|none|none|none"},"geometry":{"type":"LineString","coordinates":[[-96.8018947,32.7753912],[-96.8018184,32.7751073]]}},{"type":"Feature","properties":{"osm_id":996834678,"foot":"use_sidepath","highway":"secondary","lanes":"3","name":"South Ervay Street","oneway":"yes","sidewalk":"separate","tiger:cfcc":"A41","tiger:county":"Dallas, TX","tiger:name_base":"Ervay","tiger:name_direction_prefix":"S","tiger:name_type":"St","tiger:reviewed":"no","tiger:zip_left":"75215","tiger:zip_right":"75215"},"geometry":{"type":"LineString","coordinates":[[-96.7967165,32.7796424],[-96.7967291,32.7797224],[-96.7968717,32.780268],[-96.7968916,32.7803427]]}},{"type":"Feature","properties":{"osm_id":996834679,"highway":"residential","name":"Jackson Street","sidewalk":"separate","surface":"asphalt","tiger:cfcc":"A41","tiger:county":"Dallas, TX","tiger:name_base":"Jackson","tiger:name_type":"St","tiger:reviewed":"no","tiger:zip_left":"75201","tiger:zip_right":"75201"},"geometry":{"type":"LineString","coordinates":[[-96.7967165,32.7796424],[-96.7967922,32.7796213],[-96.7969698,32.7795833],[-96.7972554,32.7795227],[-96.7974516,32.7794811],[-96.7974836,32.7794743]]}},{"type":"Feature","properties":{"osm_id":1001346512,"highway":"service","oneway":"yes","service":"driveway"},"geometry":{"type":"LineString","coordinates":[[-96.8045245,32.776048],[-96.8044211,32.7759672],[-96.8042898,32.7758993]]}},{"type":"Feature","properties":{"osm_id":1001346513,"highway":"service","oneway":"yes","service":"driveway"},"geometry":{"type":"LineString","coordinates":[[-96.8040414,32.7758434],[-96.8038506,32.7758111]]}},{"type":"Feature","properties":{"osm_id":1003293358,"highway":"footway","surface":"concrete"},"geometry":{"type":"LineString","coordinates":[[-96.802643,32.7761814],[-96.8022018,32.7762674]]}},{"type":"Feature","properties":{"osm_id":1029555379,"foot":"use_sidepath","highway":"secondary","lanes":"3","name":"Commerce Street","old_ref":"US 80;SH 183","oneway":"yes","sidewalk":"separate","tiger:cfcc":"A41","tiger:county":"Dallas, TX","tiger:name_base":"Commerce","tiger:name_type":"St","tiger:reviewed":"no","tiger:zip_left":"75226","tiger:zip_right":"75226"},"geometry":{"type":"LineString","coordinates":[[-96.7985397,32.7800045],[-96.7984138,32.7800294]]}},{"type":"Feature","properties":{"osm_id":1029555380,"foot":"use_sidepath","highway":"secondary","lanes":"5","name":"Commerce Street","old_ref":"US 80;SH 183","oneway":"yes","sidewalk":"separate","surface":"asphalt","tiger:cfcc":"A41","tiger:county":"Dallas, TX","tiger:name_base":"Commerce","tiger:name_type":"St","tiger:reviewed":"no","tiger:zip_left":"75226","tiger:zip_right":"75226"},"geometry":{"type":"LineString","coordinates":[[-96.7984138,32.7800294],[-96.7978702,32.780137]]}},{"type":"Feature","properties":{"osm_id":1029582866,"foot":"use_sidepath","highway":"secondary","name":"South Griffin Street","oneway":"yes","sidewalk":"separate","source:name":"Dallas City Atlas Map Viewer (http://gis.dallascityhall.com/website/DallasCityAtlas/viewer.htm)","surface":"asphalt","tiger:cfcc":"A41","tiger:county":"Dallas, TX","tiger:name_base":"Griffin","tiger:name_direction_prefix":"S","tiger:name_direction_suffix":"W","tiger:name_type":"St","tiger:reviewed":"no","tiger:zip_left":"75202","tiger:zip_right":"75202"},"geometry":{"type":"LineString","coordinates":[[-96.8022514,32.7768426],[-96.8022276,32.7767253]]}},{"type":"Feature","properties":{"osm_id":1029584697,"foot":"use_sidepath","highway":"secondary","lanes":"3","name":"North Griffin Street","oneway":"yes","sidewalk":"separate","source:name":"Dallas City Atlas Map Viewer (http://gis.dallascityhall.com/website/DallasCityAtlas/viewer.htm)","surface":"asphalt","tiger:cfcc":"A41","tiger:county":"Dallas, TX","tiger:reviewed":"no"},"geometry":{"type":"LineString","coordinates":[[-96.8041248,32.7835601],[-96.8040781,32.7833268]]}},{"type":"Feature","properties":{"osm_id":1029614404,"foot":"yes","footway":"sidewalk","highway":"footway","lit":"yes","name":"Bryan Street","surface":"paving_stones"},"geometry":{"type":"LineString","coordinates":[[-96.7983623,32.7831348],[-96.7991886,32.7824551]]}},{"type":"Feature","properties":{"osm_id":1029614405,"foot":"use_sidepath","highway":"tertiary","lanes":"3","lit":"yes","name":"North Saint Paul Street","oneway":"yes","sidewalk":"separate","surface":"asphalt","tiger:cfcc":"A41","tiger:county":"Dallas, TX","tiger:name_base":"St Paul","tiger:name_direction_prefix":"N","tiger:name_type":"St","tiger:reviewed":"no","tiger:zip_left":"75201","tiger:zip_right":"75201"},"geometry":{"type":"LineString","coordinates":[[-96.7976374,32.7838946],[-96.7976096,32.783871],[-96.7975785,32.7838435],[-96.7975379,32.7838116]]}},{"type":"Feature","properties":{"osm_id":1029614406,"foot":"use_sidepath","highway":"tertiary","lanes":"3","lit":"yes","name":"North Saint Paul Street","oneway":"yes","sidewalk":"separate","surface":"asphalt","tiger:cfcc":"A41","tiger:county":"Dallas, TX","tiger:name_base":"St Paul","tiger:name_direction_prefix":"N","tiger:name_type":"St","tiger:reviewed":"no","tiger:zip_left":"75201","tiger:zip_right":"75201"},"geometry":{"type":"LineString","coordinates":[[-96.7975379,32.7838116],[-96.7974392,32.7837395]]}},{"type":"Feature","properties":{"osm_id":1029614407,"foot":"use_sidepath","highway":"tertiary","lanes":"4","lit":"yes","name":"North Saint Paul Street","oneway":"yes","sidewalk":"separate","surface":"asphalt","tiger:cfcc":"A41","tiger:county":"Dallas, TX","tiger:name_base":"St Paul","tiger:name_direction_prefix":"N","tiger:name_type":"St","tiger:reviewed":"no","tiger:zip_left":"75201","tiger:zip_right":"75201","turn:lanes":"left|left;through|through|through;right"},"geometry":{"type":"LineString","coordinates":[[-96.7965131,32.7830782],[-96.7963178,32.7829515],[-96.7961724,32.7828634]]}},{"type":"Feature","properties":{"osm_id":1029614408,"foot":"use_sidepath","highway":"tertiary","lanes":"4","lit":"yes","name":"North Saint Paul Street","oneway":"yes","sidewalk":"separate","surface":"asphalt","tiger:cfcc":"A41","tiger:county":"Dallas, TX","tiger:name_base":"St Paul","tiger:name_direction_prefix":"N","tiger:name_type":"St","tiger:reviewed":"no","tiger:zip_left":"75201","tiger:zip_right":"75201","turn:lanes":"left|left;through|none|none"},"geometry":{"type":"LineString","coordinates":[[-96.7967146,32.7832075],[-96.7965131,32.7830782]]}},{"type":"Feature","properties":{"osm_id":1029620473,"foot":"use_sidepath","hgv":"designated","highway":"secondary","lit":"yes","name":"Young Street","oneway":"yes","sidewalk":"separate","source:hgv":"Dallas City Code section 28-71","surface":"asphalt","tiger:cfcc":"A41","tiger:county":"Dallas, TX","tiger:name_base":"Young","tiger:name_type":"St","tiger:reviewed":"no","tiger:zip_left":"75201","tiger:zip_right":"75201"},"geometry":{"type":"LineString","coordinates":[[-96.8022276,32.7767253],[-96.802053,32.77673]]}},{"type":"Feature","properties":{"osm_id":1029620474,"foot":"use_sidepath","highway":"secondary","lanes":"3","name":"South Griffin Street","oneway":"yes","sidewalk:left":"no","sidewalk:right":"separate","source:name":"Dallas City Atlas Map Viewer (http://gis.dallascityhall.com/website/DallasCityAtlas/viewer.htm)","surface":"asphalt","tiger:cfcc":"A41","tiger:county":"Dallas, TX","tiger:name_base":"Griffin","tiger:name_direction_prefix":"S","tiger:name_type":"Blvd","tiger:reviewed":"no"},"geometry":{"type":"LineString","coordinates":[[-96.801628,32.7750746],[-96.801746,32.7755481],[-96.8018299,32.7758515],[-96.8019618,32.7763644]]}},{"type":"Feature","properties":{"osm_id":1029622856,"foot":"use_sidepath","hgv":"designated","highway":"secondary","lanes":"4","lit":"yes","name":"Young Street","oneway":"yes","sidewalk:left":"no","sidewalk:right":"separate","source:hgv":"Dallas City Code section 28-71","surface":"asphalt","tiger:cfcc":"A41","tiger:county":"Dallas, TX","tiger:name_base":"Young","tiger:name_type":"St"},"geometry":{"type":"LineString","coordinates":[[-96.8013284,32.7768902],[-96.8014695,32.776872],[-96.8017535,32.7768537],[-96.8019821,32.7768389],[-96.8020817,32.7768346]]}},{"type":"Feature","properties":{"osm_id":1029983016,"foot":"use_sidepath","hgv":"designated","highway":"secondary","lanes":"2","name":"Young Street","oneway":"yes","sidewalk":"separate","source:hgv":"Dallas City Code section 28-71","surface":"asphalt","tiger:cfcc":"A41","tiger:county":"Dallas, TX","tiger:name_base":"Young","tiger:name_type":"St"},"geometry":{"type":"LineString","coordinates":[[-96.7962352,32.7779747],[-96.7963419,32.7779788],[-96.796434,32.7779655],[-96.7968634,32.7778547]]}},{"type":"Feature","properties":{"osm_id":1029983017,"foot":"use_sidepath","hgv":"designated","highway":"secondary","lanes":"4","name":"Young Street","oneway":"yes","sidewalk:left":"no","sidewalk:right":"separate","source:hgv":"Dallas City Code section 28-71","surface":"asphalt","tiger:cfcc":"A41","tiger:county":"Dallas, TX","tiger:name_base":"Young","tiger:name_type":"St"},"geometry":{"type":"LineString","coordinates":[[-96.7979911,32.7775936],[-96.7986481,32.7774415],[-96.7987317,32.7774239]]}},{"type":"Feature","properties":{"osm_id":1031944947,"highway":"residential","lanes":"1","name":"Federal Street","oneway":"yes","surface":"asphalt","tiger:cfcc":"A41","tiger:county":"Dallas, TX","tiger:name_base":"Federal","tiger:name_type":"St","tiger:reviewed":"no","tiger:zip_left":"75202","tiger:zip_right":"75202"},"geometry":{"type":"LineString","coordinates":[[-96.8005866,32.7828969],[-96.8005612,32.7829073],[-96.8003343,32.7829591],[-96.800255,32.7829772]]}},{"type":"Feature","properties":{"osm_id":1032000265,"foot":"use_sidepath","highway":"secondary","lanes":"3","name":"North Griffin Street","oneway":"yes","sidewalk":"separate","source:name":"Dallas City Atlas Map Viewer (http://gis.dallascityhall.com/website/DallasCityAtlas/viewer.htm)","tiger:cfcc":"A41","tiger:county":"Dallas, TX","tiger:reviewed":"no"},"geometry":{"type":"LineString","coordinates":[[-96.8030697,32.7806355],[-96.8030973,32.7807165],[-96.8032518,32.781233]]}},{"type":"Feature","properties":{"osm_id":1032000266,"foot":"use_sidepath","highway":"secondary","name":"Elm Street","old_ref":"US 80","oneway":"yes","sidewalk":"separate","surface":"asphalt","tiger:cfcc":"A41","tiger:county":"Dallas, TX","tiger:name_base":"Elm","tiger:name_type":"St","tiger:reviewed":"no","tiger:zip_left":"75226","tiger:zip_right":"75226"},"geometry":{"type":"LineString","coordinates":[[-96.8030697,32.7806355],[-96.8032183,32.7806026]]}},{"type":"Feature","properties":{"osm_id":1032546207,"foot":"use_sidepath","highway":"secondary","lanes":"4","name":"North Griffin Street","oneway":"yes","sidewalk":"separate","source:name":"Dallas City Atlas Map Viewer (http://gis.dallascityhall.com/website/DallasCityAtlas/viewer.htm)","surface":"asphalt","tiger:cfcc":"A41","tiger:county":"Dallas, TX","tiger:reviewed":"no"},"geometry":{"type":"LineString","coordinates":[[-96.8037928,32.7827122],[-96.803822,32.782811],[-96.8038464,32.782914],[-96.8038569,32.7829582],[-96.803878,32.783047]]}},{"type":"Feature","properties":{"osm_id":1032579218,"foot":"use_sidepath","highway":"tertiary","lanes":"3","name":"North Field Street","oneway":"yes","sidewalk:left":"no","sidewalk:right":"separate","surface":"asphalt","tiger:cfcc":"A41","tiger:county":"Dallas, TX","tiger:name_base":"Field","tiger:name_direction_prefix":"N","tiger:name_type":"St","tiger:reviewed":"no","turn:lanes":"||right"},"geometry":{"type":"LineString","coordinates":[[-96.8014482,32.7818278],[-96.8014603,32.7818637],[-96.8015567,32.7821554],[-96.8015692,32.7821932]]}},{"type":"Feature","properties":{"osm_id":1032893342,"highway":"secondary","lanes":"4","name":"Wood Street","oneway":"yes","sidewalk":"separate","surface":"asphalt","tiger:cfcc":"A41","tiger:county":"Dallas, TX","tiger:name_base":"Poydras:Wood","tiger:name_direction_prefix":"S","tiger:name_type":"St","tiger:reviewed":"no","tiger:zip_left":"75202","tiger:zip_right":"75202"},"geometry":{"type":"LineString","coordinates":[[-96.8054389,32.7769613],[-96.8055388,32.7769416],[-96.8061847,32.7768039],[-96.8063111,32.7767841]]}},{"type":"Feature","properties":{"osm_id":1034403696,"foot":"use_sidepath","highway":"tertiary","lanes":"3","name":"Live Oak Street","oneway":"yes","sidewalk":"separate","tiger:cfcc":"A41","tiger:county":"Dallas, TX","tiger:name_base":"Live Oak","tiger:name_type":"St","tiger:reviewed":"no","tiger:zip_left":"75206","tiger:zip_right":"75206","turn:lanes":"left|left|left"},"geometry":{"type":"LineString","coordinates":[[-96.7950621,32.7838363],[-96.7952118,32.7837127]]}},{"type":"Feature","properties":{"osm_id":1034410314,"foot":"use_sidepath","highway":"secondary","lanes":"4","name":"North Akard Street","oneway":"yes","sidewalk":"separate","surface":"asphalt","tiger:cfcc":"A41","tiger:county":"Dallas, TX","tiger:name_base":"Akard","tiger:name_direction_prefix":"N","tiger:name_type":"St","tiger:reviewed":"no","tiger:zip_left":"75201","tiger:zip_right":"75201"},"geometry":{"type":"LineString","coordinates":[[-96.800739,32.7847],[-96.8007187,32.7846236],[-96.8006665,32.7844269],[-96.8006474,32.784355],[-96.8006123,32.784226],[-96.8005258,32.7839264]]}},{"type":"Feature","properties":{"osm_id":1034410315,"foot":"use_sidepath","highway":"secondary","lanes":"3","name":"North Akard Street","oneway":"yes","sidewalk":"separate","surface":"asphalt","tiger:cfcc":"A41","tiger:county":"Dallas, TX","tiger:name_base":"Akard","tiger:name_direction_prefix":"N","tiger:name_type":"St","tiger:reviewed":"no","tiger:zip_left":"75201","tiger:zip_right":"75201"},"geometry":{"type":"LineString","coordinates":[[-96.8005258,32.7839264],[-96.8004745,32.7837488],[-96.800448,32.7836559]]}},{"type":"Feature","properties":{"osm_id":1034410316,"highway":"tertiary","name":"Patterson Street","sidewalk":"separate","tiger:cfcc":"A41","tiger:county":"Dallas, TX","tiger:name_base":"Patterson","tiger:name_type":"St","tiger:reviewed":"no","tiger:zip_left":"75201","tiger:zip_right":"75201"},"geometry":{"type":"LineString","coordinates":[[-96.800448,32.7836559],[-96.8003659,32.7837276],[-96.8003593,32.7837334],[-96.7996929,32.7842902],[-96.7996361,32.7843377]]}},{"type":"Feature","properties":{"osm_id":1034410317,"foot":"use_sidepath","highway":"secondary","lanes":"4","name":"North Akard Street","oneway":"yes","sidewalk":"separate","surface":"asphalt","tiger:cfcc":"A41","tiger:county":"Dallas, TX","tiger:name_base":"Akard","tiger:name_direction_prefix":"N","tiger:name_type":"St","tiger:reviewed":"no","tiger:zip_left":"75201","tiger:zip_right":"75201"},"geometry":{"type":"LineString","coordinates":[[-96.800448,32.7836559],[-96.8004268,32.7835815],[-96.8003158,32.7831846]]}},{"type":"Feature","properties":{"osm_id":1034410318,"foot":"use_sidepath","highway":"secondary","lanes":"3","name":"North Akard Street","oneway":"yes","sidewalk":"separate","surface":"asphalt","tiger:cfcc":"A41","tiger:county":"Dallas, TX","tiger:name_base":"Akard","tiger:name_direction_prefix":"N","tiger:name_type":"St","tiger:reviewed":"no","tiger:zip_left":"75201","tiger:zip_right":"75201","turn:lanes":"left;through|none|none"},"geometry":{"type":"LineString","coordinates":[[-96.8003158,32.7831846],[-96.800255,32.7829772],[-96.8002354,32.7829174],[-96.8002014,32.782814]]}},{"type":"Feature","properties":{"osm_id":1034410319,"foot":"use_sidepath","highway":"secondary","lanes":"3","name":"North Akard Street","oneway":"yes","sidewalk":"separate","surface":"asphalt","tiger:cfcc":"A41","tiger:county":"Dallas, TX","tiger:name_base":"Akard","tiger:name_direction_prefix":"N","tiger:name_type":"St","tiger:reviewed":"no","tiger:zip_left":"75201","tiger:zip_right":"75201"},"geometry":{"type":"LineString","coordinates":[[-96.8002014,32.782814],[-96.8001177,32.7825451]]}},{"type":"Feature","properties":{"osm_id":1034706896,"foot":"use_sidepath","highway":"secondary","lanes":"4","name":"Elm Street","old_ref":"US 80","oneway":"yes","sidewalk":"separate","surface":"asphalt","tiger:cfcc":"A41","tiger:county":"Dallas, TX","tiger:name_base":"Elm","tiger:name_type":"St","tiger:reviewed":"no","tiger:zip_left":"75226","tiger:zip_right":"75226","turn:lanes":"none|none|none|right"},"geometry":{"type":"LineString","coordinates":[[-96.7969412,32.7819203],[-96.7972564,32.7818532],[-96.7973377,32.7818359]]}},{"type":"Feature","properties":{"osm_id":1035054132,"foot":"use_sidepath","highway":"tertiary","lanes":"2","name":"North Field Street","oneway":"yes","sidewalk:left":"no","sidewalk:right":"separate","surface":"asphalt","tiger:cfcc":"A41","tiger:county":"Dallas, TX","tiger:name_base":"Field","tiger:name_direction_prefix":"N","tiger:name_type":"St","tiger:reviewed":"no"},"geometry":{"type":"LineString","coordinates":[[-96.8018456,32.7829742],[-96.8018216,32.7827618],[-96.8018139,32.7826919],[-96.8017992,32.7826299],[-96.8017471,32.7824444]]}},{"type":"Feature","properties":{"osm_id":1035054133,"foot":"use_sidepath","highway":"tertiary","lanes":"3","name":"North Field Street","oneway":"yes","sidewalk:left":"no","sidewalk:right":"separate","surface":"asphalt","tiger:cfcc":"A41","tiger:county":"Dallas, TX","tiger:name_base":"Field","tiger:name_direction_prefix":"N","tiger:name_type":"St","tiger:reviewed":"no","turn:lanes":"left|none|none"},"geometry":{"type":"LineString","coordinates":[[-96.8017471,32.7824444],[-96.8017075,32.7823108]]}},{"type":"Feature","properties":{"osm_id":1036831383,"foot":"use_sidepath","highway":"secondary","lanes":"3","name":"South Griffin Street","oneway":"yes","sidewalk":"separate","source:name":"Dallas City Atlas Map Viewer (http://gis.dallascityhall.com/website/DallasCityAtlas/viewer.htm)","surface":"asphalt","tiger:cfcc":"A41","tiger:county":"Dallas, TX","tiger:name_base":"Griffin","tiger:name_direction_prefix":"S","tiger:name_type":"Blvd","tiger:reviewed":"no"},"geometry":{"type":"LineString","coordinates":[[-96.8020817,32.7768346],[-96.8021112,32.7769301],[-96.8022365,32.7773554]]}},{"type":"Feature","properties":{"osm_id":1036831384,"foot":"use_sidepath","highway":"secondary","lanes":"4","name":"South Griffin Street","oneway":"yes","sidewalk":"separate","source:name":"Dallas City Atlas Map Viewer (http://gis.dallascityhall.com/website/DallasCityAtlas/viewer.htm)","surface":"asphalt","tiger:cfcc":"A41","tiger:county":"Dallas, TX","tiger:name_base":"Griffin","tiger:name_direction_prefix":"S","tiger:name_type":"Blvd","tiger:reviewed":"no","turn:lanes":"left|none|none|none"},"geometry":{"type":"LineString","coordinates":[[-96.8022365,32.7773554],[-96.802313,32.7776051],[-96.80234,32.777693]]}},{"type":"Feature","properties":{"osm_id":1036831385,"foot":"use_sidepath","highway":"secondary","lanes":"3","name":"South Griffin Street","oneway":"yes","sidewalk":"separate","source:name":"Dallas City Atlas Map Viewer (http://gis.dallascityhall.com/website/DallasCityAtlas/viewer.htm)","surface":"asphalt","tiger:cfcc":"A41","tiger:county":"Dallas, TX","tiger:name_base":"Griffin","tiger:name_direction_prefix":"S","tiger:name_type":"Blvd","tiger:reviewed":"no"},"geometry":{"type":"LineString","coordinates":[[-96.80234,32.777693],[-96.8023691,32.7777864],[-96.8024988,32.7782072]]}},{"type":"Feature","properties":{"osm_id":1036831386,"foot":"use_sidepath","highway":"secondary","lanes":"4","name":"South Griffin Street","oneway":"yes","sidewalk":"separate","source:name":"Dallas City Atlas Map Viewer (http://gis.dallascityhall.com/website/DallasCityAtlas/viewer.htm)","surface":"asphalt","tiger:cfcc":"A41","tiger:county":"Dallas, TX","tiger:name_base":"Griffin","tiger:name_direction_prefix":"S","tiger:name_type":"Blvd","tiger:reviewed":"no","turn:lanes":"left|none|none|none"},"geometry":{"type":"LineString","coordinates":[[-96.8024988,32.7782072],[-96.8025403,32.7783456],[-96.8025606,32.7784052]]}},{"type":"Feature","properties":{"osm_id":1037060912,"foot":"use_sidepath","highway":"secondary","lanes":"3","name":"North Griffin Street","oneway":"yes","sidewalk":"separate","source:name":"Dallas City Atlas Map Viewer (http://gis.dallascityhall.com/website/DallasCityAtlas/viewer.htm)","tiger:cfcc":"A41","tiger:county":"Dallas, TX","tiger:name_base":"Griffin","tiger:name_direction_prefix":"N","tiger:name_type":"St","tiger:reviewed":"no","tiger:zip_left":"75202","tiger:zip_right":"75202"},"geometry":{"type":"LineString","coordinates":[[-96.8037386,32.7821911],[-96.8037153,32.7821501],[-96.8036317,32.7820058],[-96.8035829,32.7819029]]}},{"type":"Feature","properties":{"osm_id":1037060913,"foot":"use_sidepath","highway":"secondary","lanes":"4","name":"North Griffin Street","oneway":"yes","sidewalk":"separate","source:name":"Dallas City Atlas Map Viewer (http://gis.dallascityhall.com/website/DallasCityAtlas/viewer.htm)","tiger:cfcc":"A41","tiger:county":"Dallas, TX","tiger:name_base":"Griffin","tiger:name_direction_prefix":"N","tiger:name_type":"St","tiger:reviewed":"no","tiger:zip_left":"75202","tiger:zip_right":"75202"},"geometry":{"type":"LineString","coordinates":[[-96.8034862,32.7816168],[-96.8034442,32.7813916],[-96.8034366,32.7813487]]}},{"type":"Feature","properties":{"osm_id":1037060914,"foot":"use_sidepath","highway":"secondary","name":"North Griffin Street","oneway":"yes","sidewalk":"separate","source:name":"Dallas City Atlas Map Viewer (http://gis.dallascityhall.com/website/DallasCityAtlas/viewer.htm)","tiger:cfcc":"A41","tiger:county":"Dallas, TX","tiger:name_base":"Griffin","tiger:name_direction_prefix":"N","tiger:name_type":"St","tiger:reviewed":"no","tiger:zip_left":"75202","tiger:zip_right":"75202"},"geometry":{"type":"LineString","coordinates":[[-96.8034366,32.7813487],[-96.8034283,32.7813114],[-96.80342,32.7812738],[-96.80341,32.7812289]]}},{"type":"Feature","properties":{"osm_id":1037066651,"foot":"use_sidepath","highway":"secondary","lanes":"4","name":"South Griffin Street","oneway":"yes","sidewalk":"separate","source:name":"Dallas City Atlas Map Viewer (http://gis.dallascityhall.com/website/DallasCityAtlas/viewer.htm)","surface":"asphalt","tiger:cfcc":"A41","tiger:county":"Dallas, TX","tiger:name_base":"Griffin","tiger:name_direction_prefix":"S","tiger:name_direction_suffix":"W","tiger:name_type":"St","tiger:reviewed":"no","tiger:zip_left":"75202","tiger:zip_right":"75202","turn:lanes":"left|none|none|none"},"geometry":{"type":"LineString","coordinates":[[-96.8025766,32.7779148],[-96.8025294,32.7777485],[-96.8024884,32.7776301]]}},{"type":"Feature","properties":{"osm_id":1040732107,"foot":"use_sidepath","highway":"secondary","lanes":"3","name":"North Griffin Street","oneway":"yes","sidewalk":"separate","source:name":"Dallas City Atlas Map Viewer (http://gis.dallascityhall.com/website/DallasCityAtlas/viewer.htm)","tiger:cfcc":"A41","tiger:county":"Dallas, TX","tiger:name_base":"Griffin","tiger:name_direction_prefix":"N","tiger:name_type":"St","tiger:reviewed":"no","tiger:zip_left":"75202","tiger:zip_right":"75202"},"geometry":{"type":"LineString","coordinates":[[-96.803897,32.782533],[-96.8038792,32.782485],[-96.8038576,32.782427]]}},{"type":"Feature","properties":{"osm_id":1040860890,"highway":"service"},"geometry":{"type":"LineString","coordinates":[[-96.7959499,32.7781738],[-96.7959391,32.7781432],[-96.7959087,32.7780498]]}},{"type":"Feature","properties":{"osm_id":1052678423,"foot":"use_sidepath","highway":"secondary","name":"North Griffin Street","oneway":"yes","sidewalk":"separate","source:name":"Dallas City Atlas Map Viewer (http://gis.dallascityhall.com/website/DallasCityAtlas/viewer.htm)","tiger:cfcc":"A41","tiger:county":"Dallas, TX","tiger:reviewed":"no"},"geometry":{"type":"LineString","coordinates":[[-96.8032587,32.7812602],[-96.8032674,32.7813077],[-96.8032755,32.7813457],[-96.8032828,32.7813793]]}},{"type":"Feature","properties":{"osm_id":1053347080,"foot":"use_sidepath","highway":"secondary","lanes":"4","name":"South Griffin Street","oneway":"yes","sidewalk:left":"no","sidewalk:right":"separate","source:name":"Dallas City Atlas Map Viewer (http://gis.dallascityhall.com/website/DallasCityAtlas/viewer.htm)","surface":"asphalt","tiger:cfcc":"A41","tiger:county":"Dallas, TX","tiger:name_base":"Griffin","tiger:name_direction_prefix":"S","tiger:name_type":"Blvd","tiger:reviewed":"no"},"geometry":{"type":"LineString","coordinates":[[-96.8019618,32.7763644],[-96.8020349,32.7766572],[-96.802053,32.77673]]}},{"type":"Feature","properties":{"osm_id":1064241379,"highway":"service","surface":"concrete"},"geometry":{"type":"LineString","coordinates":[[-96.8052295,32.7779558],[-96.805409,32.7779176],[-96.8055238,32.7783264],[-96.8054384,32.7783754]]}},{"type":"Feature","properties":{"osm_id":1065417808,"foot":"use_sidepath","highway":"secondary","name":"South Akard Street","sidewalk":"separate","surface":"asphalt","tiger:cfcc":"A41","tiger:county":"Dallas, TX","tiger:name_base":"Akard","tiger:name_direction_prefix":"S","tiger:name_type":"St","tiger:reviewed":"no","tiger:zip_left":"75215","tiger:zip_right":"75215"},"geometry":{"type":"LineString","coordinates":[[-96.7987317,32.7774239],[-96.7987002,32.7773193],[-96.7986803,32.7772531]]}},{"type":"Feature","properties":{"osm_id":1065417809,"foot":"use_sidepath","hgv":"designated","highway":"secondary","lanes":"3","name":"Young Street","oneway":"yes","sidewalk:left":"no","sidewalk:right":"separate","source:hgv":"Dallas City Code section 28-71","surface":"asphalt","tiger:cfcc":"A41","tiger:county":"Dallas, TX","tiger:name_base":"Young","tiger:name_type":"St","tiger:reviewed":"no","tiger:zip_left":"75201","tiger:zip_right":"75201"},"geometry":{"type":"LineString","coordinates":[[-96.7999839,32.776955],[-96.7998002,32.7769872],[-96.7997576,32.7769952],[-96.7987664,32.7772312],[-96.7986803,32.7772531]]}},{"type":"Feature","properties":{"osm_id":1094075062,"highway":"service","surface":"concrete"},"geometry":{"type":"LineString","coordinates":[[-96.8037571,32.777759],[-96.8038767,32.7777321],[-96.8039911,32.7777086]]}},{"type":"Feature","properties":{"osm_id":1094075063,"highway":"service","service":"parking_aisle","surface":"concrete"},"geometry":{"type":"LineString","coordinates":[[-96.8040397,32.7778704],[-96.8039911,32.7777086],[-96.8039233,32.7774814],[-96.8043644,32.7773884],[-96.804397,32.7774976]]}},{"type":"Feature","properties":{"osm_id":1096950784,"bicycle":"yes","highway":"service","lanes":"2","surface":"concrete","tiger:cfcc":"A41","tiger:county":"Dallas, TX","tiger:name_base":"Poydras","tiger:name_direction_prefix":"S","tiger:name_type":"St","tiger:reviewed":"no","tiger:zip_left":"75202","tiger:zip_right":"75202"},"geometry":{"type":"LineString","coordinates":[[-96.803243,32.779007],[-96.8032214,32.7789325],[-96.8032028,32.7788619]]}},{"type":"Feature","properties":{"osm_id":1097155397,"highway":"service"},"geometry":{"type":"LineString","coordinates":[[-96.8055018,32.7840288],[-96.8055403,32.7839953],[-96.8055651,32.783974]]}},{"type":"Feature","properties":{"osm_id":1097155398,"highway":"service"},"geometry":{"type":"LineString","coordinates":[[-96.8059575,32.783599],[-96.8059788,32.7835767],[-96.8060141,32.7835397]]}},{"type":"Feature","properties":{"osm_id":1100990140,"foot":"use_sidepath","highway":"secondary","lanes":"4","name":"Commerce Street","old_ref":"US 80;SH 183","oneway":"yes","sidewalk":"separate","tiger:cfcc":"A41","tiger:county":"Dallas, TX","tiger:name_base":"Commerce","tiger:name_type":"St","tiger:reviewed":"no","tiger:zip_left":"75226","tiger:zip_right":"75226","turn:lanes":"left;through|||right"},"geometry":{"type":"LineString","coordinates":[[-96.8010169,32.7794734],[-96.8008029,32.7795178],[-96.8007171,32.7795356]]}},{"type":"Feature","properties":{"osm_id":1106770724,"highway":"service","oneway":"yes"},"geometry":{"type":"LineString","coordinates":[[-96.7993402,32.7821709],[-96.7993246,32.7821215],[-96.7993211,32.7821107],[-96.7993203,32.7821085]]}},{"type":"Feature","properties":{"osm_id":1106770725,"highway":"service","oneway":"yes"},"geometry":{"type":"LineString","coordinates":[[-96.7992852,32.7821161],[-96.7992858,32.782118],[-96.7992895,32.7821289],[-96.7993059,32.7821784]]}},{"type":"Feature","properties":{"osm_id":1108542111,"highway":"service","maxheight":"8'2\"","oneway":"yes","service":"driveway"},"geometry":{"type":"LineString","coordinates":[[-96.8032127,32.7798041],[-96.8032397,32.7798977],[-96.8032717,32.7800069],[-96.803533,32.7799532],[-96.8036075,32.7799367],[-96.8036419,32.7799184],[-96.8036649,32.7798923],[-96.8036764,32.7798585],[-96.8036635,32.7798101],[-96.8036369,32.7797141]]}},{"type":"Feature","properties":{"osm_id":1115110820,"highway":"footway"},"geometry":{"type":"LineString","coordinates":[[-96.7956054,32.7829113],[-96.7955958,32.7828787]]}},{"type":"Feature","properties":{"osm_id":1120100048,"cycleway":"lane","highway":"cycleway","lanes":"2","oneway":"no","smoothness":"excellent","surface":"concrete","vehicle":"no","width":"3"},"geometry":{"type":"LineString","coordinates":[[-96.8053673,32.7760964],[-96.8047991,32.7741887],[-96.8047764,32.7740731]]}},{"type":"Feature","properties":{"osm_id":1136603144,"bus":"designated","highway":"service","motor_vehicle":"no","oneway":"yes","psv":"yes"},"geometry":{"type":"LineString","coordinates":[[-96.8041962,32.7812747],[-96.804594,32.7812161],[-96.8047344,32.7812099]]}},{"type":"Feature","properties":{"osm_id":1136603145,"bus":"designated","highway":"service","motor_vehicle":"no","oneway":"yes","psv":"yes"},"geometry":{"type":"LineString","coordinates":[[-96.8039082,32.7820495],[-96.8037547,32.7819339],[-96.8037342,32.7818986],[-96.8036828,32.7817164]]}},{"type":"Feature","properties":{"osm_id":1136604631,"highway":"tertiary","lanes":"2","name":"San Jacinto Street","oneway":"yes","sidewalk":"separate","surface":"asphalt","tiger:cfcc":"A41","tiger:county":"Dallas, TX","tiger:name_base":"San Jacinto","tiger:name_type":"St","tiger:reviewed":"no","tiger:zip_left":"75201","tiger:zip_right":"75201"},"geometry":{"type":"LineString","coordinates":[[-96.8043242,32.7817018],[-96.8042176,32.7817909]]}},{"type":"Feature","properties":{"osm_id":1136604632,"highway":"tertiary","lanes":"2","name":"San Jacinto Street","oneway":"yes","sidewalk":"separate","surface":"asphalt","tiger:cfcc":"A41","tiger:county":"Dallas, TX","tiger:name_base":"San Jacinto","tiger:name_type":"St","tiger:reviewed":"no","tiger:zip_left":"75201","tiger:zip_right":"75201"},"geometry":{"type":"LineString","coordinates":[[-96.804581,32.7815015],[-96.8043242,32.7817018]]}},{"type":"Feature","properties":{"osm_id":1137098211,"access":"private","bus":"designated","highway":"service","motor_vehicle":"no","oneway":"yes","psv":"yes"},"geometry":{"type":"LineString","coordinates":[[-96.8039586,32.781837],[-96.8040087,32.7819655]]}},{"type":"Feature","properties":{"osm_id":1137098212,"access":"private","bus":"designated","highway":"service","motor_vehicle":"no","oneway":"yes","psv":"yes"},"geometry":{"type":"LineString","coordinates":[[-96.8043622,32.7814742],[-96.8042867,32.7814927],[-96.8042035,32.7815325],[-96.8041036,32.7816182]]}},{"type":"Feature","properties":{"osm_id":1137098213,"access":"private","bus":"designated","highway":"service","motor_vehicle":"no","oneway":"yes","psv":"yes"},"geometry":{"type":"LineString","coordinates":[[-96.804581,32.7815015],[-96.804514,32.7814788],[-96.8044342,32.7814644],[-96.8043622,32.7814742]]}},{"type":"Feature","properties":{"osm_id":1137705695,"crossing":"unmarked","crossing:markings":"no","footway":"crossing","highway":"footway","surface":"paved"},"geometry":{"type":"LineString","coordinates":[[-96.8045997,32.7812345],[-96.804594,32.7812161],[-96.8045864,32.7811854]]}},{"type":"Feature","properties":{"osm_id":1137705697,"crossing":"unmarked","crossing:markings":"no","footway":"crossing","highway":"footway","surface":"paving_stones"},"geometry":{"type":"LineString","coordinates":[[-96.8045484,32.7814493],[-96.804514,32.7814788],[-96.8044592,32.7815227]]}},{"type":"Feature","properties":{"osm_id":1137705698,"crossing":"traffic_signals","crossing:markings":"ladder","crossing:signals":"yes","footway":"crossing","highway":"footway","surface":"paved"},"geometry":{"type":"LineString","coordinates":[[-96.8046927,32.781488],[-96.8046661,32.7814324],[-96.8046447,32.7813835]]}},{"type":"Feature","properties":{"osm_id":1137865512,"highway":"footway","lit":"yes","smoothness":"bad","surface":"gravel"},"geometry":{"type":"LineString","coordinates":[[-96.8018315,32.7798673],[-96.8017558,32.7800166]]}},{"type":"Feature","properties":{"osm_id":1137865515,"highway":"service","oneway":"no","service":"driveway","smoothness":"excellent","surface":"paved"},"geometry":{"type":"LineString","coordinates":[[-96.8015884,32.7808401],[-96.8016177,32.7809403]]}},{"type":"Feature","properties":{"osm_id":1137865516,"highway":"service","service":"driveway","surface":"concrete"},"geometry":{"type":"LineString","coordinates":[[-96.8015884,32.7808401],[-96.8020998,32.7807323]]}},{"type":"Feature","properties":{"osm_id":1137865517,"access":"private","highway":"service","oneway":"no","service":"driveway","surface":"concrete"},"geometry":{"type":"LineString","coordinates":[[-96.8012894,32.7801014],[-96.8012964,32.7801232],[-96.8013224,32.7802053]]}},{"type":"Feature","properties":{"osm_id":1137894690,"bicycle":"designated","cycleway":"shared_lane","foot":"use_sidepath","hgv":"designated","highway":"secondary","lanes":"4","name":"South Lamar Street","shoulder":"no","sidewalk":"separate","source:hgv":"Dallas City Code section 28-71","surface":"asphalt","tiger:cfcc":"A41","tiger:county":"Dallas, TX","tiger:name_base":"Lamar","tiger:name_direction_prefix":"S","tiger:name_type":"St","tiger:reviewed":"no","tiger:zip_left":"75215","tiger:zip_right":"75215"},"geometry":{"type":"LineString","coordinates":[[-96.8038584,32.7781016],[-96.8038841,32.7781923],[-96.8040505,32.7787572],[-96.8040734,32.7788307]]}},{"type":"Feature","properties":{"osm_id":1137894691,"foot":"use_sidepath","highway":"secondary","lanes":"3","name":"South Griffin Street","oneway":"yes","sidewalk":"separate","source:name":"Dallas City Atlas Map Viewer (http://gis.dallascityhall.com/website/DallasCityAtlas/viewer.htm)","surface":"asphalt","tiger:cfcc":"A41","tiger:county":"Dallas, TX","tiger:name_base":"Griffin","tiger:name_direction_prefix":"S","tiger:name_type":"Blvd","tiger:reviewed":"no"},"geometry":{"type":"LineString","coordinates":[[-96.802053,32.77673],[-96.8020817,32.7768346]]}},{"type":"Feature","properties":{"osm_id":1144497136,"foot":"use_sidepath","highway":"secondary","lanes":"3","name":"North Griffin Street","oneway":"yes","sidewalk":"separate","source:name":"Dallas City Atlas Map Viewer (http://gis.dallascityhall.com/website/DallasCityAtlas/viewer.htm)","tiger:cfcc":"A41","tiger:county":"Dallas, TX","tiger:name_base":"Griffin","tiger:name_direction_prefix":"N","tiger:name_type":"St","tiger:reviewed":"no","tiger:zip_left":"75202","tiger:zip_right":"75202"},"geometry":{"type":"LineString","coordinates":[[-96.8035829,32.7819029],[-96.8035563,32.781844],[-96.8035253,32.7817671],[-96.8035063,32.7816955],[-96.8034862,32.7816168]]}},{"type":"Feature","properties":{"osm_id":1144542655,"bicycle":"yes","footway":"sidewalk","highway":"footway","lit":"no","smoothness":"good","surface":"concrete","width":"2.6"},"geometry":{"type":"LineString","coordinates":[[-96.7950176,32.7759262],[-96.7950151,32.7759203],[-96.7944049,32.7754107],[-96.7943971,32.7753831],[-96.7943811,32.7753825]]}},{"type":"Feature","properties":{"osm_id":1144542693,"bus":"designated","highway":"service","motor_vehicle":"no","oneway":"yes","psv":"yes"},"geometry":{"type":"LineString","coordinates":[[-96.8039008,32.7813346],[-96.8041962,32.7812747]]}},{"type":"Feature","properties":{"osm_id":1144905456,"crossing":"traffic_signals","crossing:markings":"lines;surface","crossing:signals":"yes","footway":"crossing","highway":"footway","surface":"paving_stones"},"geometry":{"type":"LineString","coordinates":[[-96.8052919,32.7762901],[-96.8053544,32.7762779],[-96.8054423,32.7762583]]}},{"type":"Feature","properties":{"osm_id":1144905458,"crossing":"traffic_signals","crossing:markings":"lines;surface","crossing:signals":"yes","footway":"crossing","highway":"footway","surface":"paving_stones"},"geometry":{"type":"LineString","coordinates":[[-96.8060095,32.7761146],[-96.8059897,32.7760527],[-96.8059703,32.7759923]]}},{"type":"Feature","properties":{"osm_id":1144905459,"footway":"sidewalk","highway":"footway"},"geometry":{"type":"LineString","coordinates":[[-96.8055193,32.7768619],[-96.8055818,32.7768485],[-96.806161,32.7767244]]}},{"type":"Feature","properties":{"osm_id":1144905460,"footway":"sidewalk","highway":"footway"},"geometry":{"type":"LineString","coordinates":[[-96.8055604,32.7767751],[-96.8054774,32.7763183]]}},{"type":"Feature","properties":{"osm_id":1161224050,"foot":"use_sidepath","highway":"secondary","lanes":"4","maxspeed":"30 mph","name":"Main Street","oneway":"no","sidewalk":"separate","surface":"asphalt","tiger:cfcc":"A41","tiger:county":"Dallas, TX","tiger:name_base":"Main","tiger:name_type":"St","tiger:reviewed":"no","tiger:zip_left":"75226","tiger:zip_right":"75226"},"geometry":{"type":"LineString","coordinates":[[-96.8052874,32.7793733],[-96.8054589,32.7793362],[-96.8058173,32.7792603],[-96.805974,32.7792261],[-96.8060653,32.7792072]]}},{"type":"Feature","properties":{"osm_id":1187725525,"highway":"service"},"geometry":{"type":"LineString","coordinates":[[-96.8029131,32.7842007],[-96.8028571,32.784149],[-96.8032041,32.7838468]]}},{"type":"Feature","properties":{"osm_id":1214874761,"footway":"sidewalk","highway":"footway","surface":"concrete"},"geometry":{"type":"LineString","coordinates":[[-96.7996474,32.784249],[-96.7996647,32.7842349],[-96.8002666,32.7837183],[-96.8002776,32.7837089]]}},{"type":"Feature","properties":{"osm_id":1214906939,"footway":"sidewalk","highway":"footway","surface":"paved"},"geometry":{"type":"LineString","coordinates":[[-96.7958053,32.7814647],[-96.7958088,32.7814694],[-96.7958936,32.7817526],[-96.7960014,32.7820223]]}},{"type":"Feature","properties":{"osm_id":1214906940,"footway":"sidewalk","highway":"footway"},"geometry":{"type":"LineString","coordinates":[[-96.797073,32.7811925],[-96.7970628,32.7811987],[-96.7963396,32.7813518],[-96.7958088,32.7814694]]}},{"type":"Feature","properties":{"osm_id":1214906941,"footway":"sidewalk","highway":"footway","surface":"paved"},"geometry":{"type":"LineString","coordinates":[[-96.7972319,32.7817659],[-96.7965078,32.7819254],[-96.7962502,32.7819794],[-96.7960014,32.7820223]]}},{"type":"Feature","properties":{"osm_id":1214906942,"footway":"sidewalk","highway":"footway"},"geometry":{"type":"LineString","coordinates":[[-96.7972319,32.7817659],[-96.7971531,32.7814697],[-96.7970628,32.7811987]]}},{"type":"Feature","properties":{"osm_id":1214911334,"footway":"sidewalk","highway":"footway"},"geometry":{"type":"LineString","coordinates":[[-96.7980898,32.7787327],[-96.7982478,32.7792552],[-96.7982386,32.7792686],[-96.7975304,32.7794181],[-96.7974383,32.7794375],[-96.7972415,32.7794785],[-96.7969589,32.7795361],[-96.7967797,32.779567]]}},{"type":"Feature","properties":{"osm_id":1214911335,"crossing":"uncontrolled","crossing:markings":"ladder","footway":"crossing","highway":"footway","surface":"concrete"},"geometry":{"type":"LineString","coordinates":[[-96.7983147,32.7792419],[-96.7982843,32.7792473],[-96.7982572,32.7792532]]}},{"type":"Feature","properties":{"osm_id":1214911336,"crossing":"uncontrolled","crossing:markings":"lines","footway":"crossing","highway":"footway","surface":"paving_stones"},"geometry":{"type":"LineString","coordinates":[[-96.7983871,32.7793366],[-96.7983734,32.7792851],[-96.7983633,32.7792506]]}},{"type":"Feature","properties":{"osm_id":1214911338,"footway":"sidewalk","highway":"footway","surface":"concrete"},"geometry":{"type":"LineString","coordinates":[[-96.7971126,32.778947],[-96.7980898,32.7787327],[-96.7981019,32.7787301],[-96.7981142,32.7787274]]}},{"type":"Feature","properties":{"osm_id":1214911339,"crossing":"uncontrolled","crossing:markings":"surface","footway":"crossing","highway":"footway","surface":"concrete"},"geometry":{"type":"LineString","coordinates":[[-96.7970484,32.7789612],[-96.7970758,32.7789551],[-96.7971126,32.778947]]}},{"type":"Feature","properties":{"osm_id":1214911340,"footway":"sidewalk","highway":"footway","surface":"concrete"},"geometry":{"type":"LineString","coordinates":[[-96.7968785,32.7789942],[-96.7970484,32.7789612]]}},{"type":"Feature","properties":{"osm_id":1214911341,"footway":"sidewalk","highway":"footway","surface":"concrete"},"geometry":{"type":"LineString","coordinates":[[-96.7966203,32.7795039],[-96.7966299,32.7796005]]}},{"type":"Feature","properties":{"osm_id":1214911342,"crossing":"uncontrolled","crossing:markings":"surface","footway":"crossing","highway":"footway","surface":"concrete"},"geometry":{"type":"LineString","coordinates":[[-96.7966154,32.7794733],[-96.7966181,32.77949],[-96.7966203,32.7795039]]}},{"type":"Feature","properties":{"osm_id":1214911343,"crossing":"uncontrolled","crossing:markings":"surface","footway":"crossing","highway":"footway","surface":"concrete"},"geometry":{"type":"LineString","coordinates":[[-96.7963189,32.7796824],[-96.7962851,32.7796898],[-96.7962402,32.7796986]]}},{"type":"Feature","properties":{"osm_id":1214911344,"footway":"sidewalk","highway":"footway","surface":"concrete"},"geometry":{"type":"LineString","coordinates":[[-96.7966365,32.7796053],[-96.7966299,32.7796005],[-96.7963189,32.7796824]]}},{"type":"Feature","properties":{"osm_id":1214911345,"footway":"sidewalk","highway":"footway"},"geometry":{"type":"LineString","coordinates":[[-96.7966668,32.7797663],[-96.7966532,32.7797516],[-96.7959747,32.7798668]]}},{"type":"Feature","properties":{"osm_id":1214911346,"footway":"sidewalk","highway":"footway"},"geometry":{"type":"LineString","coordinates":[[-96.7958591,32.779889],[-96.7953557,32.7799937]]}},{"type":"Feature","properties":{"osm_id":1214911347,"footway":"sidewalk","highway":"footway"},"geometry":{"type":"LineString","coordinates":[[-96.7961638,32.7804211],[-96.7961627,32.7804115],[-96.7961349,32.7804058],[-96.7959747,32.7798668]]}},{"type":"Feature","properties":{"osm_id":1214911348,"footway":"sidewalk","highway":"footway"},"geometry":{"type":"LineString","coordinates":[[-96.795995,32.7804513],[-96.7960002,32.7804346],[-96.7958591,32.779889]]}},{"type":"Feature","properties":{"osm_id":1214911349,"crossing":"uncontrolled","crossing:markings":"surface","footway":"crossing","highway":"footway","lit":"yes","surface":"concrete"},"geometry":{"type":"LineString","coordinates":[[-96.7977452,32.780272],[-96.7977841,32.7802638],[-96.7978266,32.7802548]]}},{"type":"Feature","properties":{"osm_id":1214911350,"footway":"sidewalk","highway":"footway","lit":"yes","surface":"concrete"},"geometry":{"type":"LineString","coordinates":[[-96.7970015,32.7804372],[-96.797642,32.7802939],[-96.7976874,32.7802843],[-96.7977452,32.780272]]}},{"type":"Feature","properties":{"osm_id":1214920237,"footway":"sidewalk","highway":"footway","surface":"concrete"},"geometry":{"type":"LineString","coordinates":[[-96.7976505,32.7787085],[-96.797673,32.7787031],[-96.7977845,32.778679]]}},{"type":"Feature","properties":{"osm_id":1214920238,"crossing":"unmarked","crossing:markings":"no","footway":"crossing","highway":"footway","surface":"concrete"},"geometry":{"type":"LineString","coordinates":[[-96.7975764,32.778724],[-96.7975891,32.7787213],[-96.7976332,32.7787118],[-96.7976505,32.7787085]]}},{"type":"Feature","properties":{"osm_id":1215099245,"crossing":"traffic_signals","crossing:markings":"ladder","footway":"crossing","highway":"footway"},"geometry":{"type":"LineString","coordinates":[[-96.7954337,32.7807452],[-96.7954001,32.7806632],[-96.7953787,32.7806122]]}},{"type":"Feature","properties":{"osm_id":1215099246,"crossing":"traffic_signals","crossing:markings":"ladder","footway":"crossing","highway":"footway"},"geometry":{"type":"LineString","coordinates":[[-96.7954005,32.7805812],[-96.7954456,32.7805651],[-96.7954937,32.7805474]]}},{"type":"Feature","properties":{"osm_id":1215115264,"bicycle":"yes","crossing":"traffic_signals","crossing:markings":"surface","foot":"yes","footway":"crossing","highway":"footway","lit":"yes","name":"Bryan Street","surface":"paving_stones"},"geometry":{"type":"LineString","coordinates":[[-96.7977018,32.7838407],[-96.7976374,32.7838946]]}},{"type":"Feature","properties":{"osm_id":1215115265,"bicycle":"yes","crossing":"traffic_signals","crossing:markings":"surface","foot":"yes","footway":"crossing","highway":"footway","lit":"yes","name":"Bryan Street","surface":"paving_stones"},"geometry":{"type":"LineString","coordinates":[[-96.7976374,32.7838946],[-96.7975907,32.7839339]]}},{"type":"Feature","properties":{"osm_id":1215115266,"crossing":"traffic_signals","crossing:markings":"surface","footway":"crossing","highway":"footway"},"geometry":{"type":"LineString","coordinates":[[-96.7975819,32.7837579],[-96.797619,32.7837831],[-96.7976365,32.7837951],[-96.7976715,32.7838194],[-96.7977018,32.7838407]]}},{"type":"Feature","properties":{"osm_id":1215115267,"crossing":"traffic_signals","crossing:markings":"surface","footway":"crossing","highway":"footway"},"geometry":{"type":"LineString","coordinates":[[-96.7975907,32.7839339],[-96.7975619,32.7839097],[-96.7975318,32.7838822],[-96.7975004,32.7838585]]}},{"type":"Feature","properties":{"osm_id":1215115268,"crossing":"uncontrolled","crossing:markings":"surface","footway":"crossing","highway":"footway","surface":"paving_stones"},"geometry":{"type":"LineString","coordinates":[[-96.7991886,32.7824551],[-96.7992155,32.7824777],[-96.7992477,32.7825048],[-96.7992719,32.7825251]]}},{"type":"Feature","properties":{"osm_id":1215115269,"crossing":"traffic_signals","crossing:markings":"surface","foot":"yes","footway":"crossing","highway":"footway","lit":"yes","name":"Bryan Street","surface":"paving_stones"},"geometry":{"type":"LineString","coordinates":[[-96.7982684,32.7832144],[-96.7982944,32.7831933],[-96.7983623,32.7831348]]}},{"type":"Feature","properties":{"osm_id":1215115271,"crossing":"traffic_signals","crossing:island":"no","crossing:markings":"surface","foot":"yes","footway":"crossing","highway":"footway","lit":"yes","name":"Bryan Street","surface":"paving_stones"},"geometry":{"type":"LineString","coordinates":[[-96.7975004,32.7838585],[-96.7975379,32.7838116],[-96.7975819,32.7837579]]}},{"type":"Feature","properties":{"osm_id":1215139044,"crossing":"traffic_signals","crossing:markings":"surface","footway":"crossing","highway":"footway","surface":"concrete"},"geometry":{"type":"LineString","coordinates":[[-96.7999536,32.7820033],[-96.7998773,32.782014]]}},{"type":"Feature","properties":{"osm_id":1215139045,"bicycle":"yes","crossing":"traffic_signals","crossing:markings":"surface","foot":"designated","footway":"crossing","highway":"footway","lit":"yes","name":"Pacific Avenue","segregated":"no","surface":"paving_stones","width":"3.0"},"geometry":{"type":"LineString","coordinates":[[-96.8000811,32.7821033],[-96.7999863,32.7821219]]}},{"type":"Feature","properties":{"osm_id":1215139046,"crossing":"traffic_signals","crossing:markings":"surface","foot":"yes","footway":"crossing","highway":"footway","lit":"yes","name":"Bryan Street","surface":"paving_stones"},"geometry":{"type":"LineString","coordinates":[[-96.7999863,32.7821219],[-96.799917,32.782137]]}},{"type":"Feature","properties":{"osm_id":1215139047,"bicycle":"yes","foot":"yes","footway":"sidewalk","highway":"footway","lit":"yes","name":"Bryan Street","smoothness":"good","surface":"paving_stones"},"geometry":{"type":"LineString","coordinates":[[-96.7983231,32.7833225],[-96.7977018,32.7838407]]}},{"type":"Feature","properties":{"osm_id":1215139048,"bicycle":"yes","crossing":"traffic_signals","crossing:markings":"surface","foot":"yes","footway":"crossing","highway":"footway","lit":"yes","name":"Bryan Street","surface":"paving_stones"},"geometry":{"type":"LineString","coordinates":[[-96.7984547,32.783213],[-96.7983871,32.783269],[-96.7983231,32.7833225]]}},{"type":"Feature","properties":{"osm_id":1215179443,"crossing":"unmarked","crossing:markings":"no","footway":"crossing","highway":"footway"},"geometry":{"type":"LineString","coordinates":[[-96.7949328,32.7782047],[-96.7949685,32.778199],[-96.7950134,32.7781899]]}},{"type":"Feature","properties":{"osm_id":1215179445,"footway":"sidewalk","highway":"footway","surface":"concrete"},"geometry":{"type":"LineString","coordinates":[[-96.7952326,32.778307],[-96.794822,32.7784022]]}},{"type":"Feature","properties":{"osm_id":1215179446,"crossing":"uncontrolled","crossing:markings":"surface","footway":"crossing","highway":"footway","surface":"concrete"},"geometry":{"type":"LineString","coordinates":[[-96.7953177,32.7782872],[-96.7952798,32.778296],[-96.7952326,32.778307]]}},{"type":"Feature","properties":{"osm_id":1215179447,"footway":"sidewalk","highway":"footway","surface":"concrete"},"geometry":{"type":"LineString","coordinates":[[-96.7954176,32.778264],[-96.7953177,32.7782872]]}},{"type":"Feature","properties":{"osm_id":1215179448,"crossing":"uncontrolled","crossing:markings":"surface","footway":"crossing","highway":"footway","surface":"concrete"},"geometry":{"type":"LineString","coordinates":[[-96.7954886,32.7782476],[-96.7954687,32.7782522],[-96.7954176,32.778264]]}},{"type":"Feature","properties":{"osm_id":1215179449,"crossing":"uncontrolled","crossing:markings":"surface","footway":"crossing","highway":"footway","surface":"concrete"},"geometry":{"type":"LineString","coordinates":[[-96.7959411,32.7790958],[-96.7959718,32.7790893],[-96.7959963,32.7790841]]}},{"type":"Feature","properties":{"osm_id":1215179450,"footway":"sidewalk","highway":"footway","surface":"concrete"},"geometry":{"type":"LineString","coordinates":[[-96.7958904,32.7791065],[-96.7959411,32.7790958]]}},{"type":"Feature","properties":{"osm_id":1215179451,"crossing":"uncontrolled","crossing:markings":"surface","footway":"crossing","highway":"footway","surface":"concrete"},"geometry":{"type":"LineString","coordinates":[[-96.7958284,32.7791197],[-96.7958565,32.7791137],[-96.7958904,32.7791065]]}},{"type":"Feature","properties":{"osm_id":1215179452,"footway":"sidewalk","highway":"footway","surface":"concrete"},"geometry":{"type":"LineString","coordinates":[[-96.7956932,32.7791483],[-96.7958284,32.7791197]]}},{"type":"Feature","properties":{"osm_id":1215179453,"crossing":"uncontrolled","crossing:markings":"surface","footway":"crossing","highway":"footway","surface":"concrete"},"geometry":{"type":"LineString","coordinates":[[-96.7956468,32.7791582],[-96.795673,32.7791526],[-96.7956932,32.7791483]]}},{"type":"Feature","properties":{"osm_id":1215179454,"footway":"sidewalk","highway":"footway","surface":"concrete"},"geometry":{"type":"LineString","coordinates":[[-96.7955063,32.779188],[-96.7956468,32.7791582]]}},{"type":"Feature","properties":{"osm_id":1215179455,"crossing":"uncontrolled","crossing:markings":"surface","footway":"crossing","highway":"footway","surface":"concrete"},"geometry":{"type":"LineString","coordinates":[[-96.7954588,32.7791981],[-96.7954839,32.7791928],[-96.7955063,32.779188]]}},{"type":"Feature","properties":{"osm_id":1215179456,"footway":"sidewalk","highway":"footway","surface":"concrete"},"geometry":{"type":"LineString","coordinates":[[-96.7952324,32.779246],[-96.7954588,32.7791981]]}},{"type":"Feature","properties":{"osm_id":1215179457,"crossing":"uncontrolled","crossing:markings":"surface","footway":"crossing","highway":"footway","surface":"concrete"},"geometry":{"type":"LineString","coordinates":[[-96.7951809,32.779257],[-96.7951991,32.7792531],[-96.7952324,32.779246]]}},{"type":"Feature","properties":{"osm_id":1215179458,"footway":"sidewalk","highway":"footway","surface":"concrete"},"geometry":{"type":"LineString","coordinates":[[-96.7951122,32.7792644],[-96.7951809,32.779257]]}},{"type":"Feature","properties":{"osm_id":1215179459,"crossing":"unmarked","crossing:markings":"no","footway":"crossing","highway":"footway","surface":"concrete"},"geometry":{"type":"LineString","coordinates":[[-96.7959798,32.7791865],[-96.7959976,32.7791825],[-96.7960341,32.7791743]]}},{"type":"Feature","properties":{"osm_id":1215179460,"footway":"sidewalk","highway":"footway","surface":"concrete"},"geometry":{"type":"LineString","coordinates":[[-96.7951516,32.7793778],[-96.7953794,32.779321],[-96.7959798,32.7791865]]}},{"type":"Feature","properties":{"osm_id":1219111267,"bridge":"yes","highway":"footway","layer":"1"},"geometry":{"type":"LineString","coordinates":[[-96.8012204,32.7807424],[-96.8012744,32.7807307]]}},{"type":"Feature","properties":{"osm_id":1219111268,"highway":"footway","level":"-1"},"geometry":{"type":"LineString","coordinates":[[-96.8014045,32.7807027],[-96.801443,32.780633]]}},{"type":"Feature","properties":{"osm_id":1219112189,"highway":"footway","level":"-1"},"geometry":{"type":"LineString","coordinates":[[-96.8035932,32.7801883],[-96.8035741,32.7801259],[-96.8035275,32.7801356]]}},{"type":"Feature","properties":{"osm_id":1219112191,"highway":"footway"},"geometry":{"type":"LineString","coordinates":[[-96.803533,32.7799532],[-96.8035942,32.7801467],[-96.8036483,32.7803246]]}},{"type":"Feature","properties":{"osm_id":1221487372,"highway":"service","oneway":"yes","service":"driveway","surface":"paved"},"geometry":{"type":"LineString","coordinates":[[-96.8015753,32.7801521],[-96.8016215,32.7801791],[-96.8016546,32.7802008],[-96.8016803,32.7802133],[-96.8017019,32.7802175],[-96.8018306,32.7801906],[-96.8018467,32.7801776],[-96.8018536,32.7801638],[-96.8018946,32.7800851]]}},{"type":"Feature","properties":{"osm_id":1229498734,"crossing":"uncontrolled","crossing:markings":"ladder","footway":"crossing","highway":"footway"},"geometry":{"type":"LineString","coordinates":[[-96.7975611,32.7795118],[-96.7975449,32.7794613],[-96.7975339,32.7794285]]}},{"type":"Feature","properties":{"osm_id":1237918509,"crossing":"traffic_signals","crossing:island":"no","crossing:markings":"surface","crossing:signals":"yes","footway":"crossing","highway":"footway","surface":"paving_stones"},"geometry":{"type":"LineString","coordinates":[[-96.8035412,32.7822922],[-96.8035639,32.7823389],[-96.803601,32.782415]]}},{"type":"Feature","properties":{"osm_id":1263292528,"crossing":"marked","crossing:markings":"ladder","footway":"crossing","highway":"footway"},"geometry":{"type":"LineString","coordinates":[[-96.7991542,32.776462],[-96.7991793,32.776395],[-96.7992051,32.7763224]]}},{"type":"Feature","properties":{"osm_id":1266354915,"footway":"sidewalk","highway":"footway"},"geometry":{"type":"LineString","coordinates":[[-96.797911,32.7757383],[-96.797935,32.7757414],[-96.7979495,32.7757553],[-96.7980033,32.7758482],[-96.7981407,32.776319]]}},{"type":"Feature","properties":{"osm_id":1266354916,"crossing":"uncontrolled","crossing:island":"no","crossing:markings":"ladder","footway":"crossing","highway":"footway","surface":"asphalt"},"geometry":{"type":"LineString","coordinates":[[-96.7981407,32.776319],[-96.79817,32.7764062],[-96.7981913,32.7764719]]}},{"type":"Feature","properties":{"osm_id":1266354917,"footway":"sidewalk","highway":"footway"},"geometry":{"type":"LineString","coordinates":[[-96.8054694,32.7762746],[-96.8054664,32.7762529]]}},{"type":"Feature","properties":{"osm_id":1266354918,"crossing":"unmarked","crossing:markings":"no","footway":"crossing","highway":"footway","tactile_paving":"yes"},"geometry":{"type":"LineString","coordinates":[[-96.8054774,32.7763183],[-96.8054724,32.7762909],[-96.8054694,32.7762746]]}},{"type":"Feature","properties":{"osm_id":1266354919,"crossing":"unmarked","crossing:markings":"no","footway":"crossing","highway":"footway","tactile_paving":"yes"},"geometry":{"type":"LineString","coordinates":[[-96.8055729,32.776818],[-96.8055668,32.776797],[-96.8055604,32.7767751]]}},{"type":"Feature","properties":{"osm_id":1266354920,"footway":"sidewalk","highway":"footway"},"geometry":{"type":"LineString","coordinates":[[-96.8055818,32.7768485],[-96.8055729,32.776818]]}},{"type":"Feature","properties":{"osm_id":1266354921,"highway":"service","oneway":"yes"},"geometry":{"type":"LineString","coordinates":[[-96.8057446,32.7762302],[-96.8054724,32.7762909],[-96.8053635,32.7763138]]}},{"type":"Feature","properties":{"osm_id":1266966771,"highway":"footway","incline":"up"},"geometry":{"type":"LineString","coordinates":[[-96.7972328,32.7822353],[-96.7974411,32.7824346]]}},{"type":"Feature","properties":{"osm_id":1266966772,"highway":"footway","incline":"down"},"geometry":{"type":"LineString","coordinates":[[-96.7969908,32.7820036],[-96.7971767,32.7821815]]}},{"type":"Feature","properties":{"osm_id":1266966773,"highway":"footway","layer":"-1"},"geometry":{"type":"LineString","coordinates":[[-96.7971767,32.7821815],[-96.7972028,32.7822065],[-96.7972328,32.7822353]]}},{"type":"Feature","properties":{"osm_id":1266966774,"highway":"footway","layer":"-1"},"geometry":{"type":"LineString","coordinates":[[-96.7970886,32.7822956],[-96.7972028,32.7822065],[-96.7972492,32.7821709]]}},{"type":"Feature","properties":{"osm_id":1266966775,"highway":"footway"},"geometry":{"type":"LineString","coordinates":[[-96.7972952,32.7821354],[-96.7973449,32.7820971]]}},{"type":"Feature","properties":{"osm_id":1266966783,"highway":"footway","layer":"-1"},"geometry":{"type":"LineString","coordinates":[[-96.7972623,32.7821608],[-96.7972813,32.7821463]]}},{"type":"Feature","properties":{"osm_id":1282558780,"highway":"footway","surface":"paved"},"geometry":{"type":"LineString","coordinates":[[-96.8042007,32.7758777],[-96.8042094,32.7758465],[-96.8042175,32.7758175],[-96.804225,32.7757927]]}},{"type":"Feature","properties":{"osm_id":1282558781,"crossing":"uncontrolled","crossing:island":"no","crossing:markings":"zebra","crossing:signals":"no","footway":"crossing","highway":"footway"},"geometry":{"type":"LineString","coordinates":[[-96.8037049,32.7751293],[-96.8036806,32.7751358],[-96.8035655,32.7751669],[-96.803502,32.7751891]]}},{"type":"Feature","properties":{"osm_id":1297185115,"bicycle":"yes","highway":"residential","lanes":"2","lit":"yes","name":"Jackson Street","oneway":"no","sidewalk":"separate","surface":"paving_stones","tiger:cfcc":"A41","tiger:county":"Dallas, TX","tiger:name_base":"Jackson","tiger:name_type":"St","tiger:reviewed":"no","tiger:zip_left":"75201","tiger:zip_right":"75201"},"geometry":{"type":"LineString","coordinates":[[-96.7997608,32.7789942],[-96.8004212,32.778858],[-96.8004881,32.7788453]]}},{"type":"Feature","properties":{"osm_id":1297185116,"footway":"sidewalk","highway":"footway"},"geometry":{"type":"LineString","coordinates":[[-96.7982751,32.7786926],[-96.7984272,32.7792188],[-96.798358,32.7792325],[-96.7983147,32.7792419]]}},{"type":"Feature","properties":{"osm_id":1297185117,"footway":"sidewalk","highway":"footway","surface":"paved"},"geometry":{"type":"LineString","coordinates":[[-96.8004371,32.7789134],[-96.7997389,32.7790597],[-96.7997228,32.7790022]]}},{"type":"Feature","properties":{"osm_id":1297185118,"footway":"sidewalk","highway":"footway","surface":"concrete"},"geometry":{"type":"LineString","coordinates":[[-96.7983009,32.7793661],[-96.7975647,32.7795228]]}},{"type":"Feature","properties":{"osm_id":1297484025,"footway":"sidewalk","highway":"footway","surface":"concrete"},"geometry":{"type":"LineString","coordinates":[[-96.80127,32.7809172],[-96.8013449,32.7809049]]}},{"type":"Feature","properties":{"osm_id":1297484026,"footway":"sidewalk","highway":"footway","smoothness":"excellent","surface":"paved"},"geometry":{"type":"LineString","coordinates":[[-96.8012443,32.7803015],[-96.8010677,32.7803391]]}},{"type":"Feature","properties":{"osm_id":1297580087,"foot":"permissive","highway":"footway","surface":"concrete"},"geometry":{"type":"LineString","coordinates":[[-96.8016414,32.7800081],[-96.8015676,32.7797496],[-96.801499,32.7795132]]}},{"type":"Feature","properties":{"osm_id":1297580088,"foot":"permissive","highway":"footway","surface":"concrete"},"geometry":{"type":"LineString","coordinates":[[-96.8014957,32.7795026],[-96.8014877,32.7794747]]}},{"type":"Feature","properties":{"osm_id":1297580090,"foot":"permissive","highway":"footway","surface":"concrete"},"geometry":{"type":"LineString","coordinates":[[-96.8016528,32.7800438],[-96.8016446,32.7800176]]}},{"type":"Feature","properties":{"osm_id":1297580093,"button_operated":"yes","crossing":"traffic_signals","crossing:island":"no","crossing:markings":"ladder","footway":"crossing","highway":"footway","surface":"paved","tactile_paving":"yes"},"geometry":{"type":"LineString","coordinates":[[-96.8015716,32.7794325],[-96.8015511,32.7793643],[-96.8015337,32.7793075]]}},{"type":"Feature","properties":{"osm_id":1297580094,"footway":"sidewalk","highway":"footway","smoothness":"excellent","surface":"concrete"},"geometry":{"type":"LineString","coordinates":[[-96.8015319,32.7794738],[-96.8014877,32.7794747],[-96.8008314,32.7796094]]}},{"type":"Feature","properties":{"osm_id":1301617986,"highway":"footway"},"geometry":{"type":"LineString","coordinates":[[-96.8032313,32.7804154],[-96.8036483,32.7803246],[-96.8041759,32.7802215],[-96.8042253,32.7802119],[-96.8042562,32.7802057]]}},{"type":"Feature","properties":{"osm_id":1301617987,"highway":"footway"},"geometry":{"type":"LineString","coordinates":[[-96.8042253,32.7802119],[-96.8041986,32.7801092],[-96.8042356,32.7801021],[-96.8041229,32.7797103]]}},{"type":"Feature","properties":{"osm_id":1317040244,"highway":"footway","surface":"concrete"},"geometry":{"type":"LineString","coordinates":[[-96.7971874,32.7837125],[-96.79723,32.7837015]]}},{"type":"Feature","properties":{"osm_id":1317040246,"bicycle":"yes","footway":"sidewalk","highway":"footway","lit":"no","surface":"concrete"},"geometry":{"type":"LineString","coordinates":[[-96.7975004,32.7838585],[-96.797374,32.7838053],[-96.79723,32.7837015],[-96.7970717,32.7835857]]}},{"type":"Feature","properties":{"osm_id":1317040247,"bicycle":"yes","highway":"service","surface":"concrete"},"geometry":{"type":"LineString","coordinates":[[-96.7959399,32.78416],[-96.7959935,32.7841111],[-96.7960259,32.7840825],[-96.7961232,32.7839933]]}},{"type":"Feature","properties":{"osm_id":1317040250,"highway":"footway"},"geometry":{"type":"LineString","coordinates":[[-96.7964995,32.7837057],[-96.7965116,32.7836684],[-96.7965747,32.7834887],[-96.7965837,32.7834621]]}},{"type":"Feature","properties":{"osm_id":1317040251,"handrail":"no","highway":"footway","step_count":"2","surface":"concrete","tactile_paving":"no"},"geometry":{"type":"LineString","coordinates":[[-96.7961338,32.7829989],[-96.7961461,32.7829635]]}},{"type":"Feature","properties":{"osm_id":1317301583,"highway":"service","oneway":"yes","service":"driveway","surface":"paving_stones"},"geometry":{"type":"LineString","coordinates":[[-96.7978132,32.7835296],[-96.7978277,32.7835412],[-96.7978575,32.7835654]]}},{"type":"Feature","properties":{"osm_id":1317301584,"button_operated":"no","crossing":"traffic_signals","crossing:island":"no","crossing:markings":"surface","footway":"crossing","highway":"footway","tactile_paving":"no"},"geometry":{"type":"LineString","coordinates":[[-96.799002,32.7822066],[-96.7990133,32.7822424],[-96.7990251,32.7822821]]}},{"type":"Feature","properties":{"osm_id":1320914898,"footway":"sidewalk","highway":"footway","surface":"concrete"},"geometry":{"type":"LineString","coordinates":[[-96.798951,32.783867],[-96.7989673,32.7838692]]}},{"type":"Feature","properties":{"osm_id":1326283075,"footway":"sidewalk","highway":"footway","surface":"concrete"},"geometry":{"type":"LineString","coordinates":[[-96.8042323,32.779689],[-96.8042552,32.7797322],[-96.8043472,32.780043],[-96.8043272,32.7800709],[-96.8043445,32.7801302],[-96.8043611,32.7801851],[-96.8043746,32.7802315],[-96.8043839,32.7802662]]}},{"type":"Feature","properties":{"osm_id":1326283077,"highway":"footway","surface":"paved","wheelchair":"yes"},"geometry":{"type":"LineString","coordinates":[[-96.8043746,32.7802315],[-96.8041899,32.7802697],[-96.8041759,32.7802215]]}},{"type":"Feature","properties":{"osm_id":1333653590,"highway":"service"},"geometry":{"type":"LineString","coordinates":[[-96.8048793,32.7822089],[-96.8049592,32.7822702],[-96.8049795,32.7822851]]}},{"type":"Feature","properties":{"osm_id":1333653591,"highway":"service"},"geometry":{"type":"LineString","coordinates":[[-96.8048793,32.7822089],[-96.8048591,32.7821345],[-96.8048056,32.7819373],[-96.8049967,32.7817773],[-96.8050656,32.7817197]]}},{"type":"Feature","properties":{"osm_id":1333653592,"highway":"service","service":"parking_aisle","surface":"asphalt"},"geometry":{"type":"LineString","coordinates":[[-96.8043462,32.7818606],[-96.8046614,32.7821509]]}},{"type":"Feature","properties":{"osm_id":1346984423,"highway":"service","surface":"paved"},"geometry":{"type":"LineString","coordinates":[[-96.8047913,32.7770957],[-96.8048204,32.7771898],[-96.8048247,32.7772054]]}},{"type":"Feature","properties":{"osm_id":1346984425,"highway":"service","surface":"paved"},"geometry":{"type":"LineString","coordinates":[[-96.805075,32.7778324],[-96.8050478,32.7777403],[-96.805043,32.7777275]]}},{"type":"Feature","properties":{"osm_id":1348542259,"highway":"service","service":"parking_aisle"},"geometry":{"type":"LineString","coordinates":[[-96.8060307,32.7803549],[-96.8059579,32.7801163],[-96.8059314,32.7800297]]}},{"type":"Feature","properties":{"osm_id":1348546793,"highway":"footway","surface":"paved"},"geometry":{"type":"LineString","coordinates":[[-96.7997389,32.7790597],[-96.7997447,32.7790824],[-96.7996385,32.7791051],[-96.7996482,32.7791371],[-96.7997026,32.779125],[-96.7997188,32.7791783]]}},{"type":"Feature","properties":{"osm_id":1348546794,"highway":"footway","surface":"paving_stones"},"geometry":{"type":"LineString","coordinates":[[-96.7993452,32.7795144],[-96.7995488,32.7793784],[-96.7995852,32.7793712]]}},{"type":"Feature","properties":{"osm_id":1348546795,"highway":"footway","surface":"paving_stones"},"geometry":{"type":"LineString","coordinates":[[-96.7996333,32.7796928],[-96.7995488,32.7793784],[-96.7994938,32.7791706],[-96.7994889,32.7791521]]}},{"type":"Feature","properties":{"osm_id":1352376104,"highway":"service","service":"driveway","surface":"paved"},"geometry":{"type":"LineString","coordinates":[[-96.7987449,32.7799608],[-96.798774,32.7800516],[-96.7988112,32.7801745]]}},{"type":"Feature","properties":{"osm_id":1352376106,"foot":"permissive","highway":"footway","name":"Main St Alley","surface":"paved","tunnel":"yes"},"geometry":{"type":"LineString","coordinates":[[-96.7977782,32.7805815],[-96.7978593,32.7808484]]}},{"type":"Feature","properties":{"osm_id":1352461427,"highway":"footway","surface":"paved"},"geometry":{"type":"LineString","coordinates":[[-96.7994824,32.779128],[-96.7994624,32.7790574]]}},{"type":"Feature","properties":{"osm_id":1352461429,"highway":"footway","surface":"paved"},"geometry":{"type":"LineString","coordinates":[[-96.7996482,32.7791371],[-96.7994938,32.7791706]]}},{"type":"Feature","properties":{"osm_id":1352461430,"highway":"footway","surface":"paved"},"geometry":{"type":"LineString","coordinates":[[-96.7998518,32.7796467],[-96.7998362,32.7795958]]}},{"type":"Feature","properties":{"osm_id":1352461432,"highway":"service","oneway":"yes","service":"alley","surface":"paved"},"geometry":{"type":"LineString","coordinates":[[-96.8010768,32.7794618],[-96.8010518,32.7793832],[-96.8008863,32.7788333],[-96.8008651,32.7787653]]}},{"type":"Feature","properties":{"osm_id":1352461433,"highway":"service","service":"alley","surface":"paved"},"geometry":{"type":"LineString","coordinates":[[-96.8012734,32.7794212],[-96.8012489,32.7793416],[-96.8012398,32.7793061],[-96.8011004,32.7788137],[-96.8010939,32.7787889],[-96.8010738,32.7787209]]}},{"type":"Feature","properties":{"osm_id":1352461434,"highway":"service","surface":"paved"},"geometry":{"type":"LineString","coordinates":[[-96.8011852,32.7794394],[-96.8011627,32.7793598],[-96.8011547,32.7793321]]}},{"type":"Feature","properties":{"osm_id":1352461435,"highway":"footway","surface":"concrete"},"geometry":{"type":"LineString","coordinates":[[-96.8009712,32.7793998],[-96.8009638,32.7793766]]}},{"type":"Feature","properties":{"osm_id":1353042901,"highway":"service","surface":"paved"},"geometry":{"type":"LineString","coordinates":[[-96.8006749,32.7810245],[-96.8006806,32.7810486],[-96.8007061,32.7811305]]}},{"type":"Feature","properties":{"osm_id":1353042902,"highway":"service","surface":"paved"},"geometry":{"type":"LineString","coordinates":[[-96.8003669,32.7812021],[-96.8003415,32.7811192],[-96.8003358,32.7810999]]}},{"type":"Feature","properties":{"osm_id":1366085746,"footway":"sidewalk","highway":"footway"},"geometry":{"type":"LineString","coordinates":[[-96.7987088,32.7775067],[-96.7986762,32.7775136]]}},{"type":"Feature","properties":{"osm_id":1366085747,"crossing":"traffic_signals","crossing:markings":"surface","crossing:signals":"yes","footway":"crossing","highway":"footway"},"geometry":{"type":"LineString","coordinates":[[-96.7987977,32.7774877],[-96.7987583,32.7774951],[-96.7987088,32.7775067]]}},{"type":"Feature","properties":{"osm_id":1366086121,"bicycle":"yes","footway":"traffic_island","highway":"footway","surface":"concrete"},"geometry":{"type":"LineString","coordinates":[[-96.7985989,32.7771982],[-96.7985712,32.7772041],[-96.7985364,32.7772119]]}},{"type":"Feature","properties":{"osm_id":1366266754,"crossing":"unmarked","crossing:markings":"no","footway":"crossing","highway":"footway","lit":"yes","surface":"concrete"},"geometry":{"type":"LineString","coordinates":[[-96.8019379,32.7829473],[-96.8019527,32.7830027],[-96.8019661,32.7830493]]}},{"type":"Feature","properties":{"osm_id":1366266755,"footway":"sidewalk","highway":"footway","lit":"yes","surface":"concrete"},"geometry":{"type":"LineString","coordinates":[[-96.8018696,32.7827251],[-96.8019379,32.7829473]]}},{"type":"Feature","properties":{"osm_id":1366303016,"footway":"traffic_island","highway":"footway"},"geometry":{"type":"LineString","coordinates":[[-96.8000179,32.7768322],[-96.8000616,32.7768412],[-96.800086,32.7768119]]}},{"type":"Feature","properties":{"osm_id":1366631033,"crossing":"traffic_signals","crossing:markings":"surface","crossing:signals":"yes","footway":"crossing","highway":"footway","lit":"yes","surface":"paving_stones"},"geometry":{"type":"LineString","coordinates":[[-96.802354,32.7767885],[-96.8023512,32.776722],[-96.8023474,32.7766327]]}},{"type":"Feature","properties":{"osm_id":1366631034,"footway":"traffic_island","highway":"footway","lit":"yes","surface":"concrete"},"geometry":{"type":"LineString","coordinates":[[-96.8023558,32.7768315],[-96.802354,32.7767885]]}},{"type":"Feature","properties":{"osm_id":1366631037,"footway":"traffic_island","highway":"footway","lit":"yes","surface":"paving_stones"},"geometry":{"type":"LineString","coordinates":[[-96.8024339,32.7770338],[-96.8023646,32.7769395]]}},{"type":"Feature","properties":{"osm_id":1366639218,"footway":"sidewalk","highway":"footway","surface":"concrete"},"geometry":{"type":"LineString","coordinates":[[-96.8048671,32.7769989],[-96.8052837,32.7769141],[-96.8053336,32.7769036]]}},{"type":"Feature","properties":{"osm_id":1366639219,"crossing":"uncontrolled","crossing:markings":"surface","crossing:signals":"no","footway":"crossing","highway":"footway","surface":"paving_stones"},"geometry":{"type":"LineString","coordinates":[[-96.8044548,32.7770649],[-96.8044916,32.7770544],[-96.8045295,32.7770484]]}},{"type":"Feature","properties":{"osm_id":1366639220,"footway":"link","highway":"footway","surface":"concrete"},"geometry":{"type":"LineString","coordinates":[[-96.8044425,32.7772637],[-96.8044367,32.777272]]}},{"type":"Feature","properties":{"osm_id":1366662978,"highway":"service"},"geometry":{"type":"LineString","coordinates":[[-96.8044579,32.7830549],[-96.8044192,32.7830882],[-96.8043432,32.7831515],[-96.8042523,32.783229]]}},{"type":"Feature","properties":{"osm_id":1366663686,"footway":"traffic_island","highway":"footway"},"geometry":{"type":"LineString","coordinates":[[-96.8042166,32.7836506],[-96.8042164,32.7836117]]}},{"type":"Feature","properties":{"osm_id":1366663687,"crossing":"uncontrolled","crossing:markings":"ladder","footway":"crossing","highway":"footway"},"geometry":{"type":"LineString","coordinates":[[-96.8042164,32.7836117],[-96.8042238,32.7835891],[-96.8042355,32.7835536]]}},{"type":"Feature","properties":{"osm_id":1366664481,"footway":"sidewalk","highway":"footway"},"geometry":{"type":"LineString","coordinates":[[-96.8042121,32.7837988],[-96.8041927,32.7844354]]}},{"type":"Feature","properties":{"osm_id":1366676632,"footway":"sidewalk","highway":"footway","surface":"paved"},"geometry":{"type":"LineString","coordinates":[[-96.8046404,32.7813736],[-96.8045484,32.7814493]]}},{"type":"Feature","properties":{"osm_id":1366676633,"footway":"sidewalk","highway":"footway","surface":"paved"},"geometry":{"type":"LineString","coordinates":[[-96.8046404,32.7813736],[-96.8046447,32.7813361],[-96.8046148,32.7812572],[-96.8045997,32.7812345]]}},{"type":"Feature","properties":{"osm_id":1366677661,"crossing":"traffic_signals","crossing:markings":"lines;surface","crossing:signals":"yes","footway":"crossing","highway":"footway","name":"Pacific Avenue","surface":"paving_stones"},"geometry":{"type":"LineString","coordinates":[[-96.8045967,32.781148],[-96.8047101,32.7811286],[-96.8048293,32.7811077]]}},{"type":"Feature","properties":{"osm_id":1366677662,"bicycle":"yes","highway":"footway","name":"Pacific Avenue","surface":"paving_stones","width":"2.5"},"geometry":{"type":"LineString","coordinates":[[-96.8034366,32.7813487],[-96.8035078,32.7813351],[-96.8039404,32.7812522],[-96.8042175,32.7812034],[-96.8045824,32.7811505]]}},{"type":"Feature","properties":{"osm_id":1366678822,"crossing":"traffic_signals","crossing:markings":"ladder","crossing:signals":"yes","footway":"crossing","highway":"footway"},"geometry":{"type":"LineString","coordinates":[[-96.8055312,32.7802089],[-96.8054524,32.780226],[-96.8053939,32.7802387]]}},{"type":"Feature","properties":{"osm_id":1366686003,"footway":"sidewalk","highway":"footway","surface":"paving_stones"},"geometry":{"type":"LineString","coordinates":[[-96.8054664,32.7762529],[-96.8060183,32.7761422]]}},{"type":"Feature","properties":{"osm_id":1366970916,"crossing":"uncontrolled","crossing:markings":"surface","crossing:signals":"no","footway":"crossing","highway":"footway","surface":"paving_stones"},"geometry":{"type":"LineString","coordinates":[[-96.7974808,32.7776676],[-96.7974412,32.7777209],[-96.7974045,32.7777785]]}},{"type":"Feature","properties":{"osm_id":1366970917,"footway":"traffic_island","highway":"footway","surface":"paving_stones"},"geometry":{"type":"LineString","coordinates":[[-96.7975585,32.7775553],[-96.7974808,32.7776676]]}},{"type":"Feature","properties":{"osm_id":1366972461,"crossing":"uncontrolled","crossing:markings":"surface","footway":"crossing","highway":"footway","surface":"paving_stones"},"geometry":{"type":"LineString","coordinates":[[-96.795757,32.7769238],[-96.7957702,32.7769645],[-96.7957838,32.7770057]]}},{"type":"Feature","properties":{"osm_id":1366972464,"crossing":"uncontrolled","crossing:markings":"surface","footway":"crossing","highway":"footway","surface":"paving_stones"},"geometry":{"type":"LineString","coordinates":[[-96.7960027,32.7769864],[-96.7959814,32.7769085],[-96.7959631,32.7768559]]}},{"type":"Feature","properties":{"osm_id":1366972466,"crossing":"unmarked","crossing:markings":"no","footway":"crossing","highway":"footway","surface":"asphalt"},"geometry":{"type":"LineString","coordinates":[[-96.7960656,32.7769758],[-96.7961058,32.7769667],[-96.7961459,32.7769593]]}},{"type":"Feature","properties":{"osm_id":1366972467,"footway":"traffic_island","highway":"footway","surface":"concrete"},"geometry":{"type":"LineString","coordinates":[[-96.7960027,32.7769864],[-96.7960656,32.7769758]]}},{"type":"Feature","properties":{"osm_id":1366972468,"footway":"traffic_island","highway":"footway","surface":"concrete"},"geometry":{"type":"LineString","coordinates":[[-96.7960063,32.77682],[-96.7959647,32.7768512]]}},{"type":"Feature","properties":{"osm_id":1367362991,"crossing":"uncontrolled","crossing:markings":"ladder","crossing:signals":"no","footway":"crossing","highway":"footway","lit":"yes","surface":"asphalt"},"geometry":{"type":"LineString","coordinates":[[-96.8015924,32.782147],[-96.8015567,32.7821554],[-96.801513,32.7821657]]}},{"type":"Feature","properties":{"osm_id":1367362992,"footway":"traffic_island","highway":"footway","lit":"yes","surface":"asphalt"},"geometry":{"type":"LineString","coordinates":[[-96.8016199,32.7821405],[-96.8015924,32.782147]]}},{"type":"Feature","properties":{"osm_id":1368872727,"highway":"service","surface":"paved"},"geometry":{"type":"LineString","coordinates":[[-96.8046155,32.7775414],[-96.8047084,32.7775444],[-96.8047305,32.7775553]]}},{"type":"Feature","properties":{"osm_id":1384814155,"footway":"sidewalk","highway":"footway"},"geometry":{"type":"LineString","coordinates":[[-96.8036753,32.7756096],[-96.8036108,32.7754486],[-96.803502,32.7751891]]}},{"type":"Feature","properties":{"osm_id":1391060609,"footway":"traffic_island","highway":"footway"},"geometry":{"type":"LineString","coordinates":[[-96.8040444,32.78279],[-96.8040933,32.7827421]]}},{"type":"Feature","properties":{"osm_id":1391060610,"crossing":"unmarked","crossing:markings":"no","footway":"crossing","highway":"footway"},"geometry":{"type":"LineString","coordinates":[[-96.8040933,32.7827421],[-96.804121,32.7827218],[-96.8041523,32.7827]]}},{"type":"Feature","properties":{"osm_id":1392297110,"highway":"service"},"geometry":{"type":"LineString","coordinates":[[-96.7951745,32.7807133],[-96.7950987,32.7806595],[-96.7950697,32.7806475],[-96.7947608,32.7807149],[-96.794748,32.7807341],[-96.7947331,32.7808112]]}},{"type":"Feature","properties":{"osm_id":1394430761,"highway":"service"},"geometry":{"type":"LineString","coordinates":[[-96.7951456,32.776998],[-96.7952954,32.7769446],[-96.7956823,32.7768602],[-96.7956488,32.7767831]]}},{"type":"Feature","properties":{"osm_id":1411626539,"footway":"sidewalk","highway":"footway","lit":"yes","surface":"concrete"},"geometry":{"type":"LineString","coordinates":[[-96.7974587,32.7819179],[-96.7984993,32.7816933]]}},{"type":"Feature","properties":{"osm_id":1411626540,"crossing":"unmarked","crossing:markings":"no","footway":"crossing","highway":"footway"},"geometry":{"type":"LineString","coordinates":[[-96.7984993,32.7816933],[-96.7985144,32.78169],[-96.7985327,32.781686]]}},{"type":"Feature","properties":{"osm_id":1411867340,"footway":"sidewalk","highway":"footway","surface":"concrete"},"geometry":{"type":"LineString","coordinates":[[-96.802963,32.7805575],[-96.8029486,32.7805536]]}},{"type":"Feature","properties":{"osm_id":1411868230,"footway":"sidewalk","highway":"footway","surface":"concrete"},"geometry":{"type":"LineString","coordinates":[[-96.7972319,32.7817659],[-96.7972385,32.7817879]]}},{"type":"Feature","properties":{"osm_id":1411868231,"footway":"sidewalk","highway":"footway","surface":"concrete"},"geometry":{"type":"LineString","coordinates":[[-96.7972633,32.7817604],[-96.7972319,32.7817659]]}},{"type":"Feature","properties":{"osm_id":1415734939,"crossing":"traffic_signals","crossing:markings":"lines;surface","crossing:signals":"yes","footway":"crossing","highway":"footway","surface":"paving_stones"},"geometry":{"type":"LineString","coordinates":[[-96.8053823,32.7760933],[-96.8053673,32.7760964]]}},{"type":"Feature","properties":{"osm_id":1415734940,"crossing":"unmarked","crossing:markings":"no","cycleway":"crossing","highway":"cycleway","oneway":"no","surface":"concrete","vehicle":"no"},"geometry":{"type":"LineString","coordinates":[[-96.8053274,32.7761953],[-96.8053673,32.7760964]]}},{"type":"Feature","properties":{"osm_id":1415740016,"highway":"footway","name":"Hord Street","surface":"paving_stones"},"geometry":{"type":"LineString","coordinates":[[-96.8058488,32.7823272],[-96.8062922,32.7819645]]}},{"type":"Feature","properties":{"osm_id":1415740017,"highway":"service","oneway":"yes","service":"parking_aisle"},"geometry":{"type":"LineString","coordinates":[[-96.8058458,32.7821648],[-96.8056381,32.7819699]]}},{"type":"Feature","properties":{"osm_id":1415740018,"access":"private","highway":"service","oneway":"yes","service":"parking_aisle"},"geometry":{"type":"LineString","coordinates":[[-96.8060526,32.7819925],[-96.805865,32.7818138]]}},{"type":"Feature","properties":{"osm_id":1415740019,"highway":"service","oneway":"yes","service":"parking_aisle"},"geometry":{"type":"LineString","coordinates":[[-96.8057502,32.7818848],[-96.8059481,32.7820796]]}},{"type":"Feature","properties":{"osm_id":1415740020,"highway":"service","service":"parking_aisle"},"geometry":{"type":"LineString","coordinates":[[-96.8056381,32.7819699],[-96.8057502,32.7818848],[-96.8058209,32.7818312],[-96.805865,32.7818138]]}},{"type":"Feature","properties":{"osm_id":1415740985,"highway":"service","surface":"concrete"},"geometry":{"type":"LineString","coordinates":[[-96.8059341,32.7776489],[-96.8059657,32.7777442],[-96.8059749,32.7777728]]}},{"type":"Feature","properties":{"osm_id":1416405839,"highway":"service","service":"parking_aisle"},"geometry":{"type":"LineString","coordinates":[[-96.8062226,32.7848766],[-96.8061016,32.7847651],[-96.8059711,32.7846449],[-96.8058545,32.7845375],[-96.8057272,32.7844201],[-96.805617,32.7843187],[-96.8053665,32.7840878],[-96.8052155,32.7839487]]}},{"type":"Feature","properties":{"osm_id":1416405840,"highway":"service","service":"parking_aisle"},"geometry":{"type":"LineString","coordinates":[[-96.8052155,32.7839487],[-96.8050834,32.7840552],[-96.804955,32.7841586],[-96.8048187,32.7842683],[-96.8046834,32.7843774],[-96.80456,32.7844768],[-96.8044192,32.7845902]]}},{"type":"Feature","properties":{"osm_id":1416433996,"cycleway:right":"lane","foot":"use_sidepath","highway":"secondary","lanes":"1","name":"South Akard Street","oneway":"yes","sidewalk:left":"no","sidewalk:right":"separate","surface":"asphalt"},"geometry":{"type":"LineString","coordinates":[[-96.798489,32.7772204],[-96.7984809,32.7772977]]}},{"type":"Feature","properties":{"osm_id":1416433997,"foot":"use_sidepath","highway":"secondary","lanes":"2","name":"South Akard Street","oneway":"yes","sidewalk:left":"no","sidewalk:right":"separate","surface":"asphalt","tiger:cfcc":"A41","tiger:county":"Dallas, TX","tiger:name_base":"Akard","tiger:name_direction_prefix":"S","tiger:name_type":"St","tiger:reviewed":"no","tiger:zip_left":"75215","tiger:zip_right":"75215"},"geometry":{"type":"LineString","coordinates":[[-96.7986803,32.7772531],[-96.7986592,32.7771864]]}},{"type":"Feature","properties":{"osm_id":1416618343,"cycleway:left":"separate","highway":"secondary","lanes":"3","maxspeed":"30 mph","name":"South Market Street","oneway":"yes","sidewalk:both":"separate","surface":"concrete:plates","turn:lanes":"through|through;right|right"},"geometry":{"type":"LineString","coordinates":[[-96.8051231,32.7755562],[-96.8051519,32.7756526],[-96.8052978,32.7761111],[-96.8053274,32.7761953]]}},{"type":"Feature","properties":{"osm_id":1416647865,"highway":"service","surface":"asphalt"},"geometry":{"type":"LineString","coordinates":[[-96.8046419,32.7808647],[-96.8047827,32.7808387],[-96.8048151,32.7808337],[-96.8049945,32.7807978],[-96.8048573,32.7803553],[-96.8048315,32.7802645]]}},{"type":"Feature","properties":{"osm_id":1416647866,"highway":"service"},"geometry":{"type":"LineString","coordinates":[[-96.8051601,32.7801932],[-96.8051877,32.7802835],[-96.8052659,32.7805408]]}},{"type":"Feature","properties":{"osm_id":1416647867,"highway":"footway","surface":"paved"},"geometry":{"type":"LineString","coordinates":[[-96.8057069,32.7807885],[-96.8056765,32.7806852]]}},{"type":"Feature","properties":{"osm_id":1416647869,"highway":"service","surface":"paved"},"geometry":{"type":"LineString","coordinates":[[-96.8056,32.7807005],[-96.8056765,32.7806852],[-96.805982,32.7806239]]}},{"type":"Feature","properties":{"osm_id":1416647870,"highway":"service","surface":"paved"},"geometry":{"type":"LineString","coordinates":[[-96.8059443,32.7805043],[-96.8055638,32.7805839]]}},{"type":"Feature","properties":{"osm_id":1417331070,"highway":"footway","surface":"paved"},"geometry":{"type":"LineString","coordinates":[[-96.8031867,32.7796266],[-96.8031648,32.7796443],[-96.803107,32.7796598],[-96.8030601,32.7797519]]}},{"type":"Feature","properties":{"osm_id":1417331071,"highway":"footway","surface":"paved"},"geometry":{"type":"LineString","coordinates":[[-96.8031056,32.7792276],[-96.8030682,32.7792147],[-96.8029991,32.7791589]]}},{"type":"Feature","properties":{"osm_id":1417331072,"highway":"footway","surface":"paved"},"geometry":{"type":"LineString","coordinates":[[-96.803918,32.7790545],[-96.80395,32.7790275],[-96.8039958,32.7789447]]}},{"type":"Feature","properties":{"osm_id":1417331073,"highway":"footway","surface":"concrete"},"geometry":{"type":"LineString","coordinates":[[-96.7997016,32.7832326],[-96.8002666,32.7837183]]}},{"type":"Feature","properties":{"osm_id":1417331074,"highway":"footway","surface":"paved"},"geometry":{"type":"LineString","coordinates":[[-96.7970645,32.7814883],[-96.797016,32.7814984]]}},{"type":"Feature","properties":{"osm_id":1417331075,"highway":"footway","surface":"paved"},"geometry":{"type":"LineString","coordinates":[[-96.7971531,32.7814697],[-96.7971118,32.7814784]]}},{"type":"Feature","properties":{"osm_id":1417331078,"highway":"footway","surface":"paved"},"geometry":{"type":"LineString","coordinates":[[-96.7958936,32.7817526],[-96.7960219,32.7817261]]}},{"type":"Feature","properties":{"osm_id":1417331079,"highway":"footway","surface":"paved"},"geometry":{"type":"LineString","coordinates":[[-96.7960322,32.781724],[-96.7960756,32.7817155]]}},{"type":"Feature","properties":{"osm_id":1417331081,"highway":"service","surface":"paved"},"geometry":{"type":"LineString","coordinates":[[-96.7962748,32.7820577],[-96.7962502,32.7819794],[-96.7962447,32.7819591]]}},{"type":"Feature","properties":{"osm_id":1417331082,"highway":"footway","surface":"paved"},"geometry":{"type":"LineString","coordinates":[[-96.7965078,32.7819254],[-96.7965012,32.781905]]}},{"type":"Feature","properties":{"osm_id":1417331083,"highway":"footway","surface":"paved"},"geometry":{"type":"LineString","coordinates":[[-96.7963396,32.7813518],[-96.7963426,32.7813609]]}},{"type":"Feature","properties":{"osm_id":1417350939,"highway":"service","surface":"paved"},"geometry":{"type":"LineString","coordinates":[[-96.8043691,32.7835625],[-96.8043916,32.7835832],[-96.8044541,32.78364]]}},{"type":"Feature","properties":{"osm_id":1417421683,"highway":"footway","surface":"paving_stones"},"geometry":{"type":"LineString","coordinates":[[-96.7967804,32.7781575],[-96.7967526,32.7780775]]}},{"type":"Feature","properties":{"osm_id":1417421684,"highway":"footway","incline":"up","surface":"paved"},"geometry":{"type":"LineString","coordinates":[[-96.7970367,32.7788408],[-96.7970021,32.7787358],[-96.7969855,32.778725]]}},{"type":"Feature","properties":{"osm_id":1417421685,"highway":"footway"},"geometry":{"type":"LineString","coordinates":[[-96.7968132,32.7788191],[-96.7968306,32.7788005],[-96.7968729,32.7787914]]}},{"type":"Feature","properties":{"osm_id":1417421686,"highway":"footway"},"geometry":{"type":"LineString","coordinates":[[-96.7969218,32.7787509],[-96.7969855,32.778725]]}},{"type":"Feature","properties":{"osm_id":1417421688,"highway":"footway"},"geometry":{"type":"LineString","coordinates":[[-96.7968359,32.7788842],[-96.7968172,32.7788303]]}},{"type":"Feature","properties":{"osm_id":1417421690,"crossing:markings":"lines","footway":"traffic_island","highway":"footway","surface":"concrete"},"geometry":{"type":"LineString","coordinates":[[-96.7963483,32.7777736],[-96.7962839,32.7778467]]}},{"type":"Feature","properties":{"osm_id":1417421691,"crossing":"unmarked","crossing:markings":"no","footway":"crossing","highway":"footway","surface":"paved"},"geometry":{"type":"LineString","coordinates":[[-96.7974063,32.7758353],[-96.7973943,32.7757972],[-96.7973915,32.775782]]}},{"type":"Feature","properties":{"osm_id":1417421692,"footway":"sidewalk","highway":"footway"},"geometry":{"type":"LineString","coordinates":[[-96.7958815,32.7760901],[-96.7959218,32.776095],[-96.796038,32.7760681],[-96.7961539,32.7760412],[-96.7962725,32.7760128]]}},{"type":"Feature","properties":{"osm_id":1417423812,"footway":"sidewalk","highway":"footway","lit":"yes","surface":"concrete"},"geometry":{"type":"LineString","coordinates":[[-96.7976684,32.7750652],[-96.7976578,32.7750724],[-96.7976209,32.7750417],[-96.7976075,32.7750521],[-96.797073,32.7745639],[-96.7970475,32.7745387],[-96.7970167,32.7745041]]}},{"type":"Feature","properties":{"osm_id":1417423813,"footway":"sidewalk","highway":"footway","lit":"yes","surface":"concrete"},"geometry":{"type":"LineString","coordinates":[[-96.7980267,32.7754285],[-96.7979005,32.7753149],[-96.7977885,32.775214]]}},{"type":"Feature","properties":{"osm_id":1417423814,"highway":"service","oneway":"yes"},"geometry":{"type":"LineString","coordinates":[[-96.7978219,32.7751613],[-96.7977161,32.7751346],[-96.7976027,32.7751139]]}},{"type":"Feature","properties":{"osm_id":1417423816,"covered":"yes","footway":"sidewalk","highway":"footway","lit":"yes","surface":"concrete"},"geometry":{"type":"LineString","coordinates":[[-96.7981358,32.7753401],[-96.7980095,32.7752323],[-96.7977796,32.775036],[-96.797523,32.7748168],[-96.7974794,32.7747796],[-96.7974044,32.7747156]]}},{"type":"Feature","properties":{"osm_id":1417423817,"crossing":"uncontrolled","crossing:markings":"ladder:skewed","footway":"crossing","highway":"footway","surface":"concrete"},"geometry":{"type":"LineString","coordinates":[[-96.7980095,32.7752323],[-96.7979497,32.7752755],[-96.7979005,32.7753149]]}},{"type":"Feature","properties":{"osm_id":1417423818,"crossing":"unmarked","crossing:markings":"no","footway":"crossing","highway":"footway","surface":"concrete"},"geometry":{"type":"LineString","coordinates":[[-96.7976684,32.7750652],[-96.797701,32.7750567],[-96.7977796,32.775036]]}},{"type":"Feature","properties":{"osm_id":1417423826,"highway":"footway","surface":"concrete"},"geometry":{"type":"LineString","coordinates":[[-96.7960933,32.7752522],[-96.7961372,32.775293],[-96.7961774,32.7753133],[-96.7962292,32.7753519]]}},{"type":"Feature","properties":{"osm_id":1417741923,"footway":"traffic_island","highway":"footway"},"geometry":{"type":"LineString","coordinates":[[-96.800068,32.776871],[-96.8000616,32.7768412]]}},{"type":"Feature","properties":{"osm_id":1417973936,"highway":"service","oneway":"yes"},"geometry":{"type":"LineString","coordinates":[[-96.8043694,32.7787676],[-96.8043997,32.7788731],[-96.8044051,32.7788919]]}},{"type":"Feature","properties":{"osm_id":1417973937,"footway":"sidewalk","highway":"footway","surface":"concrete"},"geometry":{"type":"LineString","coordinates":[[-96.8048793,32.7787753],[-96.804895,32.7787552]]}},{"type":"Feature","properties":{"osm_id":1417973939,"footway":"sidewalk","highway":"footway","surface":"concrete"},"geometry":{"type":"LineString","coordinates":[[-96.8043767,32.7794321],[-96.8043609,32.7794579]]}},{"type":"Feature","properties":{"osm_id":1417973940,"highway":"service","oneway":"yes","surface":"concrete"},"geometry":{"type":"LineString","coordinates":[[-96.8041521,32.779094],[-96.8042677,32.7790701],[-96.8042876,32.7790659]]}},{"type":"Feature","properties":{"osm_id":1417973941,"highway":"service","oneway":"yes"},"geometry":{"type":"LineString","coordinates":[[-96.8043042,32.7791232],[-96.8042851,32.7791265],[-96.8041694,32.7791519]]}},{"type":"Feature","properties":{"osm_id":1417973942,"footway":"sidewalk","highway":"footway","surface":"paved"},"geometry":{"type":"LineString","coordinates":[[-96.8050404,32.7792942],[-96.8050767,32.7793212]]}},{"type":"Feature","properties":{"osm_id":1417975991,"footway":"sidewalk","highway":"footway","surface":"concrete"},"geometry":{"type":"LineString","coordinates":[[-96.8039905,32.7789112],[-96.8039965,32.7789379],[-96.80402,32.7789341]]}},{"type":"Feature","properties":{"osm_id":1417975992,"footway":"sidewalk","highway":"footway","surface":"concrete"},"geometry":{"type":"LineString","coordinates":[[-96.8039958,32.7789447],[-96.8039965,32.7789379]]}},{"type":"Feature","properties":{"osm_id":1417976534,"highway":"service"},"geometry":{"type":"LineString","coordinates":[[-96.8058173,32.7792603],[-96.8057899,32.7791642],[-96.8057241,32.7789347]]}},{"type":"Feature","properties":{"osm_id":1417976535,"highway":"service"},"geometry":{"type":"LineString","coordinates":[[-96.8059972,32.7789718],[-96.8059098,32.7789903],[-96.8058858,32.7789952]]}},{"type":"Feature","properties":{"osm_id":1419719412,"crossing":"uncontrolled","crossing:markings":"ladder:skewed","footway":"crossing","highway":"footway","surface":"asphalt"},"geometry":{"type":"LineString","coordinates":[[-96.7980972,32.7787208],[-96.7980973,32.7786691],[-96.7980925,32.7786205]]}},{"type":"Feature","properties":{"osm_id":1419719414,"footway":"sidewalk","highway":"footway","surface":"paved"},"geometry":{"type":"LineString","coordinates":[[-96.7990376,32.7784833],[-96.7990487,32.7785207]]}},{"type":"Feature","properties":{"osm_id":1419719415,"footway":"sidewalk","highway":"footway","surface":"paving_stones"},"geometry":{"type":"LineString","coordinates":[[-96.7991983,32.7784452],[-96.7992121,32.7784867]]}},{"type":"Feature","properties":{"osm_id":1419719416,"highway":"service","surface":"concrete"},"geometry":{"type":"LineString","coordinates":[[-96.8001018,32.7782357],[-96.8001201,32.7782854],[-96.8001315,32.7783244]]}},{"type":"Feature","properties":{"osm_id":1419719417,"highway":"service","surface":"concrete"},"geometry":{"type":"LineString","coordinates":[[-96.7996578,32.7783323],[-96.7996721,32.7783771],[-96.7996878,32.7784237]]}},{"type":"Feature","properties":{"osm_id":1419719418,"highway":"service","surface":"concrete"},"geometry":{"type":"LineString","coordinates":[[-96.7995966,32.7783365],[-96.7996134,32.7783891],[-96.7996263,32.7784239]]}},{"type":"Feature","properties":{"osm_id":1419736797,"crossing":"uncontrolled","crossing:markings":"ladder","footway":"crossing","highway":"footway"},"geometry":{"type":"LineString","coordinates":[[-96.8019507,32.7784846],[-96.8019545,32.7784973],[-96.8019647,32.7785317],[-96.8019775,32.7785748],[-96.8019851,32.7786004]]}},{"type":"Feature","properties":{"osm_id":1419736798,"highway":"service","oneway":"yes","surface":"paved"},"geometry":{"type":"LineString","coordinates":[[-96.8023841,32.7784441],[-96.8024011,32.7785125],[-96.8024062,32.778533]]}},{"type":"Feature","properties":{"osm_id":1419736799,"highway":"service","surface":"concrete"},"geometry":{"type":"LineString","coordinates":[[-96.8016768,32.7785929],[-96.8016948,32.7786619],[-96.8017001,32.778682]]}},{"type":"Feature","properties":{"osm_id":1419736800,"highway":"service","surface":"concrete"},"geometry":{"type":"LineString","coordinates":[[-96.8016012,32.7786092],[-96.8016197,32.7786778],[-96.8016251,32.7786978]]}},{"type":"Feature","properties":{"osm_id":1419749344,"foot":"use_sidepath","highway":"residential","lane_markings":"yes","lanes":"2","name":"Wood Street","oneway":"no","sidewalk":"separate","surface":"asphalt"},"geometry":{"type":"LineString","coordinates":[[-96.7996578,32.7783323],[-96.7995966,32.7783365],[-96.7994905,32.7783399],[-96.7994384,32.7783489],[-96.7991866,32.7784091],[-96.7991072,32.7784293],[-96.799025,32.7784486],[-96.7985771,32.7785454],[-96.7985507,32.7785529],[-96.7984371,32.7785935],[-96.7984024,32.778603],[-96.7981205,32.7786641]]}},{"type":"Feature","properties":{"osm_id":1419749345,"highway":"service","service":"parking_aisle","surface":"asphalt"},"geometry":{"type":"LineString","coordinates":[[-96.799356,32.7779485],[-96.7994357,32.7781969]]}},{"type":"Feature","properties":{"osm_id":1419749346,"highway":"service","surface":"concrete"},"geometry":{"type":"LineString","coordinates":[[-96.8024884,32.7776301],[-96.8025815,32.7775874]]}},{"type":"Feature","properties":{"osm_id":1419749347,"highway":"service","oneway":"yes"},"geometry":{"type":"LineString","coordinates":[[-96.8054152,32.77677],[-96.8055091,32.7767948],[-96.8055423,32.7767992],[-96.8055668,32.776797],[-96.8058844,32.7767325]]}},{"type":"Feature","properties":{"osm_id":1419749348,"highway":"service","oneway":"yes","surface":"concrete"},"geometry":{"type":"LineString","coordinates":[[-96.8017151,32.7770428],[-96.8017376,32.7769402],[-96.8017535,32.7768537]]}},{"type":"Feature","properties":{"osm_id":1419959612,"crossing":"unmarked","crossing:markings":"no","cycleway":"crossing","highway":"cycleway","oneway":"yes","surface":"paved"},"geometry":{"type":"LineString","coordinates":[[-96.798489,32.7772204],[-96.7985943,32.7772724],[-96.7987002,32.7773193]]}},{"type":"Feature","properties":{"osm_id":1421918141,"footway":"sidewalk","highway":"footway","surface":"paved"},"geometry":{"type":"LineString","coordinates":[[-96.8045864,32.7811854],[-96.8045824,32.7811505]]}},{"type":"Feature","properties":{"osm_id":1421927177,"crossing":"traffic_signals","crossing:markings":"lines;surface","crossing:signals":"yes","footway":"crossing","highway":"footway","surface":"paving_stones"},"geometry":{"type":"LineString","coordinates":[[-96.804555,32.7810387],[-96.8045386,32.7810147]]}},{"type":"Feature","properties":{"osm_id":1421927179,"foot":"use_sidepath","hgv":"designated","highway":"secondary","lanes":"2","name":"Ross Avenue","oneway":"yes","sidewalk":"separate","source:hgv":"Dallas City Code section 28-71"},"geometry":{"type":"LineString","coordinates":[[-96.8052643,32.7819042],[-96.8054032,32.7818705]]}},{"type":"Feature","properties":{"osm_id":1421927180,"crossing":"traffic_signals","crossing:markings":"surface","crossing:signals":"yes","footway":"crossing","highway":"footway","surface":"paving_stones"},"geometry":{"type":"LineString","coordinates":[[-96.8054032,32.7818705],[-96.805462,32.7819218]]}},{"type":"Feature","properties":{"osm_id":1421927181,"foot":"use_sidepath","hgv":"designated","highway":"secondary","lanes":"2","name":"Ross Avenue","oneway":"yes","sidewalk":"separate","source:hgv":"Dallas City Code section 28-71"},"geometry":{"type":"LineString","coordinates":[[-96.8053406,32.7818172],[-96.8052643,32.7819042]]}},{"type":"Feature","properties":{"osm_id":1422276450,"highway":"service","oneway":"yes","surface":"asphalt"},"geometry":{"type":"LineString","coordinates":[[-96.8020511,32.7825315],[-96.8020909,32.7825722],[-96.8022251,32.7827011],[-96.8022478,32.7827343],[-96.8022666,32.7827741],[-96.8022794,32.7828322],[-96.8022883,32.7828687],[-96.802309,32.7829044],[-96.8025568,32.7831201],[-96.8025953,32.783155]]}},{"type":"Feature","properties":{"osm_id":1422356676,"bicycle":"yes","foot":"designated","footway":"sidewalk","highway":"footway","lit":"yes","smoothness":"excellent","surface":"concrete","width":"3.7"},"geometry":{"type":"LineString","coordinates":[[-96.8026955,32.7792352],[-96.8026444,32.7792455],[-96.8017186,32.7794362],[-96.801581,32.7794636]]}},{"type":"Feature","properties":{"osm_id":1422356677,"bicycle":"yes","foot":"designated","footway":"sidewalk","highway":"footway","lit":"yes","smoothness":"excellent","surface":"concrete","width":"3.7"},"geometry":{"type":"LineString","coordinates":[[-96.8027565,32.7798121],[-96.8027522,32.7797492],[-96.8026955,32.7792352]]}},{"type":"Feature","properties":{"osm_id":1422356678,"bicycle":"yes","footway":"sidewalk","highway":"footway","lit":"yes","surface":"concrete","width":"3"},"geometry":{"type":"LineString","coordinates":[[-96.8029694,32.7789749],[-96.8029626,32.7789685],[-96.8029563,32.7789585],[-96.8028073,32.7784619],[-96.8028051,32.7784472],[-96.8028088,32.7784327]]}},{"type":"Feature","properties":{"osm_id":1422356680,"bicycle":"yes","footway":"sidewalk","highway":"footway","smoothness":"excellent","surface":"paved","width":"4"},"geometry":{"type":"LineString","coordinates":[[-96.8018964,32.7801993],[-96.8016427,32.7802516],[-96.8012443,32.7803015]]}},{"type":"Feature","properties":{"osm_id":1422356681,"bicycle":"yes","footway":"sidewalk","highway":"footway","smoothness":"excellent","surface":"paved","width":"4"},"geometry":{"type":"LineString","coordinates":[[-96.8013449,32.7809049],[-96.8014075,32.7808922],[-96.8015196,32.7808205],[-96.8015871,32.7808051],[-96.8021754,32.7806807],[-96.8022324,32.78072],[-96.8022943,32.7807074],[-96.8023913,32.7806875]]}},{"type":"Feature","properties":{"osm_id":1422356682,"bicycle":"yes","footway":"sidewalk","highway":"footway","smoothness":"excellent","surface":"concrete","width":"4"},"geometry":{"type":"LineString","coordinates":[[-96.8022703,32.7801173],[-96.8018964,32.7801993]]}},{"type":"Feature","properties":{"osm_id":1422403688,"highway":"footway","surface":"paved"},"geometry":{"type":"LineString","coordinates":[[-96.7989613,32.7803705],[-96.7989571,32.7803943],[-96.7989417,32.7804267],[-96.7989263,32.7804588],[-96.7989198,32.7805038],[-96.7989226,32.7805491],[-96.7989456,32.7806234]]}},{"type":"Feature","properties":{"osm_id":1422403689,"covered":"yes","highway":"footway","surface":"paved"},"geometry":{"type":"LineString","coordinates":[[-96.7988595,32.7802116],[-96.7988899,32.7802256],[-96.7989154,32.7802426],[-96.7989313,32.780266],[-96.798948,32.7803208]]}},{"type":"Feature","properties":{"osm_id":1422403690,"highway":"footway","surface":"paved"},"geometry":{"type":"LineString","coordinates":[[-96.7988112,32.7801745],[-96.7988375,32.7802001],[-96.7988595,32.7802116]]}},{"type":"Feature","properties":{"osm_id":1422403691,"highway":"footway","incline":"down","surface":"paved"},"geometry":{"type":"LineString","coordinates":[[-96.798948,32.7803208],[-96.7989613,32.7803705]]}},{"type":"Feature","properties":{"osm_id":1422403692,"highway":"footway","surface":"paved"},"geometry":{"type":"LineString","coordinates":[[-96.7989417,32.7804267],[-96.7991207,32.7804573],[-96.7991612,32.7804602],[-96.7991928,32.7804549],[-96.7992188,32.7804389],[-96.799242,32.7804153],[-96.7992631,32.7803992],[-96.7992869,32.7803855],[-96.7993211,32.7803738],[-96.7994105,32.7803536]]}},{"type":"Feature","properties":{"osm_id":1422463857,"bicycle":"yes","footway":"sidewalk","highway":"footway","smoothness":"excellent","surface":"concrete","width":"4"},"geometry":{"type":"LineString","coordinates":[[-96.8027934,32.7799883],[-96.8022791,32.7800963],[-96.8022703,32.7801173]]}},{"type":"Feature","properties":{"osm_id":1422463858,"footway":"sidewalk","highway":"footway"},"geometry":{"type":"LineString","coordinates":[[-96.804181,32.7795026],[-96.804049,32.7795316]]}},{"type":"Feature","properties":{"osm_id":1422463859,"highway":"service","service":"parking_aisle"},"geometry":{"type":"LineString","coordinates":[[-96.804049,32.7795316],[-96.8040734,32.7796223]]}},{"type":"Feature","properties":{"osm_id":1422463860,"highway":"service","service":"parking_aisle"},"geometry":{"type":"LineString","coordinates":[[-96.8040261,32.7794493],[-96.804049,32.7795316]]}},{"type":"Feature","properties":{"osm_id":1422463861,"footway":"sidewalk","highway":"footway","surface":"concrete"},"geometry":{"type":"LineString","coordinates":[[-96.8045295,32.7770484],[-96.80461,32.7770513]]}},{"type":"Feature","properties":{"osm_id":1422463862,"footway":"sidewalk","highway":"footway","surface":"concrete"},"geometry":{"type":"LineString","coordinates":[[-96.80461,32.7770513],[-96.8048671,32.7769989]]}},{"type":"Feature","properties":{"osm_id":1422463863,"footway":"sidewalk","highway":"footway","surface":"concrete","width":"1.8"},"geometry":{"type":"LineString","coordinates":[[-96.8052664,32.7762951],[-96.804702,32.7764162]]}},{"type":"Feature","properties":{"osm_id":1422463864,"crossing":"uncontrolled","crossing:markings":"surface","crossing:signals":"no","footway":"crossing","highway":"footway","surface":"paving_stones"},"geometry":{"type":"LineString","coordinates":[[-96.8045285,32.7772494],[-96.8044425,32.7772637]]}},{"type":"Feature","properties":{"osm_id":1422463865,"highway":"footway","surface":"concrete"},"geometry":{"type":"LineString","coordinates":[[-96.8048938,32.776724],[-96.8047953,32.7767455]]}},{"type":"Feature","properties":{"osm_id":1422463867,"highway":"footway","surface":"concrete"},"geometry":{"type":"LineString","coordinates":[[-96.8048717,32.7766457],[-96.8047732,32.7766675]]}},{"type":"Feature","properties":{"osm_id":1422463869,"highway":"footway","surface":"concrete"},"geometry":{"type":"LineString","coordinates":[[-96.8052966,32.7765517],[-96.805119,32.776591]]}},{"type":"Feature","properties":{"osm_id":1422463871,"highway":"footway","surface":"concrete"},"geometry":{"type":"LineString","coordinates":[[-96.8053073,32.7766336],[-96.8051458,32.7766689]]}},{"type":"Feature","properties":{"osm_id":1422463873,"highway":"footway","surface":"concrete"},"geometry":{"type":"LineString","coordinates":[[-96.8048037,32.7767753],[-96.8047653,32.7767832]]}},{"type":"Feature","properties":{"osm_id":1422463875,"highway":"footway","surface":"concrete"},"geometry":{"type":"LineString","coordinates":[[-96.8047602,32.7766217],[-96.804727,32.7766289]]}},{"type":"Feature","properties":{"osm_id":1422490428,"bicycle":"yes","highway":"footway","surface":"concrete","width":"3"},"geometry":{"type":"LineString","coordinates":[[-96.8029218,32.780463],[-96.8024119,32.7805711]]}},{"type":"Feature","properties":{"osm_id":1422490429,"bicycle":"yes","highway":"footway","surface":"paved","width":"3"},"geometry":{"type":"LineString","coordinates":[[-96.8022799,32.780142],[-96.8027946,32.7800311]]}},{"type":"Feature","properties":{"osm_id":1422490430,"bicycle":"yes","footway":"sidewalk","highway":"footway","smoothness":"excellent","surface":"concrete","width":"4"},"geometry":{"type":"LineString","coordinates":[[-96.8027946,32.7800311],[-96.8027934,32.7799883]]}},{"type":"Feature","properties":{"osm_id":1422490432,"bicycle":"yes","highway":"footway","smoothness":"good","surface":"concrete"},"geometry":{"type":"LineString","coordinates":[[-96.802685,32.7811729],[-96.8027503,32.7813765],[-96.8027597,32.7814048]]}},{"type":"Feature","properties":{"osm_id":1422490433,"bicycle":"yes","footway":"sidewalk","highway":"footway","surface":"concrete"},"geometry":{"type":"LineString","coordinates":[[-96.8025143,32.7808438],[-96.8030121,32.7807325],[-96.8030226,32.7807342]]}},{"type":"Feature","properties":{"osm_id":1423040123,"foot":"use_sidepath","hgv":"designated","highway":"secondary","lanes":"2","name":"Ross Avenue","oneway":"yes","sidewalk":"separate","source:hgv":"Dallas City Code section 28-71","surface":"asphalt"},"geometry":{"type":"LineString","coordinates":[[-96.8067077,32.781405],[-96.8066308,32.7814226],[-96.8060866,32.7815451],[-96.8058658,32.7815954],[-96.8057742,32.7816211],[-96.8056514,32.7816632],[-96.8055114,32.7817259],[-96.8053783,32.7817909],[-96.8053406,32.7818172]]}},{"type":"Feature","properties":{"osm_id":1424693310,"bicycle":"yes","footway":"sidewalk","highway":"footway","smoothness":"excellent","surface":"paving_stones"},"geometry":{"type":"LineString","coordinates":[[-96.7983902,32.7793482],[-96.7983009,32.7793661]]}},{"type":"Feature","properties":{"osm_id":1424693311,"bicycle":"yes","crossing":"traffic_signals","crossing:island":"no","crossing:markings":"ladder","crossing:signals":"yes","footway":"crossing","highway":"footway"},"geometry":{"type":"LineString","coordinates":[[-96.8052874,32.7793733],[-96.8053098,32.7794441]]}},{"type":"Feature","properties":{"osm_id":1424693312,"foot":"use_sidepath","highway":"secondary","lanes":"4","maxspeed":"30 mph","name":"Main Street","oneway":"no","sidewalk":"separate","tiger:cfcc":"A41","tiger:county":"Dallas, TX","tiger:name_base":"Main","tiger:name_type":"St","tiger:reviewed":"no","tiger:zip_left":"75226","tiger:zip_right":"75226"},"geometry":{"type":"LineString","coordinates":[[-96.8051894,32.779394],[-96.8052874,32.7793733]]}},{"type":"Feature","properties":{"osm_id":1424693313,"foot":"use_sidepath","highway":"secondary","lanes":"4","maxspeed":"30 mph","name":"Main Street","oneway":"no","sidewalk":"separate","tiger:cfcc":"A41","tiger:county":"Dallas, TX","tiger:name_base":"Main","tiger:name_type":"St","tiger:reviewed":"no","tiger:zip_left":"75226","tiger:zip_right":"75226"},"geometry":{"type":"LineString","coordinates":[[-96.8051011,32.7794119],[-96.8051894,32.779394]]}},{"type":"Feature","properties":{"osm_id":1424693314,"bicycle":"yes","crossing":"traffic_signals","crossing:island":"no","crossing:markings":"ladder","crossing:signals":"yes","footway":"crossing","highway":"footway"},"geometry":{"type":"LineString","coordinates":[[-96.8051011,32.7794119],[-96.8051219,32.7794816]]}},{"type":"Feature","properties":{"osm_id":1424693315,"footway":"sidewalk","highway":"footway","surface":"concrete"},"geometry":{"type":"LineString","coordinates":[[-96.8044172,32.7802592],[-96.8043839,32.7802662],[-96.8043476,32.780287]]}},{"type":"Feature","properties":{"osm_id":1424693316,"highway":"footway"},"geometry":{"type":"LineString","coordinates":[[-96.8042885,32.7801995],[-96.8043611,32.7801851]]}},{"type":"Feature","properties":{"osm_id":1424693317,"footway":"link","highway":"footway","surface":"paved"},"geometry":{"type":"LineString","coordinates":[[-96.8030305,32.7795747],[-96.8031674,32.7795646]]}},{"type":"Feature","properties":{"osm_id":1424693318,"footway":"link","highway":"footway","surface":"paved"},"geometry":{"type":"LineString","coordinates":[[-96.8032198,32.7796196],[-96.8032485,32.7797099]]}},{"type":"Feature","properties":{"osm_id":1424693319,"footway":"link","highway":"footway","surface":"paved"},"geometry":{"type":"LineString","coordinates":[[-96.8031049,32.7792656],[-96.8030075,32.7792697]]}},{"type":"Feature","properties":{"osm_id":1424693320,"footway":"link","highway":"footway","surface":"paved"},"geometry":{"type":"LineString","coordinates":[[-96.8031306,32.7792223],[-96.8031072,32.7791357]]}},{"type":"Feature","properties":{"osm_id":1424693321,"footway":"link","highway":"footway","surface":"paved"},"geometry":{"type":"LineString","coordinates":[[-96.8038995,32.7790584],[-96.8038795,32.7789697]]}},{"type":"Feature","properties":{"osm_id":1424693322,"footway":"link","highway":"footway","surface":"paved"},"geometry":{"type":"LineString","coordinates":[[-96.8039256,32.7790784],[-96.8040289,32.7790538]]}},{"type":"Feature","properties":{"osm_id":1428256274,"highway":"service","oneway":"yes","service":"drive-through"},"geometry":{"type":"LineString","coordinates":[[-96.8030742,32.7784464],[-96.8030292,32.7784479],[-96.802979,32.7784526],[-96.8029334,32.7784645],[-96.802876,32.7785071]]}},{"type":"Feature","properties":{"osm_id":1431391280,"highway":"footway"},"geometry":{"type":"LineString","coordinates":[[-96.7990394,32.7823252],[-96.7990251,32.7822821]]}},{"type":"Feature","properties":{"osm_id":1431391281,"highway":"footway","lit":"yes","surface":"paving_stones"},"geometry":{"type":"LineString","coordinates":[[-96.7990869,32.7822916],[-96.7990394,32.7823252]]}},{"type":"Feature","properties":{"osm_id":1431391282,"highway":"footway","surface":"paved"},"geometry":{"type":"LineString","coordinates":[[-96.7992044,32.7823604],[-96.7993433,32.7822928],[-96.7993353,32.7822476]]}},{"type":"Feature","properties":{"osm_id":1431391283,"highway":"footway","surface":"paved"},"geometry":{"type":"LineString","coordinates":[[-96.799122,32.7823961],[-96.7991778,32.7823737]]}},{"type":"Feature","properties":{"osm_id":1431391285,"footway":"link","highway":"footway"},"geometry":{"type":"LineString","coordinates":[[-96.7991599,32.7821561],[-96.7991755,32.7822069]]}},{"type":"Feature","properties":{"osm_id":1431391286,"highway":"service"},"geometry":{"type":"LineString","coordinates":[[-96.7996097,32.7821024],[-96.7996004,32.7820679],[-96.7995958,32.7820493]]}},{"type":"Feature","properties":{"osm_id":1431391287,"highway":"service","surface":"paved"},"geometry":{"type":"LineString","coordinates":[[-96.7988399,32.7822803],[-96.7988218,32.7822273],[-96.7988112,32.7821945]]}},{"type":"Feature","properties":{"osm_id":1431391288,"highway":"service","surface":"paved"},"geometry":{"type":"LineString","coordinates":[[-96.7978686,32.782493],[-96.7978529,32.7824332],[-96.7978053,32.7822657]]}},{"type":"Feature","properties":{"osm_id":1434171644,"bicycle":"yes","foot":"designated","footway":"sidewalk","highway":"footway","lit":"yes","smoothness":"excellent","surface":"concrete","width":"3.7"},"geometry":{"type":"LineString","coordinates":[[-96.8026955,32.7792352],[-96.8026973,32.7792164]]}},{"type":"Feature","properties":{"osm_id":1434171645,"bicycle":"yes","foot":"designated","footway":"sidewalk","highway":"footway","lit":"yes","smoothness":"excellent","surface":"concrete","width":"3.7"},"geometry":{"type":"LineString","coordinates":[[-96.801581,32.7794636],[-96.8015319,32.7794738]]}},{"type":"Feature","properties":{"osm_id":1434171646,"footway":"sidewalk","highway":"footway","surface":"concrete"},"geometry":{"type":"LineString","coordinates":[[-96.8015263,32.7792836],[-96.8012489,32.7793416],[-96.8011627,32.7793598],[-96.8010518,32.7793832],[-96.8009712,32.7793998],[-96.8007786,32.7794399]]}},{"type":"Feature","properties":{"osm_id":1434171648,"crossing":"traffic_signals","crossing:markings":"yes","crossing:signals":"yes","footway":"crossing","highway":"footway","lit":"yes"},"geometry":{"type":"LineString","coordinates":[[-96.8006108,32.7794864],[-96.8006927,32.7794637]]}},{"type":"Feature","properties":{"osm_id":1434241035,"highway":"footway"},"geometry":{"type":"LineString","coordinates":[[-96.7954479,32.7807927],[-96.7954028,32.7808383]]}},{"type":"Feature","properties":{"osm_id":1442087162,"footway":"sidewalk","highway":"footway"},"geometry":{"type":"LineString","coordinates":[[-96.8035866,32.7746253],[-96.8035109,32.7746612],[-96.8034882,32.7747133],[-96.8034875,32.7747588],[-96.8035045,32.7747903],[-96.8035318,32.7748295],[-96.8035877,32.7748821],[-96.8036806,32.7751358],[-96.8039068,32.7757115],[-96.8039609,32.7757374]]}},{"type":"Feature","properties":{"osm_id":1442087163,"footway":"sidewalk","highway":"footway"},"geometry":{"type":"LineString","coordinates":[[-96.803502,32.7751891],[-96.8033429,32.7748536],[-96.8033221,32.7748393],[-96.803289,32.7748322],[-96.8032686,32.7748347]]}},{"type":"Feature","properties":{"osm_id":1442087164,"footway":"sidewalk","highway":"footway"},"geometry":{"type":"LineString","coordinates":[[-96.8032686,32.7748347],[-96.8031493,32.7749252],[-96.8030664,32.7750192]]}},{"type":"Feature","properties":{"osm_id":1442270082,"footway":"sidewalk","highway":"footway"},"geometry":{"type":"LineString","coordinates":[[-96.8057566,32.7824759],[-96.8057404,32.7824885]]}},{"type":"Feature","properties":{"osm_id":1442270083,"footway":"sidewalk","highway":"footway"},"geometry":{"type":"LineString","coordinates":[[-96.8058934,32.7823695],[-96.8058831,32.7823775]]}},{"type":"Feature","properties":{"osm_id":1442270084,"crossing":"unmarked","crossing:markings":"no","footway":"crossing","highway":"footway","surface":"paving_stones"},"geometry":{"type":"LineString","coordinates":[[-96.8057282,32.7824769],[-96.805713,32.7824624],[-96.8057064,32.7824562],[-96.805687,32.7824377]]}},{"type":"Feature","properties":{"osm_id":1442270085,"footway":"sidewalk","highway":"footway","surface":"paving_stones"},"geometry":{"type":"LineString","coordinates":[[-96.805687,32.7824377],[-96.8056818,32.7824328]]}},{"type":"Feature","properties":{"osm_id":1442270086,"footway":"sidewalk","highway":"footway"},"geometry":{"type":"LineString","coordinates":[[-96.8052915,32.7828448],[-96.8052946,32.7828423]]}},{"type":"Feature","properties":{"osm_id":1442270087,"footway":"sidewalk","highway":"footway"},"geometry":{"type":"LineString","coordinates":[[-96.8052946,32.7828423],[-96.8052906,32.7828387]]}},{"type":"Feature","properties":{"osm_id":1442270088,"footway":"sidewalk","highway":"footway"},"geometry":{"type":"LineString","coordinates":[[-96.8052478,32.7828005],[-96.8052432,32.7827963]]}},{"type":"Feature","properties":{"osm_id":1442270089,"footway":"sidewalk","highway":"footway"},"geometry":{"type":"LineString","coordinates":[[-96.8051811,32.7828559],[-96.8051764,32.7828517]]}},{"type":"Feature","properties":{"osm_id":1442270090,"footway":"sidewalk","highway":"footway"},"geometry":{"type":"LineString","coordinates":[[-96.8052263,32.7828963],[-96.8052308,32.7828927]]}},{"type":"Feature","properties":{"osm_id":1442270091,"footway":"sidewalk","highway":"footway"},"geometry":{"type":"LineString","coordinates":[[-96.8052263,32.7828963],[-96.8052199,32.7828906]]}},{"type":"Feature","properties":{"osm_id":1442270092,"crossing:markings":"ladder","footway":"sidewalk","highway":"footway"},"geometry":{"type":"LineString","coordinates":[[-96.8057749,32.7832411],[-96.8057688,32.7832356]]}},{"type":"Feature","properties":{"osm_id":1442270093,"crossing:markings":"ladder","footway":"sidewalk","highway":"footway"},"geometry":{"type":"LineString","coordinates":[[-96.8058358,32.7832957],[-96.8058278,32.7832885]]}},{"type":"Feature","properties":{"osm_id":1442270094,"footway":"sidewalk","highway":"footway"},"geometry":{"type":"LineString","coordinates":[[-96.8058229,32.7833065],[-96.8058151,32.7833129]]}},{"type":"Feature","properties":{"osm_id":1442270095,"footway":"sidewalk","highway":"footway"},"geometry":{"type":"LineString","coordinates":[[-96.8057546,32.7833621],[-96.805748,32.7833675]]}},{"type":"Feature","properties":{"osm_id":1442270096,"footway":"sidewalk","highway":"footway"},"geometry":{"type":"LineString","coordinates":[[-96.805748,32.7833675],[-96.805738,32.783361]]}},{"type":"Feature","properties":{"osm_id":1442270107,"footway":"sidewalk","highway":"footway","surface":"paved"},"geometry":{"type":"LineString","coordinates":[[-96.8042977,32.7828429],[-96.8042878,32.7828495]]}},{"type":"Feature","properties":{"osm_id":1442270108,"footway":"sidewalk","highway":"footway","surface":"paved"},"geometry":{"type":"LineString","coordinates":[[-96.8042216,32.7829037],[-96.8042106,32.7829125]]}},{"type":"Feature","properties":{"osm_id":1442270109,"footway":"sidewalk","highway":"footway"},"geometry":{"type":"LineString","coordinates":[[-96.8041523,32.7827],[-96.8041664,32.7826902]]}},{"type":"Feature","properties":{"osm_id":1442270110,"crossing:markings":"ladder","footway":"sidewalk","highway":"footway","surface":"paved"},"geometry":{"type":"LineString","coordinates":[[-96.803831,32.7832355],[-96.8038121,32.7832511]]}},{"type":"Feature","properties":{"osm_id":1442270111,"crossing:markings":"ladder","footway":"sidewalk","highway":"footway"},"geometry":{"type":"LineString","coordinates":[[-96.8042355,32.7835536],[-96.80424,32.78354]]}},{"type":"Feature","properties":{"osm_id":1442270112,"crossing:markings":"ladder","footway":"sidewalk","highway":"footway"},"geometry":{"type":"LineString","coordinates":[[-96.8042171,32.7837442],[-96.804217,32.7837253]]}},{"type":"Feature","properties":{"osm_id":1442270113,"crossing:markings":"ladder","footway":"sidewalk","highway":"footway","surface":"paved"},"geometry":{"type":"LineString","coordinates":[[-96.8042121,32.7837988],[-96.8041965,32.7838072]]}},{"type":"Feature","properties":{"osm_id":1442270114,"crossing:markings":"ladder","footway":"sidewalk","highway":"footway","surface":"paved"},"geometry":{"type":"LineString","coordinates":[[-96.8039247,32.7839541],[-96.803908,32.7839631]]}},{"type":"Feature","properties":{"osm_id":1442285995,"crossing:markings":"ladder","crossing:signals":"yes","footway":"sidewalk","highway":"footway","lit":"yes","surface":"asphalt"},"geometry":{"type":"LineString","coordinates":[[-96.8021518,32.7836282],[-96.8021396,32.7836383]]}},{"type":"Feature","properties":{"osm_id":1442285996,"crossing:island":"no","crossing:markings":"lines","crossing:signals":"yes","footway":"sidewalk","highway":"footway","lit":"yes","surface":"asphalt"},"geometry":{"type":"LineString","coordinates":[[-96.8021518,32.7836282],[-96.8021404,32.7835959]]}},{"type":"Feature","properties":{"osm_id":1442285997,"crossing:markings":"ladder","crossing:signals":"yes","footway":"sidewalk","highway":"footway","lit":"yes","surface":"asphalt"},"geometry":{"type":"LineString","coordinates":[[-96.8019994,32.7837533],[-96.8019882,32.7837625]]}},{"type":"Feature","properties":{"osm_id":1442285998,"crossing:markings":"lines","crossing:signals":"yes","footway":"sidewalk","highway":"footway","lit":"yes","surface":"asphalt"},"geometry":{"type":"LineString","coordinates":[[-96.8019882,32.7837625],[-96.8019732,32.7837483]]}},{"type":"Feature","properties":{"osm_id":1442285999,"crossing:markings":"lines","crossing:signals":"yes","footway":"sidewalk","highway":"footway","lit":"yes","surface":"asphalt"},"geometry":{"type":"LineString","coordinates":[[-96.8019012,32.7836804],[-96.801891,32.7836708]]}},{"type":"Feature","properties":{"osm_id":1442286000,"crossing:markings":"ladder","crossing:signals":"yes","footway":"sidewalk","highway":"footway","lit":"yes","surface":"asphalt"},"geometry":{"type":"LineString","coordinates":[[-96.801891,32.7836708],[-96.8019103,32.7836543]]}},{"type":"Feature","properties":{"osm_id":1442286001,"crossing:island":"no","crossing:markings":"lines","crossing:signals":"yes","footway":"sidewalk","highway":"footway","lit":"yes","surface":"asphalt"},"geometry":{"type":"LineString","coordinates":[[-96.8020875,32.7834465],[-96.8020826,32.7834327]]}},{"type":"Feature","properties":{"osm_id":1442286002,"crossing:markings":"lines","footway":"sidewalk","highway":"footway"},"geometry":{"type":"LineString","coordinates":[[-96.8005233,32.7837041],[-96.8005371,32.7836914]]}},{"type":"Feature","properties":{"osm_id":1442286003,"crossing:markings":"lines","footway":"sidewalk","highway":"footway"},"geometry":{"type":"LineString","coordinates":[[-96.8003922,32.7838241],[-96.800403,32.7838142]]}},{"type":"Feature","properties":{"osm_id":1442286004,"crossing:markings":"surface","footway":"sidewalk","highway":"footway"},"geometry":{"type":"LineString","coordinates":[[-96.8003886,32.7838108],[-96.8003922,32.7838241]]}},{"type":"Feature","properties":{"osm_id":1442286005,"crossing:markings":"surface","footway":"sidewalk","highway":"footway"},"geometry":{"type":"LineString","coordinates":[[-96.8003427,32.7836464],[-96.8003512,32.7836762]]}},{"type":"Feature","properties":{"osm_id":1442286006,"crossing:markings":"surface","footway":"sidewalk","highway":"footway"},"geometry":{"type":"LineString","coordinates":[[-96.8003195,32.783668],[-96.8003427,32.7836464]]}},{"type":"Feature","properties":{"osm_id":1442286007,"crossing:markings":"lines","footway":"sidewalk","highway":"footway"},"geometry":{"type":"LineString","coordinates":[[-96.8003671,32.7836263],[-96.8003561,32.7836345],[-96.8003427,32.7836464]]}},{"type":"Feature","properties":{"osm_id":1442286008,"crossing:markings":"lines","footway":"sidewalk","highway":"footway"},"geometry":{"type":"LineString","coordinates":[[-96.8005001,32.7835315],[-96.8004957,32.7835393]]}},{"type":"Feature","properties":{"osm_id":1442286009,"crossing:markings":"lines","crossing:signals":"yes","footway":"sidewalk","highway":"footway"},"geometry":{"type":"LineString","coordinates":[[-96.8005292,32.783664],[-96.8005235,32.7836443]]}},{"type":"Feature","properties":{"osm_id":1442286010,"crossing:markings":"ladder","footway":"sidewalk","highway":"footway"},"geometry":{"type":"LineString","coordinates":[[-96.8003483,32.7830122],[-96.8003455,32.7830018]]}},{"type":"Feature","properties":{"osm_id":1442286011,"crossing:markings":"ladder","footway":"sidewalk","highway":"footway"},"geometry":{"type":"LineString","coordinates":[[-96.8003273,32.7829315],[-96.8003239,32.782918]]}},{"type":"Feature","properties":{"osm_id":1442286012,"crossing:markings":"ladder","footway":"sidewalk","highway":"footway"},"geometry":{"type":"LineString","coordinates":[[-96.8003203,32.782906],[-96.8003087,32.7829076]]}},{"type":"Feature","properties":{"osm_id":1442286013,"crossing:markings":"ladder","footway":"sidewalk","highway":"footway"},"geometry":{"type":"LineString","coordinates":[[-96.8001067,32.7827889],[-96.8001014,32.7827697]]}},{"type":"Feature","properties":{"osm_id":1442286014,"crossing:markings":"ladder","footway":"sidewalk","highway":"footway"},"geometry":{"type":"LineString","coordinates":[[-96.8001483,32.7829403],[-96.8001453,32.7829295]]}},{"type":"Feature","properties":{"osm_id":1442505589,"crossing:markings":"lines;surface","crossing:signals":"yes","footway":"sidewalk","highway":"footway","surface":"paving_stones"},"geometry":{"type":"LineString","coordinates":[[-96.8059703,32.7759923],[-96.8059635,32.775971]]}},{"type":"Feature","properties":{"osm_id":1442505593,"crossing:markings":"lines;surface","crossing:signals":"yes","footway":"sidewalk","highway":"footway","surface":"paving_stones"},"geometry":{"type":"LineString","coordinates":[[-96.8054167,32.7760862],[-96.8054234,32.7761071]]}},{"type":"Feature","properties":{"osm_id":1442505594,"crossing:markings":"lines;surface","crossing:signals":"yes","footway":"sidewalk","highway":"footway","surface":"paving_stones"},"geometry":{"type":"LineString","coordinates":[[-96.8052664,32.7762951],[-96.8052919,32.7762901]]}},{"type":"Feature","properties":{"osm_id":1442505595,"crossing:markings":"lines;surface","crossing:signals":"yes","footway":"sidewalk","highway":"footway","surface":"paving_stones"},"geometry":{"type":"LineString","coordinates":[[-96.8052664,32.7762951],[-96.8052589,32.7762699]]}},{"type":"Feature","properties":{"osm_id":1442505596,"crossing:markings":"lines;surface","crossing:signals":"yes","footway":"sidewalk","highway":"footway","surface":"paving_stones"},"geometry":{"type":"LineString","coordinates":[[-96.8054423,32.7762583],[-96.8054664,32.7762529]]}},{"type":"Feature","properties":{"osm_id":1442505597,"crossing:markings":"lines;surface","crossing:signals":"yes","footway":"sidewalk","highway":"footway","surface":"paving_stones"},"geometry":{"type":"LineString","coordinates":[[-96.8054609,32.7762327],[-96.8054664,32.7762529]]}},{"type":"Feature","properties":{"osm_id":1442546100,"crossing:markings":"surface","crossing:signals":"yes","footway":"sidewalk","highway":"footway","surface":"paving_stones"},"geometry":{"type":"LineString","coordinates":[[-96.8057188,32.7776025],[-96.8057229,32.7776208]]}},{"type":"Feature","properties":{"osm_id":1442546101,"crossing:markings":"surface","crossing:signals":"yes","footway":"sidewalk","highway":"footway","surface":"paving_stones"},"geometry":{"type":"LineString","coordinates":[[-96.8056809,32.7775955],[-96.8057026,32.7775905]]}},{"type":"Feature","properties":{"osm_id":1442546108,"crossing:markings":"surface","crossing:signals":"yes","footway":"sidewalk","highway":"footway","surface":"paving_stones"},"geometry":{"type":"LineString","coordinates":[[-96.8053597,32.7768977],[-96.8053336,32.7769036]]}},{"type":"Feature","properties":{"osm_id":1442546109,"crossing:markings":"surface","crossing:signals":"yes","footway":"sidewalk","highway":"footway","surface":"paving_stones"},"geometry":{"type":"LineString","coordinates":[[-96.8052885,32.7769317],[-96.8052837,32.7769141]]}},{"type":"Feature","properties":{"osm_id":1442546110,"crossing:markings":"surface","crossing:signals":"yes","footway":"sidewalk","highway":"footway","surface":"paving_stones"},"geometry":{"type":"LineString","coordinates":[[-96.8053137,32.7770833],[-96.8053201,32.7770568]]}},{"type":"Feature","properties":{"osm_id":1442546111,"crossing:markings":"surface","crossing:signals":"yes","footway":"sidewalk","highway":"footway","surface":"paving_stones"},"geometry":{"type":"LineString","coordinates":[[-96.8053137,32.7770833],[-96.8053699,32.7770712]]}},{"type":"Feature","properties":{"osm_id":1442546112,"crossing:markings":"surface","crossing:signals":"yes","footway":"sidewalk","highway":"footway","surface":"paving_stones"},"geometry":{"type":"LineString","coordinates":[[-96.8055388,32.7770354],[-96.8055606,32.7770309]]}},{"type":"Feature","properties":{"osm_id":1442546113,"crossing:markings":"surface","crossing:signals":"yes","footway":"sidewalk","highway":"footway","surface":"paving_stones"},"geometry":{"type":"LineString","coordinates":[[-96.8055606,32.7770309],[-96.8055556,32.7770105]]}},{"type":"Feature","properties":{"osm_id":1442546114,"crossing:markings":"surface","crossing:signals":"yes","footway":"sidewalk","highway":"footway","surface":"paving_stones"},"geometry":{"type":"LineString","coordinates":[[-96.8055229,32.7768766],[-96.8055193,32.7768619]]}},{"type":"Feature","properties":{"osm_id":1442546115,"crossing:markings":"surface","crossing:signals":"yes","footway":"sidewalk","highway":"footway","surface":"paving_stones"},"geometry":{"type":"LineString","coordinates":[[-96.8055193,32.7768619],[-96.8055063,32.7768648]]}},{"type":"Feature","properties":{"osm_id":1442546116,"crossing:markings":"surface","crossing:signals":"yes","footway":"sidewalk","highway":"footway","surface":"paving_stones"},"geometry":{"type":"LineString","coordinates":[[-96.805483,32.7776398],[-96.805523,32.7776311]]}},{"type":"Feature","properties":{"osm_id":1442546117,"crossing:markings":"surface","crossing:signals":"yes","footway":"sidewalk","highway":"footway","surface":"paving_stones"},"geometry":{"type":"LineString","coordinates":[[-96.805483,32.7776398],[-96.8055001,32.7776715]]}},{"type":"Feature","properties":{"osm_id":1442546118,"crossing:markings":"surface","crossing:signals":"yes","footway":"sidewalk","highway":"footway","surface":"paving_stones"},"geometry":{"type":"LineString","coordinates":[[-96.8055399,32.7778075],[-96.8055446,32.7778227]]}},{"type":"Feature","properties":{"osm_id":1442546119,"crossing:markings":"surface","crossing:signals":"yes","footway":"sidewalk","highway":"footway","surface":"paving_stones"},"geometry":{"type":"LineString","coordinates":[[-96.8055827,32.7778287],[-96.8055612,32.7778339]]}},{"type":"Feature","properties":{"osm_id":1442546120,"crossing:markings":"surface","crossing:signals":"yes","footway":"sidewalk","highway":"footway","surface":"paving_stones"},"geometry":{"type":"LineString","coordinates":[[-96.8057634,32.7777889],[-96.8057447,32.7777928]]}},{"type":"Feature","properties":{"osm_id":1442546121,"crossing:markings":"surface","crossing:signals":"yes","footway":"sidewalk","highway":"footway","surface":"paving_stones"},"geometry":{"type":"LineString","coordinates":[[-96.8057554,32.777757],[-96.8057634,32.7777889]]}},{"type":"Feature","properties":{"osm_id":1442561720,"footway":"link","highway":"footway","surface":"concrete"},"geometry":{"type":"LineString","coordinates":[[-96.8059936,32.7792915],[-96.8060015,32.7793181]]}},{"type":"Feature","properties":{"osm_id":1442561723,"bicycle":"yes","crossing:markings":"surface","crossing:signals":"yes","footway":"sidewalk","highway":"footway","surface":"paving_stones"},"geometry":{"type":"LineString","coordinates":[[-96.8059627,32.7791292],[-96.8059442,32.7791332]]}},{"type":"Feature","properties":{"osm_id":1442561724,"footway":"link","highway":"footway","surface":"concrete"},"geometry":{"type":"LineString","coordinates":[[-96.8059442,32.7791332],[-96.8059483,32.7791461]]}},{"type":"Feature","properties":{"osm_id":1442561725,"crossing:markings":"surface","crossing:signals":"yes","footway":"sidewalk","highway":"footway","surface":"paving_stones"},"geometry":{"type":"LineString","coordinates":[[-96.8059807,32.7785357],[-96.8059634,32.7785392]]}},{"type":"Feature","properties":{"osm_id":1442561726,"crossing:markings":"surface","crossing:signals":"yes","footway":"sidewalk","highway":"footway","surface":"paving_stones"},"geometry":{"type":"LineString","coordinates":[[-96.8059845,32.7785006],[-96.8059905,32.7785183]]}},{"type":"Feature","properties":{"osm_id":1442561727,"crossing:markings":"surface","crossing:signals":"yes","footway":"sidewalk","highway":"footway","surface":"paving_stones"},"geometry":{"type":"LineString","coordinates":[[-96.805808,32.7785724],[-96.8057846,32.7785777]]}},{"type":"Feature","properties":{"osm_id":1442561728,"crossing:markings":"surface","crossing:signals":"yes","footway":"sidewalk","highway":"footway","surface":"paving_stones"},"geometry":{"type":"LineString","coordinates":[[-96.8057707,32.7785669],[-96.8057655,32.7785507]]}},{"type":"Feature","properties":{"osm_id":1442561729,"crossing:markings":"surface","crossing:signals":"yes","footway":"sidewalk","highway":"footway","surface":"paving_stones"},"geometry":{"type":"LineString","coordinates":[[-96.8059356,32.7783486],[-96.8059432,32.7783731]]}},{"type":"Feature","properties":{"osm_id":1442561730,"crossing:markings":"surface","crossing:signals":"yes","footway":"sidewalk","highway":"footway","surface":"paving_stones"},"geometry":{"type":"LineString","coordinates":[[-96.8058996,32.7783513],[-96.8059229,32.7783459]]}},{"type":"Feature","properties":{"osm_id":1442561731,"crossing:markings":"surface","crossing:signals":"yes","footway":"sidewalk","highway":"footway","surface":"paving_stones"},"geometry":{"type":"LineString","coordinates":[[-96.8057242,32.778391],[-96.8057538,32.7783846]]}},{"type":"Feature","properties":{"osm_id":1442561732,"crossing:markings":"surface","crossing:signals":"yes","footway":"sidewalk","highway":"footway","surface":"paving_stones"},"geometry":{"type":"LineString","coordinates":[[-96.805726,32.7784207],[-96.8057195,32.7783979]]}},{"type":"Feature","properties":{"osm_id":1442561746,"crossing:markings":"ladder","crossing:signals":"yes","footway":"sidewalk","highway":"footway"},"geometry":{"type":"LineString","coordinates":[[-96.8048875,32.7813105],[-96.8048767,32.7813203]]}},{"type":"Feature","properties":{"osm_id":1442561747,"footway":"link","highway":"footway","surface":"paved"},"geometry":{"type":"LineString","coordinates":[[-96.8046447,32.7813835],[-96.8046404,32.7813736]]}},{"type":"Feature","properties":{"osm_id":1442561748,"crossing:markings":"lines;surface","crossing:signals":"yes","footway":"sidewalk","highway":"footway","surface":"paving_stones"},"geometry":{"type":"LineString","coordinates":[[-96.8047966,32.7809893],[-96.8047948,32.7809829]]}},{"type":"Feature","properties":{"osm_id":1442561749,"crossing:markings":"lines;surface","crossing:signals":"yes","footway":"sidewalk","highway":"footway","surface":"paving_stones"},"geometry":{"type":"LineString","coordinates":[[-96.8047932,32.7809771],[-96.8047816,32.7809784]]}},{"type":"Feature","properties":{"osm_id":1442561750,"crossing:markings":"lines;surface","crossing:signals":"yes","footway":"sidewalk","highway":"footway","surface":"paving_stones"},"geometry":{"type":"LineString","coordinates":[[-96.8045386,32.7810147],[-96.8045333,32.7810068]]}},{"type":"Feature","properties":{"osm_id":1442561751,"crossing:markings":"lines;surface","crossing:signals":"yes","footway":"sidewalk","highway":"footway","surface":"paving_stones"},"geometry":{"type":"LineString","coordinates":[[-96.8045485,32.7810051],[-96.8045333,32.7810068]]}},{"type":"Feature","properties":{"osm_id":1442561752,"footway":"link","highway":"footway","name":"Pacific Avenue","surface":"concrete"},"geometry":{"type":"LineString","coordinates":[[-96.8045824,32.7811505],[-96.8045967,32.781148]]}},{"type":"Feature","properties":{"osm_id":1442561753,"footway":"link","highway":"footway","surface":"concrete"},"geometry":{"type":"LineString","coordinates":[[-96.8045824,32.7811505],[-96.8045782,32.7811338]]}},{"type":"Feature","properties":{"osm_id":1442561754,"bicycle":"yes","crossing:island":"no","crossing:markings":"lines;surface","crossing:signals":"yes","footway":"sidewalk","highway":"footway","surface":"asphalt"},"geometry":{"type":"LineString","coordinates":[[-96.8046127,32.7802204],[-96.8046163,32.7802311]]}},{"type":"Feature","properties":{"osm_id":1442561755,"bicycle":"yes","crossing:island":"no","crossing:markings":"lines;surface","crossing:signals":"yes","footway":"sidewalk","highway":"footway","surface":"asphalt"},"geometry":{"type":"LineString","coordinates":[[-96.8046127,32.7802204],[-96.8045951,32.780224]]}},{"type":"Feature","properties":{"osm_id":1442561756,"bicycle":"yes","crossing:island":"no","crossing:markings":"ladder","crossing:signals":"yes","footway":"sidewalk","highway":"footway"},"geometry":{"type":"LineString","coordinates":[[-96.8053454,32.7800823],[-96.8053386,32.7800597]]}},{"type":"Feature","properties":{"osm_id":1442561757,"bicycle":"yes","crossing:island":"no","crossing:markings":"ladder","crossing:signals":"yes","footway":"sidewalk","highway":"footway"},"geometry":{"type":"LineString","coordinates":[[-96.8054853,32.780048],[-96.8054794,32.7800283]]}},{"type":"Feature","properties":{"osm_id":1442561758,"bicycle":"yes","footway":"link","highway":"footway","surface":"concrete"},"geometry":{"type":"LineString","coordinates":[[-96.8053098,32.7794441],[-96.8053148,32.7794599]]}},{"type":"Feature","properties":{"osm_id":1442561759,"bicycle":"yes","footway":"link","highway":"footway","surface":"concrete"},"geometry":{"type":"LineString","coordinates":[[-96.8051219,32.7794816],[-96.8051277,32.779501]]}},{"type":"Feature","properties":{"osm_id":1442561760,"crossing:markings":"ladder","crossing:signals":"yes","footway":"sidewalk","highway":"footway"},"geometry":{"type":"LineString","coordinates":[[-96.804669,32.7779937],[-96.8046754,32.7780118]]}},{"type":"Feature","properties":{"osm_id":1442561761,"crossing:markings":"ladder","crossing:signals":"yes","footway":"sidewalk","highway":"footway"},"geometry":{"type":"LineString","coordinates":[[-96.8048663,32.7779473],[-96.804872,32.7779658]]}},{"type":"Feature","properties":{"osm_id":1442561762,"crossing:markings":"ladder","crossing:signals":"yes","footway":"sidewalk","highway":"footway"},"geometry":{"type":"LineString","coordinates":[[-96.8048154,32.7777892],[-96.8048231,32.7778123]]}},{"type":"Feature","properties":{"osm_id":1442561763,"crossing:markings":"ladder","crossing:signals":"yes","footway":"sidewalk","highway":"footway"},"geometry":{"type":"LineString","coordinates":[[-96.804782,32.7777959],[-96.804773,32.7777981]]}},{"type":"Feature","properties":{"osm_id":1442561764,"crossing:markings":"ladder","crossing:signals":"yes","footway":"sidewalk","highway":"footway"},"geometry":{"type":"LineString","coordinates":[[-96.8046236,32.7778491],[-96.804626,32.7778579]]}},{"type":"Feature","properties":{"osm_id":1442561765,"crossing:markings":"ladder","crossing:signals":"yes","footway":"sidewalk","highway":"footway"},"geometry":{"type":"LineString","coordinates":[[-96.8046319,32.7778316],[-96.8046189,32.7778347]]}},{"type":"Feature","properties":{"osm_id":1442561766,"footway":"link","highway":"footway","surface":"concrete"},"geometry":{"type":"LineString","coordinates":[[-96.80461,32.7770513],[-96.8046149,32.7770724]]}},{"type":"Feature","properties":{"osm_id":1442561767,"footway":"link","highway":"footway","surface":"concrete"},"geometry":{"type":"LineString","coordinates":[[-96.8046498,32.7771972],[-96.8046571,32.7772253]]}},{"type":"Feature","properties":{"osm_id":1442561768,"crossing":"uncontrolled","crossing:markings":"surface","crossing:signals":"no","footway":"crossing","highway":"footway","surface":"paving_stones"},"geometry":{"type":"LineString","coordinates":[[-96.8046005,32.7772365],[-96.8045285,32.7772494]]}},{"type":"Feature","properties":{"osm_id":1442561769,"footway":"link","highway":"footway","surface":"concrete"},"geometry":{"type":"LineString","coordinates":[[-96.8043959,32.7771199],[-96.8043906,32.7771015]]}},{"type":"Feature","properties":{"osm_id":1442750661,"crossing:markings":"ladder","footway":"sidewalk","highway":"footway","surface":"asphalt"},"geometry":{"type":"LineString","coordinates":[[-96.8042161,32.7788986],[-96.8042061,32.7789001]]}},{"type":"Feature","properties":{"osm_id":1442750662,"crossing:markings":"ladder","footway":"sidewalk","highway":"footway","surface":"asphalt"},"geometry":{"type":"LineString","coordinates":[[-96.8042273,32.778881],[-96.804232,32.7788943]]}},{"type":"Feature","properties":{"osm_id":1442750663,"crossing:markings":"ladder","footway":"sidewalk","highway":"footway","surface":"asphalt"},"geometry":{"type":"LineString","coordinates":[[-96.8041546,32.7787335],[-96.8041661,32.7787308]]}},{"type":"Feature","properties":{"osm_id":1442750664,"crossing:markings":"ladder","footway":"sidewalk","highway":"footway","surface":"asphalt"},"geometry":{"type":"LineString","coordinates":[[-96.8041758,32.7787284],[-96.8041787,32.7787375]]}},{"type":"Feature","properties":{"osm_id":1442750665,"crossing:markings":"ladder","footway":"sidewalk","highway":"footway","surface":"asphalt"},"geometry":{"type":"LineString","coordinates":[[-96.8039548,32.778792],[-96.8039496,32.778774]]}},{"type":"Feature","properties":{"osm_id":1442750666,"crossing:markings":"ladder","footway":"sidewalk","highway":"footway","surface":"asphalt"},"geometry":{"type":"LineString","coordinates":[[-96.8039496,32.778774],[-96.8039812,32.7787687]]}},{"type":"Feature","properties":{"osm_id":1442750667,"crossing:markings":"ladder","crossing:signals":"yes","footway":"sidewalk","highway":"footway","surface":"asphalt"},"geometry":{"type":"LineString","coordinates":[[-96.8039709,32.7781734],[-96.8039406,32.77818]]}},{"type":"Feature","properties":{"osm_id":1442750668,"crossing:markings":"ladder","crossing:signals":"yes","footway":"sidewalk","highway":"footway","surface":"asphalt"},"geometry":{"type":"LineString","coordinates":[[-96.8039696,32.7781234],[-96.8039805,32.778157]]}},{"type":"Feature","properties":{"osm_id":1442750669,"crossing:markings":"ladder","crossing:signals":"yes","footway":"sidewalk","highway":"footway","surface":"asphalt"},"geometry":{"type":"LineString","coordinates":[[-96.8038241,32.7782054],[-96.8038073,32.7782091]]}},{"type":"Feature","properties":{"osm_id":1442750670,"crossing:markings":"ladder","crossing:signals":"yes","footway":"sidewalk","highway":"footway","surface":"asphalt"},"geometry":{"type":"LineString","coordinates":[[-96.8037812,32.7781964],[-96.803777,32.7781824]]}},{"type":"Feature","properties":{"osm_id":1442750671,"crossing:markings":"ladder","crossing:signals":"yes","footway":"sidewalk","highway":"footway","surface":"asphalt"},"geometry":{"type":"LineString","coordinates":[[-96.8037493,32.7780886],[-96.8037431,32.7780676]]}},{"type":"Feature","properties":{"osm_id":1442750672,"crossing:markings":"ladder","crossing:signals":"yes","footway":"sidewalk","highway":"footway","surface":"asphalt"},"geometry":{"type":"LineString","coordinates":[[-96.8037786,32.7780335],[-96.8037653,32.7780383]]}},{"type":"Feature","properties":{"osm_id":1442750673,"crossing:markings":"ladder","crossing:signals":"yes","footway":"sidewalk","highway":"footway","surface":"asphalt"},"geometry":{"type":"LineString","coordinates":[[-96.8039113,32.7779853],[-96.803901,32.777989]]}},{"type":"Feature","properties":{"osm_id":1442750674,"crossing:markings":"ladder","crossing:signals":"yes","footway":"sidewalk","highway":"footway","surface":"asphalt"},"geometry":{"type":"LineString","coordinates":[[-96.8039281,32.7779958],[-96.8039323,32.7780086]]}},{"type":"Feature","properties":{"osm_id":1442750675,"crossing:markings":"surface","crossing:signals":"yes","footway":"sidewalk","highway":"footway","surface":"paving_stones"},"geometry":{"type":"LineString","coordinates":[[-96.8035727,32.77745],[-96.8035551,32.7774539]]}},{"type":"Feature","properties":{"osm_id":1442750676,"crossing:markings":"surface","crossing:signals":"yes","footway":"sidewalk","highway":"footway","surface":"paving_stones"},"geometry":{"type":"LineString","coordinates":[[-96.8035094,32.7773288],[-96.8035204,32.7773598]]}},{"type":"Feature","properties":{"osm_id":1442750677,"crossing:markings":"surface","crossing:signals":"yes","footway":"sidewalk","highway":"footway","lit":"yes","surface":"paving_stones"},"geometry":{"type":"LineString","coordinates":[[-96.8035529,32.7766578],[-96.8035416,32.7766602]]}},{"type":"Feature","properties":{"osm_id":1442750678,"crossing:markings":"surface","crossing:signals":"yes","footway":"sidewalk","highway":"footway","lit":"yes","surface":"paving_stones"},"geometry":{"type":"LineString","coordinates":[[-96.8035586,32.7766562],[-96.8035524,32.7766356]]}},{"type":"Feature","properties":{"osm_id":1442750685,"crossing:markings":"no","crossing:signals":"yes","footway":"sidewalk","highway":"footway","lit":"yes","surface":"concrete"},"geometry":{"type":"LineString","coordinates":[[-96.8015488,32.7751506],[-96.8015562,32.775177]]}},{"type":"Feature","properties":{"osm_id":1442750686,"crossing:markings":"surface","footway":"sidewalk","highway":"footway","lit":"yes","surface":"paving_stones"},"geometry":{"type":"LineString","coordinates":[[-96.8025157,32.7771214],[-96.8024815,32.7770847]]}},{"type":"Feature","properties":{"osm_id":1442750687,"crossing:markings":"lines;surface","crossing:signals":"yes","footway":"sidewalk","highway":"footway"},"geometry":{"type":"LineString","coordinates":[[-96.8025561,32.777482],[-96.8025267,32.7774969]]}},{"type":"Feature","properties":{"osm_id":1442750688,"crossing:markings":"lines;surface","crossing:signals":"yes","footway":"sidewalk","highway":"footway"},"geometry":{"type":"LineString","coordinates":[[-96.8025769,32.7777399],[-96.8026244,32.7777312]]}},{"type":"Feature","properties":{"osm_id":1442750689,"crossing:markings":"lines;surface","crossing:signals":"yes","footway":"sidewalk","highway":"footway"},"geometry":{"type":"LineString","coordinates":[[-96.8022534,32.7776353],[-96.8022353,32.7776445]]}},{"type":"Feature","properties":{"osm_id":1442750690,"crossing:island":"no","crossing:markings":"lines;surface","crossing:signals":"yes","footway":"sidewalk","highway":"footway"},"geometry":{"type":"LineString","coordinates":[[-96.8022353,32.7776445],[-96.8022422,32.7776685]]}},{"type":"Feature","properties":{"osm_id":1442750691,"crossing:markings":"lines;surface","crossing:signals":"yes","footway":"sidewalk","highway":"footway"},"geometry":{"type":"LineString","coordinates":[[-96.8022858,32.7778061],[-96.8023117,32.7778]]}},{"type":"Feature","properties":{"osm_id":1442750692,"crossing:island":"no","crossing:markings":"lines;surface","crossing:signals":"yes","footway":"sidewalk","highway":"footway"},"geometry":{"type":"LineString","coordinates":[[-96.8022782,32.7777838],[-96.8022858,32.7778061]]}},{"type":"Feature","properties":{"osm_id":1442750693,"crossing:markings":"lines;surface","crossing:signals":"yes","footway":"sidewalk","highway":"footway"},"geometry":{"type":"LineString","coordinates":[[-96.8028088,32.7784327],[-96.802803,32.7784116]]}},{"type":"Feature","properties":{"osm_id":1442750694,"crossing:markings":"lines;surface","crossing:signals":"yes","footway":"sidewalk","highway":"footway"},"geometry":{"type":"LineString","coordinates":[[-96.8027745,32.7783083],[-96.8027696,32.7782906]]}},{"type":"Feature","properties":{"osm_id":1442750695,"crossing:markings":"lines;surface","crossing:signals":"yes","footway":"sidewalk","highway":"footway"},"geometry":{"type":"LineString","coordinates":[[-96.8027456,32.7782964],[-96.8027696,32.7782906]]}},{"type":"Feature","properties":{"osm_id":1442750696,"crossing:markings":"lines;surface","crossing:signals":"yes","footway":"sidewalk","highway":"footway"},"geometry":{"type":"LineString","coordinates":[[-96.8027866,32.7784369],[-96.8028088,32.7784327]]}},{"type":"Feature","properties":{"osm_id":1442750697,"crossing:markings":"lines;surface","crossing:signals":"yes","footway":"sidewalk","highway":"footway"},"geometry":{"type":"LineString","coordinates":[[-96.8025012,32.7784913],[-96.8025223,32.7784873]]}},{"type":"Feature","properties":{"osm_id":1442750698,"crossing:markings":"lines;surface","crossing:signals":"yes","footway":"sidewalk","highway":"footway"},"geometry":{"type":"LineString","coordinates":[[-96.8024944,32.7784716],[-96.8025012,32.7784913]]}},{"type":"Feature","properties":{"osm_id":1442750699,"crossing:markings":"lines;surface","crossing:signals":"yes","footway":"sidewalk","highway":"footway"},"geometry":{"type":"LineString","coordinates":[[-96.8024575,32.7783655],[-96.8024651,32.7783873]]}},{"type":"Feature","properties":{"osm_id":1442750700,"crossing:markings":"lines;surface","crossing:signals":"yes","footway":"sidewalk","highway":"footway"},"geometry":{"type":"LineString","coordinates":[[-96.8024575,32.7783655],[-96.8024778,32.7783606]]}},{"type":"Feature","properties":{"osm_id":1442750701,"crossing:markings":"lines","crossing:signals":"yes","footway":"sidewalk","highway":"footway"},"geometry":{"type":"LineString","coordinates":[[-96.8029963,32.7791416],[-96.8029991,32.7791589]]}},{"type":"Feature","properties":{"osm_id":1442750702,"crossing:markings":"lines","crossing:signals":"yes","footway":"sidewalk","highway":"footway"},"geometry":{"type":"LineString","coordinates":[[-96.8029991,32.7791589],[-96.8029749,32.7791635]]}},{"type":"Feature","properties":{"osm_id":1442750703,"crossing:markings":"lines","crossing:signals":"yes","footway":"sidewalk","highway":"footway"},"geometry":{"type":"LineString","coordinates":[[-96.8029694,32.7789749],[-96.8029721,32.7789916]]}},{"type":"Feature","properties":{"osm_id":1442750704,"crossing:markings":"lines","crossing:signals":"yes","footway":"sidewalk","highway":"footway"},"geometry":{"type":"LineString","coordinates":[[-96.8029425,32.7789803],[-96.8029694,32.7789749]]}},{"type":"Feature","properties":{"osm_id":1442750705,"crossing:markings":"lines","crossing:signals":"yes","footway":"sidewalk","highway":"footway"},"geometry":{"type":"LineString","coordinates":[[-96.8026618,32.779037],[-96.8026779,32.7790338]]}},{"type":"Feature","properties":{"osm_id":1442750706,"crossing:markings":"lines","crossing:signals":"yes","footway":"sidewalk","highway":"footway","lit":"no","surface":"paving_stones"},"geometry":{"type":"LineString","coordinates":[[-96.8026651,32.7790535],[-96.8026618,32.779037]]}},{"type":"Feature","properties":{"osm_id":1442750707,"crossing:island":"no","crossing:markings":"surface","crossing:signals":"yes","footway":"sidewalk","highway":"footway","surface":"paving_stones"},"geometry":{"type":"LineString","coordinates":[[-96.8038429,32.7822191],[-96.8038292,32.7822302]]}},{"type":"Feature","properties":{"osm_id":1442750708,"crossing:markings":"surface","crossing:signals":"yes","footway":"sidewalk","highway":"footway","surface":"paving_stones"},"geometry":{"type":"LineString","coordinates":[[-96.8038387,32.7821937],[-96.8038455,32.7822046]]}},{"type":"Feature","properties":{"osm_id":1442750709,"crossing:markings":"surface","crossing:signals":"yes","footway":"sidewalk","highway":"footway","surface":"paving_stones"},"geometry":{"type":"LineString","coordinates":[[-96.8037705,32.7820841],[-96.8037792,32.782098]]}},{"type":"Feature","properties":{"osm_id":1442750710,"crossing:markings":"lines","crossing:signals":"no","footway":"sidewalk","highway":"footway"},"geometry":{"type":"LineString","coordinates":[[-96.8032734,32.7817375],[-96.8032712,32.7817271]]}},{"type":"Feature","properties":{"osm_id":1442776971,"crossing:island":"no","crossing:markings":"ladder","crossing:signals":"no","footway":"sidewalk","highway":"footway","surface":"asphalt"},"geometry":{"type":"LineString","coordinates":[[-96.8024346,32.7808445],[-96.8024389,32.7808598]]}},{"type":"Feature","properties":{"osm_id":1442776972,"crossing:markings":"ladder","crossing:signals":"yes","footway":"sidewalk","highway":"footway","lit":"no","surface":"asphalt"},"geometry":{"type":"LineString","coordinates":[[-96.8011804,32.7811183],[-96.8011399,32.7811259]]}},{"type":"Feature","properties":{"osm_id":1442776973,"crossing:markings":"ladder","crossing:signals":"yes","footway":"sidewalk","highway":"footway","lit":"yes","surface":"asphalt"},"geometry":{"type":"LineString","coordinates":[[-96.8011399,32.7811259],[-96.8011322,32.7810995]]}},{"type":"Feature","properties":{"osm_id":1442776974,"footway":"sidewalk","highway":"footway","lit":"no","surface":"paved"},"geometry":{"type":"LineString","coordinates":[[-96.8013986,32.781075],[-96.8013882,32.7810772]]}},{"type":"Feature","properties":{"osm_id":1442776975,"bicycle":"yes","footway":"sidewalk","highway":"footway","lit":"yes","surface":"paved"},"geometry":{"type":"LineString","coordinates":[[-96.8013986,32.781075],[-96.8013946,32.7810622]]}},{"type":"Feature","properties":{"osm_id":1442776976,"bicycle":"yes","footway":"sidewalk","highway":"footway","lit":"yes","surface":"concrete"},"geometry":{"type":"LineString","coordinates":[[-96.8013511,32.7809247],[-96.8013449,32.7809049]]}},{"type":"Feature","properties":{"osm_id":1442776977,"bicycle":"yes","footway":"sidewalk","highway":"footway","surface":"paved","width":"5"},"geometry":{"type":"LineString","coordinates":[[-96.8015807,32.7816799],[-96.8015723,32.7816509]]}},{"type":"Feature","properties":{"osm_id":1442776978,"bicycle":"yes","crossing:markings":"surface","crossing:signals":"yes","footway":"sidewalk","highway":"footway","lit":"yes","surface":"paved"},"geometry":{"type":"LineString","coordinates":[[-96.8015723,32.7816509],[-96.8015573,32.7816539]]}},{"type":"Feature","properties":{"osm_id":1442776979,"bicycle":"yes","crossing:markings":"surface","crossing:signals":"yes","footway":"sidewalk","highway":"footway","lit":"yes","surface":"paved"},"geometry":{"type":"LineString","coordinates":[[-96.801341,32.7816969],[-96.8013151,32.7817021]]}},{"type":"Feature","properties":{"osm_id":1442776980,"bicycle":"yes","crossing:markings":"surface","crossing:signals":"yes","footway":"sidewalk","highway":"footway","lit":"yes","surface":"paved"},"geometry":{"type":"LineString","coordinates":[[-96.8016232,32.7818207],[-96.801621,32.7818133]]}},{"type":"Feature","properties":{"osm_id":1442776981,"bicycle":"yes","crossing:markings":"surface","crossing:signals":"yes","footway":"sidewalk","highway":"footway","lit":"yes","surface":"paved"},"geometry":{"type":"LineString","coordinates":[[-96.8016126,32.7818336],[-96.8016004,32.7818362]]}},{"type":"Feature","properties":{"osm_id":1442776982,"bicycle":"yes","crossing:markings":"surface","crossing:signals":"yes","footway":"sidewalk","highway":"footway","lit":"yes","surface":"paved"},"geometry":{"type":"LineString","coordinates":[[-96.8014219,32.7818714],[-96.8014117,32.7818735]]}},{"type":"Feature","properties":{"osm_id":1442776983,"footway":"sidewalk","highway":"footway","lit":"yes","surface":"concrete"},"geometry":{"type":"LineString","coordinates":[[-96.801503,32.7821976],[-96.8014991,32.7821838],[-96.8014951,32.7821699],[-96.8014117,32.7818735],[-96.8014018,32.7818421]]}},{"type":"Feature","properties":{"osm_id":1442776984,"crossing":"uncontrolled","crossing:markings":"yes","footway":"crossing","highway":"footway","lit":"yes","surface":"concrete"},"geometry":{"type":"LineString","coordinates":[[-96.8015276,32.7822775],[-96.801513,32.7822325],[-96.801503,32.7821976]]}},{"type":"Feature","properties":{"osm_id":1442776985,"crossing:markings":"ladder","crossing:signals":"no","footway":"sidewalk","highway":"footway","lit":"yes","surface":"asphalt"},"geometry":{"type":"LineString","coordinates":[[-96.801513,32.7821657],[-96.8014951,32.7821699]]}},{"type":"Feature","properties":{"osm_id":1442776986,"crossing:markings":"ladder","crossing:signals":"no","footway":"sidewalk","highway":"footway","lit":"yes","surface":"asphalt"},"geometry":{"type":"LineString","coordinates":[[-96.8017114,32.7821191],[-96.8016823,32.7821259]]}},{"type":"Feature","properties":{"osm_id":1442776987,"bicycle":"yes","footway":"sidewalk","highway":"footway","surface":"concrete"},"geometry":{"type":"LineString","coordinates":[[-96.801581,32.7794636],[-96.8015716,32.7794325]]}},{"type":"Feature","properties":{"osm_id":1442776988,"bicycle":"yes","footway":"sidewalk","highway":"footway","surface":"concrete"},"geometry":{"type":"LineString","coordinates":[[-96.8015337,32.7793075],[-96.8015263,32.7792836]]}},{"type":"Feature","properties":{"osm_id":1442776989,"bicycle":"yes","button_operated":"no","crossing:island":"no","crossing:markings":"ladder","footway":"sidewalk","highway":"footway","surface":"asphalt","traffic_signals:sound":"no"},"geometry":{"type":"LineString","coordinates":[[-96.8017705,32.78004],[-96.8017558,32.7800166]]}},{"type":"Feature","properties":{"osm_id":1442776990,"bicycle":"yes","button_operated":"no","crossing:island":"no","crossing:markings":"ladder","footway":"sidewalk","highway":"footway","traffic_signals:sound":"no"},"geometry":{"type":"LineString","coordinates":[[-96.801592,32.78008],[-96.8015859,32.7800595]]}},{"type":"Feature","properties":{"osm_id":1442776991,"bicycle":"yes","button_operated":"no","crossing:island":"no","crossing:markings":"ladder","footway":"sidewalk","highway":"footway","traffic_signals:sound":"no"},"geometry":{"type":"LineString","coordinates":[[-96.8016427,32.7802516],[-96.8016321,32.7802154]]}},{"type":"Feature","properties":{"osm_id":1442776992,"bicycle":"yes","button_operated":"no","crossing:island":"no","crossing:markings":"ladder","footway":"sidewalk","highway":"footway","surface":"asphalt","traffic_signals:sound":"no"},"geometry":{"type":"LineString","coordinates":[[-96.8018964,32.7801993],[-96.8018694,32.7801769]]}},{"type":"Feature","properties":{"osm_id":1442776993,"crossing:markings":"lines","footway":"sidewalk","highway":"footway","surface":"paving_stones"},"geometry":{"type":"LineString","coordinates":[[-96.8004371,32.7789134],[-96.8004411,32.7789288]]}},{"type":"Feature","properties":{"osm_id":1442776994,"crossing:markings":"ladder","footway":"sidewalk","highway":"footway","surface":"concrete"},"geometry":{"type":"LineString","coordinates":[[-96.8006019,32.7788935],[-96.8005885,32.7788964]]}},{"type":"Feature","properties":{"osm_id":1442776995,"crossing:markings":"ladder","footway":"sidewalk","highway":"footway"},"geometry":{"type":"LineString","coordinates":[[-96.8004609,32.7789245],[-96.8004411,32.7789288]]}},{"type":"Feature","properties":{"osm_id":1442776996,"crossing:markings":"lines","footway":"sidewalk","highway":"footway","surface":"paving_stones"},"geometry":{"type":"LineString","coordinates":[[-96.8004343,32.7789037],[-96.8004371,32.7789134]]}},{"type":"Feature","properties":{"osm_id":1442776997,"crossing:markings":"no","footway":"sidewalk","highway":"footway","surface":"concrete"},"geometry":{"type":"LineString","coordinates":[[-96.8005958,32.7788729],[-96.8006019,32.7788935]]}},{"type":"Feature","properties":{"osm_id":1442776998,"crossing:markings":"no","footway":"sidewalk","highway":"footway"},"geometry":{"type":"LineString","coordinates":[[-96.8005637,32.7787704],[-96.8005687,32.7787857]]}},{"type":"Feature","properties":{"osm_id":1442776999,"crossing:markings":"ladder","footway":"sidewalk","highway":"footway"},"geometry":{"type":"LineString","coordinates":[[-96.8005467,32.7787741],[-96.8005637,32.7787704]]}},{"type":"Feature","properties":{"osm_id":1442777000,"crossing:markings":"ladder","footway":"sidewalk","highway":"footway","surface":"paving_stones"},"geometry":{"type":"LineString","coordinates":[[-96.8004036,32.7788056],[-96.8004208,32.7788018]]}},{"type":"Feature","properties":{"osm_id":1442777001,"crossing:markings":"lines","footway":"sidewalk","highway":"footway","surface":"paving_stones"},"geometry":{"type":"LineString","coordinates":[[-96.8004036,32.7788056],[-96.8004077,32.7788178]]}},{"type":"Feature","properties":{"osm_id":1442777002,"crossing:island":"yes","crossing:markings":"surface","crossing:signals":"yes","footway":"sidewalk","highway":"footway","lit":"yes","surface":"paving_stones"},"geometry":{"type":"LineString","coordinates":[[-96.7998675,32.7772249],[-96.7998645,32.7772145]]}},{"type":"Feature","properties":{"osm_id":1442777003,"crossing:island":"yes","crossing:markings":"surface","crossing:signals":"yes","footway":"sidewalk","highway":"footway","lit":"yes","surface":"paving_stones"},"geometry":{"type":"LineString","coordinates":[[-96.7997933,32.7769564],[-96.7997904,32.7769434]]}},{"type":"Feature","properties":{"osm_id":1442777004,"crossing:markings":"surface","crossing:signals":"yes","footway":"sidewalk","highway":"footway","lit":"yes","surface":"paving_stones"},"geometry":{"type":"LineString","coordinates":[[-96.8000222,32.777211],[-96.8000058,32.7772153]]}},{"type":"Feature","properties":{"osm_id":1442777005,"crossing:markings":"surface","crossing:signals":"yes","footway":"sidewalk","highway":"footway","lit":"yes","surface":"paving_stones"},"geometry":{"type":"LineString","coordinates":[[-96.8001473,32.77718],[-96.8001371,32.7771824]]}},{"type":"Feature","properties":{"osm_id":1442777006,"crossing:markings":"surface","crossing:signals":"yes","footway":"sidewalk","highway":"footway","lit":"yes","surface":"paving_stones"},"geometry":{"type":"LineString","coordinates":[[-96.8001584,32.7771468],[-96.8001636,32.7771622]]}},{"type":"Feature","properties":{"osm_id":1442777007,"crossing:markings":"surface","crossing:signals":"yes","footway":"sidewalk","highway":"footway","lit":"yes","surface":"paving_stones"},"geometry":{"type":"LineString","coordinates":[[-96.800068,32.776871],[-96.8000709,32.7768839]]}},{"type":"Feature","properties":{"osm_id":1442777008,"crossing:markings":"surface","crossing:signals":"yes","footway":"sidewalk","highway":"footway","lit":"no","surface":"paving_stones"},"geometry":{"type":"LineString","coordinates":[[-96.799838,32.7768714],[-96.7998515,32.7768684]]}},{"type":"Feature","properties":{"osm_id":1442777009,"footway":"sidewalk","highway":"footway","lit":"no","surface":"paving_stones"},"geometry":{"type":"LineString","coordinates":[[-96.8001261,32.7767412],[-96.8001335,32.7767264]]}},{"type":"Feature","properties":{"osm_id":1442777010,"footway":"sidewalk","highway":"footway"},"geometry":{"type":"LineString","coordinates":[[-96.7991458,32.7764845],[-96.7991542,32.776462]]}},{"type":"Feature","properties":{"osm_id":1442777011,"footway":"sidewalk","highway":"footway"},"geometry":{"type":"LineString","coordinates":[[-96.7992051,32.7763224],[-96.7992139,32.7762976]]}},{"type":"Feature","properties":{"osm_id":1442777012,"crossing:markings":"surface","crossing:signals":"yes","footway":"sidewalk","highway":"footway","surface":"concrete"},"geometry":{"type":"LineString","coordinates":[[-96.7988425,32.7774565],[-96.7988493,32.7774763]]}},{"type":"Feature","properties":{"osm_id":1442777013,"bicycle":"yes","crossing:markings":"surface","crossing:signals":"yes","footway":"sidewalk","highway":"footway","surface":"paved"},"geometry":{"type":"LineString","coordinates":[[-96.7985793,32.7772281],[-96.7985712,32.7772041]]}},{"type":"Feature","properties":{"osm_id":1442777014,"bicycle":"yes","crossing:markings":"surface","crossing:signals":"yes","footway":"sidewalk","highway":"footway","surface":"paved"},"geometry":{"type":"LineString","coordinates":[[-96.7986762,32.7775136],[-96.7986695,32.7774965]]}},{"type":"Feature","properties":{"osm_id":1442777015,"bicycle":"yes","crossing:markings":"surface","footway":"sidewalk","highway":"footway"},"geometry":{"type":"LineString","coordinates":[[-96.798451,32.7772287],[-96.7984357,32.777232]]}},{"type":"Feature","properties":{"osm_id":1442777016,"crossing:markings":"lines","crossing:signals":"yes","footway":"sidewalk","highway":"footway","surface":"concrete"},"geometry":{"type":"LineString","coordinates":[[-96.7991338,32.7783663],[-96.7991695,32.7783575]]}},{"type":"Feature","properties":{"osm_id":1442777017,"crossing:markings":"lines","crossing:signals":"yes","footway":"sidewalk","highway":"footway","surface":"concrete"},"geometry":{"type":"LineString","coordinates":[[-96.7991772,32.7783806],[-96.7991695,32.7783575]]}},{"type":"Feature","properties":{"osm_id":1442777018,"crossing:markings":"ladder","footway":"sidewalk","highway":"footway","surface":"concrete"},"geometry":{"type":"LineString","coordinates":[[-96.7982572,32.7792532],[-96.7982525,32.7792542],[-96.7982478,32.7792552]]}},{"type":"Feature","properties":{"osm_id":1442777019,"crossing:markings":"lines","footway":"sidewalk","highway":"footway","surface":"paving_stones"},"geometry":{"type":"LineString","coordinates":[[-96.7983633,32.7792506],[-96.798358,32.7792325]]}},{"type":"Feature","properties":{"osm_id":1442777020,"crossing:markings":"lines","footway":"sidewalk","highway":"footway","surface":"paving_stones"},"geometry":{"type":"LineString","coordinates":[[-96.7983902,32.7793482],[-96.7983871,32.7793366]]}},{"type":"Feature","properties":{"osm_id":1442777021,"crossing:markings":"ladder","footway":"sidewalk","highway":"footway","lit":"yes","surface":"asphalt"},"geometry":{"type":"LineString","coordinates":[[-96.7986372,32.7800326],[-96.7986522,32.7800785]]}},{"type":"Feature","properties":{"osm_id":1442777022,"crossing:markings":"ladder","footway":"sidewalk","highway":"footway","lit":"yes","surface":"asphalt"},"geometry":{"type":"LineString","coordinates":[[-96.7985998,32.7799147],[-96.7986087,32.7799432]]}},{"type":"Feature","properties":{"osm_id":1442777023,"crossing:markings":"ladder","footway":"sidewalk","highway":"footway","lit":"no","surface":"asphalt"},"geometry":{"type":"LineString","coordinates":[[-96.7992536,32.7798061],[-96.7992456,32.7797783]]}},{"type":"Feature","properties":{"osm_id":1442777024,"crossing:markings":"ladder","footway":"sidewalk","highway":"footway","lit":"yes","surface":"concrete"},"geometry":{"type":"LineString","coordinates":[[-96.7993676,32.7797834],[-96.7993594,32.7797546]]}},{"type":"Feature","properties":{"osm_id":1442777025,"crossing:markings":"ladder","footway":"sidewalk","highway":"footway","lit":"no","surface":"asphalt"},"geometry":{"type":"LineString","coordinates":[[-96.7992917,32.7799387],[-96.7992881,32.7799261]]}},{"type":"Feature","properties":{"osm_id":1442777026,"crossing:markings":"lines","footway":"sidewalk","highway":"footway","lit":"yes","surface":"paving_stones"},"geometry":{"type":"LineString","coordinates":[[-96.7992917,32.7799387],[-96.7993032,32.7799361]]}},{"type":"Feature","properties":{"osm_id":1442777027,"crossing:markings":"lines","footway":"sidewalk","highway":"footway","lit":"yes","surface":"paving_stones"},"geometry":{"type":"LineString","coordinates":[[-96.7993887,32.7799167],[-96.7994043,32.7799132]]}},{"type":"Feature","properties":{"osm_id":1442777028,"crossing:markings":"ladder","footway":"sidewalk","highway":"footway","lit":"yes","surface":"concrete"},"geometry":{"type":"LineString","coordinates":[[-96.7994043,32.7799132],[-96.7994011,32.7799018]]}},{"type":"Feature","properties":{"osm_id":1442777029,"crossing:markings":"lines","footway":"sidewalk","highway":"footway","lit":"yes","surface":"paving_stones"},"geometry":{"type":"LineString","coordinates":[[-96.7988072,32.7808216],[-96.7988003,32.7807995]]}},{"type":"Feature","properties":{"osm_id":1442777030,"crossing:markings":"lines","footway":"sidewalk","highway":"footway","lit":"yes","surface":"paving_stones"},"geometry":{"type":"LineString","coordinates":[[-96.7987667,32.780693],[-96.7987583,32.7806642]]}},{"type":"Feature","properties":{"osm_id":1442777031,"button_operated":"no","crossing:markings":"lines","crossing:signals":"yes","footway":"sidewalk","highway":"footway","surface":"paving_stones"},"geometry":{"type":"LineString","coordinates":[[-96.798561,32.7815111],[-96.7985558,32.7814937]]}},{"type":"Feature","properties":{"osm_id":1442777032,"button_operated":"no","crossing:markings":"lines","crossing:signals":"yes","footway":"sidewalk","highway":"footway","surface":"paving_stones"},"geometry":{"type":"LineString","coordinates":[[-96.7986094,32.7816695],[-96.7986039,32.7816519]]}},{"type":"Feature","properties":{"osm_id":1442777033,"button_operated":"no","crossing:island":"no","crossing:markings":"surface","footway":"sidewalk","highway":"footway","tactile_paving":"no"},"geometry":{"type":"LineString","coordinates":[[-96.7989969,32.7821904],[-96.799002,32.7822066]]}},{"type":"Feature","properties":{"osm_id":1443655686,"bicycle":"yes","footway":"sidewalk","highway":"footway","surface":"concrete"},"geometry":{"type":"LineString","coordinates":[[-96.7953106,32.7837575],[-96.7952958,32.7837719]]}},{"type":"Feature","properties":{"osm_id":1443655687,"footway":"sidewalk","highway":"footway","lit":"yes","surface":"concrete"},"geometry":{"type":"LineString","coordinates":[[-96.7952958,32.7837719],[-96.7952777,32.7837591]]}},{"type":"Feature","properties":{"osm_id":1443655688,"footway":"sidewalk","highway":"footway","lit":"yes","surface":"concrete"},"geometry":{"type":"LineString","coordinates":[[-96.7951625,32.7836746],[-96.7951532,32.7836674]]}},{"type":"Feature","properties":{"osm_id":1443655689,"bicycle":"yes","footway":"sidewalk","highway":"footway","surface":"paved"},"geometry":{"type":"LineString","coordinates":[[-96.7954346,32.7836419],[-96.7954039,32.7836718]]}},{"type":"Feature","properties":{"osm_id":1443655690,"crossing:markings":"lines","footway":"sidewalk","highway":"footway","lit":"no","surface":"concrete"},"geometry":{"type":"LineString","coordinates":[[-96.7977448,32.7826099],[-96.797765,32.7826293]]}},{"type":"Feature","properties":{"osm_id":1443655691,"crossing:markings":"lines","footway":"sidewalk","highway":"footway","lit":"yes","surface":"paving_stones"},"geometry":{"type":"LineString","coordinates":[[-96.797765,32.7826293],[-96.7977501,32.7826331]]}},{"type":"Feature","properties":{"osm_id":1443655692,"footway":"sidewalk","highway":"footway","lit":"yes","surface":"paving_stones"},"geometry":{"type":"LineString","coordinates":[[-96.7976063,32.78267],[-96.7975733,32.7826773]]}},{"type":"Feature","properties":{"osm_id":1443655693,"crossing:markings":"lines","footway":"sidewalk","highway":"footway","lit":"no","surface":"paving_stones"},"geometry":{"type":"LineString","coordinates":[[-96.7976142,32.7824844],[-96.797632,32.7825015]]}},{"type":"Feature","properties":{"osm_id":1443655694,"footway":"sidewalk","highway":"footway","lit":"yes","surface":"paving_stones"},"geometry":{"type":"LineString","coordinates":[[-96.7976142,32.7824844],[-96.7975967,32.7824887]]}},{"type":"Feature","properties":{"osm_id":1443655695,"button_operated":"no","footway":"sidewalk","highway":"footway"},"geometry":{"type":"LineString","coordinates":[[-96.796499,32.7829134],[-96.7964358,32.7829263]]}},{"type":"Feature","properties":{"osm_id":1443655696,"bicycle":"yes","button_operated":"no","footway":"sidewalk","highway":"footway"},"geometry":{"type":"LineString","coordinates":[[-96.7962349,32.7829721],[-96.796195,32.782982]]}},{"type":"Feature","properties":{"osm_id":1443655697,"bicycle":"yes","footway":"sidewalk","highway":"footway","surface":"concrete"},"geometry":{"type":"LineString","coordinates":[[-96.7960702,32.7829485],[-96.7960661,32.7829323]]}},{"type":"Feature","properties":{"osm_id":1443722281,"footway":"sidewalk","highway":"footway","surface":"concrete"},"geometry":{"type":"LineString","coordinates":[[-96.7974587,32.7819179],[-96.7974544,32.7819137]]}},{"type":"Feature","properties":{"osm_id":1443722282,"footway":"sidewalk","highway":"footway"},"geometry":{"type":"LineString","coordinates":[[-96.7972245,32.7811519],[-96.797232,32.7811605],[-96.7972273,32.7811734],[-96.7973902,32.7817132],[-96.7974097,32.7817228],[-96.7974083,32.7817276],[-96.7974073,32.7817326]]}},{"type":"Feature","properties":{"osm_id":1443722283,"crossing:markings":"lines","footway":"sidewalk","highway":"footway","surface":"paving_stones"},"geometry":{"type":"LineString","coordinates":[[-96.7979103,32.7810098],[-96.7979055,32.780993]]}},{"type":"Feature","properties":{"osm_id":1443722284,"crossing:markings":"lines","footway":"sidewalk","highway":"footway","surface":"paving_stones"},"geometry":{"type":"LineString","coordinates":[[-96.7978634,32.7808634],[-96.7978593,32.7808484]]}},{"type":"Feature","properties":{"osm_id":1443722285,"crossing:markings":"ladder","footway":"sidewalk","highway":"footway"},"geometry":{"type":"LineString","coordinates":[[-96.7976368,32.7802803],[-96.797642,32.7802939]]}},{"type":"Feature","properties":{"osm_id":1443722286,"crossing:markings":"ladder","footway":"sidewalk","highway":"footway"},"geometry":{"type":"LineString","coordinates":[[-96.7975924,32.7801278],[-96.7975743,32.7801247]]}},{"type":"Feature","properties":{"osm_id":1443722287,"crossing:markings":"ladder","footway":"sidewalk","highway":"footway"},"geometry":{"type":"LineString","coordinates":[[-96.7977268,32.7800956],[-96.7977134,32.7800981]]}},{"type":"Feature","properties":{"osm_id":1443722288,"crossing:markings":"surface","footway":"sidewalk","highway":"footway","lit":"yes","surface":"asphalt"},"geometry":{"type":"LineString","coordinates":[[-96.796862,32.7804585],[-96.7968399,32.7804435]]}},{"type":"Feature","properties":{"osm_id":1443722289,"crossing:markings":"surface","footway":"sidewalk","highway":"footway","lit":"yes","surface":"asphalt"},"geometry":{"type":"LineString","coordinates":[[-96.7968701,32.7804569],[-96.796862,32.7804585]]}},{"type":"Feature","properties":{"osm_id":1443722290,"crossing:markings":"surface","footway":"sidewalk","highway":"footway","lit":"yes","surface":"asphalt"},"geometry":{"type":"LineString","coordinates":[[-96.7968399,32.7804435],[-96.7968376,32.7804336]]}},{"type":"Feature","properties":{"osm_id":1443722291,"crossing:markings":"surface","footway":"sidewalk","highway":"footway","lit":"yes","surface":"asphalt"},"geometry":{"type":"LineString","coordinates":[[-96.7967968,32.7802844],[-96.7968112,32.7802812]]}},{"type":"Feature","properties":{"osm_id":1443722292,"crossing:markings":"surface","footway":"sidewalk","highway":"footway","lit":"yes","surface":"asphalt"},"geometry":{"type":"LineString","coordinates":[[-96.7967991,32.7802918],[-96.7967968,32.7802844]]}},{"type":"Feature","properties":{"osm_id":1443722293,"crossing:markings":"surface","footway":"sidewalk","highway":"footway","lit":"yes","surface":"asphalt"},"geometry":{"type":"LineString","coordinates":[[-96.7968112,32.7802812],[-96.796823,32.7802786]]}},{"type":"Feature","properties":{"osm_id":1443722294,"crossing:markings":"ladder","footway":"sidewalk","highway":"footway"},"geometry":{"type":"LineString","coordinates":[[-96.7962095,32.7805698],[-96.7962129,32.7805819]]}},{"type":"Feature","properties":{"osm_id":1443722295,"crossing:markings":"ladder","footway":"sidewalk","highway":"footway"},"geometry":{"type":"LineString","coordinates":[[-96.7960539,32.7806002],[-96.7960583,32.7806143]]}},{"type":"Feature","properties":{"osm_id":1443722296,"crossing:markings":"ladder","footway":"sidewalk","highway":"footway","lit":"yes","surface":"asphalt"},"geometry":{"type":"LineString","coordinates":[[-96.7955348,32.7805664],[-96.7955316,32.780556]]}},{"type":"Feature","properties":{"osm_id":1443722297,"crossing:markings":"ladder","footway":"sidewalk","highway":"footway"},"geometry":{"type":"LineString","coordinates":[[-96.7954937,32.7805474],[-96.7955028,32.7805435]]}},{"type":"Feature","properties":{"osm_id":1443722298,"crossing:markings":"ladder","footway":"sidewalk","highway":"footway"},"geometry":{"type":"LineString","coordinates":[[-96.795389,32.7805853],[-96.7954005,32.7805812]]}},{"type":"Feature","properties":{"osm_id":1443722299,"crossing:markings":"ladder","footway":"sidewalk","highway":"footway"},"geometry":{"type":"LineString","coordinates":[[-96.7953787,32.7806122],[-96.7953739,32.7806009]]}},{"type":"Feature","properties":{"osm_id":1443722300,"crossing:markings":"ladder","footway":"sidewalk","highway":"footway","surface":"concrete"},"geometry":{"type":"LineString","coordinates":[[-96.7958728,32.7822504],[-96.7958819,32.7822482]]}},{"type":"Feature","properties":{"osm_id":1443722301,"crossing:markings":"ladder","footway":"sidewalk","highway":"footway","surface":"concrete"},"geometry":{"type":"LineString","coordinates":[[-96.7960274,32.7822141],[-96.7960393,32.7822117]]}},{"type":"Feature","properties":{"osm_id":1443722302,"crossing:markings":"ladder","footway":"sidewalk","highway":"footway","surface":"concrete"},"geometry":{"type":"LineString","coordinates":[[-96.7958451,32.7822278],[-96.7958478,32.7822372]]}},{"type":"Feature","properties":{"osm_id":1443722303,"crossing:markings":"ladder","footway":"sidewalk","highway":"footway","surface":"concrete"},"geometry":{"type":"LineString","coordinates":[[-96.7958032,32.7820785],[-96.7958063,32.78209]]}},{"type":"Feature","properties":{"osm_id":1443722304,"crossing:markings":"ladder","footway":"sidewalk","highway":"footway","surface":"concrete"},"geometry":{"type":"LineString","coordinates":[[-96.7958377,32.7820573],[-96.7958202,32.7820592]]}},{"type":"Feature","properties":{"osm_id":1443722305,"footway":"sidewalk","highway":"footway","surface":"paving_stones"},"geometry":{"type":"LineString","coordinates":[[-96.7960014,32.7820223],[-96.7959952,32.7820277]]}},{"type":"Feature","properties":{"osm_id":1443722306,"crossing:markings":"ladder","footway":"sidewalk","highway":"footway","surface":"concrete"},"geometry":{"type":"LineString","coordinates":[[-96.7960551,32.7821978],[-96.7960502,32.7821852]]}},{"type":"Feature","properties":{"osm_id":1443722307,"crossing:markings":"surface","footway":"sidewalk","highway":"footway","lit":"yes","surface":"paving_stones"},"geometry":{"type":"LineString","coordinates":[[-96.795645,32.7815006],[-96.7956488,32.7814979]]}},{"type":"Feature","properties":{"osm_id":1443722308,"footway":"sidewalk","highway":"footway","lit":"yes","surface":"concrete"},"geometry":{"type":"LineString","coordinates":[[-96.7956026,32.781338],[-96.7955959,32.781336]]}},{"type":"Feature","properties":{"osm_id":1443722309,"crossing:markings":"surface","footway":"sidewalk","highway":"footway","lit":"yes","surface":"paving_stones"},"geometry":{"type":"LineString","coordinates":[[-96.7957603,32.781302],[-96.7957569,32.7813048]]}},{"type":"Feature","properties":{"osm_id":1443726662,"footway":"sidewalk","highway":"footway"},"geometry":{"type":"LineString","coordinates":[[-96.7953354,32.7746119],[-96.7957185,32.7749331],[-96.7958652,32.7750602],[-96.7959583,32.775141]]}},{"type":"Feature","properties":{"osm_id":1443729983,"footway":"sidewalk","highway":"footway"},"geometry":{"type":"LineString","coordinates":[[-96.7960621,32.7750557],[-96.7959888,32.7749925],[-96.7958498,32.7748727],[-96.7954475,32.774515]]}},{"type":"Feature","properties":{"osm_id":1443754700,"crossing:markings":"ladder","footway":"sidewalk","highway":"footway"},"geometry":{"type":"LineString","coordinates":[[-96.7960933,32.7752522],[-96.7960814,32.7752424]]}},{"type":"Feature","properties":{"osm_id":1443754701,"crossing:markings":"ladder","footway":"sidewalk","highway":"footway"},"geometry":{"type":"LineString","coordinates":[[-96.7959755,32.7751552],[-96.7959583,32.775141]]}},{"type":"Feature","properties":{"osm_id":1443754702,"footway":"sidewalk","highway":"footway"},"geometry":{"type":"LineString","coordinates":[[-96.7966885,32.7745326],[-96.7966781,32.7745332],[-96.7964273,32.7747607],[-96.7960621,32.7750557]]}},{"type":"Feature","properties":{"osm_id":1443754703,"crossing":"unmarked","crossing:markings":"no","footway":"crossing","highway":"footway"},"geometry":{"type":"LineString","coordinates":[[-96.7960472,32.7750677],[-96.7960135,32.7750949],[-96.7959698,32.7751314]]}},{"type":"Feature","properties":{"osm_id":1443754704,"footway":"sidewalk","highway":"footway"},"geometry":{"type":"LineString","coordinates":[[-96.7960621,32.7750557],[-96.7960472,32.7750677]]}},{"type":"Feature","properties":{"osm_id":1443787674,"footway":"sidewalk","highway":"footway","surface":"paved"},"geometry":{"type":"LineString","coordinates":[[-96.7974107,32.7758491],[-96.7974063,32.7758353]]}},{"type":"Feature","properties":{"osm_id":1443787675,"crossing":"unmarked","crossing:markings":"no","footway":"crossing","highway":"footway"},"geometry":{"type":"LineString","coordinates":[[-96.7973851,32.7757529],[-96.7974509,32.7757437],[-96.7974885,32.775734]]}},{"type":"Feature","properties":{"osm_id":1443787676,"crossing":"unmarked","crossing:markings":"no","footway":"crossing","highway":"footway"},"geometry":{"type":"LineString","coordinates":[[-96.7973915,32.775782],[-96.7973851,32.7757529]]}},{"type":"Feature","properties":{"osm_id":1443787677,"footway":"sidewalk","highway":"footway"},"geometry":{"type":"LineString","coordinates":[[-96.797911,32.7757383],[-96.7979088,32.7757269]]}},{"type":"Feature","properties":{"osm_id":1443787678,"footway":"sidewalk","highway":"footway"},"geometry":{"type":"LineString","coordinates":[[-96.7978385,32.7756176],[-96.7978231,32.7756064]]}},{"type":"Feature","properties":{"osm_id":1443787699,"crossing:markings":"surface","footway":"sidewalk","highway":"footway"},"geometry":{"type":"LineString","coordinates":[[-96.7961312,32.7778933],[-96.7961191,32.777898]]}},{"type":"Feature","properties":{"osm_id":1443787700,"crossing:markings":"surface","footway":"sidewalk","highway":"footway"},"geometry":{"type":"LineString","coordinates":[[-96.7961232,32.7779237],[-96.7961175,32.7779159]]}},{"type":"Feature","properties":{"osm_id":1443787701,"crossing:markings":"surface","footway":"sidewalk","highway":"footway","surface":"paving_stones"},"geometry":{"type":"LineString","coordinates":[[-96.7958089,32.7770339],[-96.7958183,32.7770315]]}},{"type":"Feature","properties":{"osm_id":1443787702,"crossing:markings":"surface","footway":"sidewalk","highway":"footway","surface":"paving_stones"},"geometry":{"type":"LineString","coordinates":[[-96.7957838,32.7770057],[-96.7957899,32.7770231]]}},{"type":"Feature","properties":{"osm_id":1443787703,"footway":"sidewalk","highway":"footway","surface":"asphalt"},"geometry":{"type":"LineString","coordinates":[[-96.7961133,32.7767775],[-96.7960996,32.7767811]]}},{"type":"Feature","properties":{"osm_id":1443787704,"footway":"sidewalk","highway":"footway","surface":"asphalt"},"geometry":{"type":"LineString","coordinates":[[-96.7961459,32.7769593],[-96.796172,32.7769545]]}},{"type":"Feature","properties":{"osm_id":1443787705,"crossing:markings":"ladder","footway":"sidewalk","highway":"footway"},"geometry":{"type":"LineString","coordinates":[[-96.7959061,32.7761878],[-96.7959207,32.776196]]}},{"type":"Feature","properties":{"osm_id":1443787706,"crossing:markings":"ladder","footway":"sidewalk","highway":"footway"},"geometry":{"type":"LineString","coordinates":[[-96.7958815,32.7760901],[-96.7958824,32.776106]]}},{"type":"Feature","properties":{"osm_id":1443787707,"crossing:markings":"surface","crossing:signals":"yes","footway":"sidewalk","highway":"footway","lit":"yes","smoothness":"good","surface":"paving_stones"},"geometry":{"type":"LineString","coordinates":[[-96.7950108,32.7761589],[-96.7949913,32.7761477]]}},{"type":"Feature","properties":{"osm_id":1443787708,"crossing:markings":"surface","crossing:signals":"yes","footway":"sidewalk","highway":"footway","lit":"yes","smoothness":"good","surface":"paving_stones"},"geometry":{"type":"LineString","coordinates":[[-96.7950237,32.7761487],[-96.7950108,32.7761589]]}},{"type":"Feature","properties":{"osm_id":1443930044,"crossing:markings":"ladder","footway":"sidewalk","highway":"footway"},"geometry":{"type":"LineString","coordinates":[[-96.7975647,32.7795228],[-96.7975451,32.7795269]]}},{"type":"Feature","properties":{"osm_id":1443930045,"crossing:markings":"ladder","footway":"sidewalk","highway":"footway","surface":"concrete"},"geometry":{"type":"LineString","coordinates":[[-96.7974378,32.7795494],[-96.7974225,32.7795526]]}},{"type":"Feature","properties":{"osm_id":1443930046,"crossing:markings":"ladder","footway":"sidewalk","highway":"footway"},"geometry":{"type":"LineString","coordinates":[[-96.7975647,32.7795228],[-96.7975611,32.7795118]]}},{"type":"Feature","properties":{"osm_id":1443930047,"crossing:markings":"ladder","footway":"sidewalk","highway":"footway"},"geometry":{"type":"LineString","coordinates":[[-96.7975339,32.7794285],[-96.7975304,32.7794181]]}},{"type":"Feature","properties":{"osm_id":1443930048,"crossing:markings":"surface","footway":"sidewalk","highway":"footway","surface":"concrete"},"geometry":{"type":"LineString","coordinates":[[-96.7966532,32.7797516],[-96.7966563,32.7797413]]}},{"type":"Feature","properties":{"osm_id":1443930049,"crossing:markings":"ladder","footway":"sidewalk","highway":"footway"},"geometry":{"type":"LineString","coordinates":[[-96.7959747,32.7798668],[-96.795963,32.7798689]]}},{"type":"Feature","properties":{"osm_id":1443930050,"crossing:markings":"ladder","footway":"sidewalk","highway":"footway"},"geometry":{"type":"LineString","coordinates":[[-96.7958747,32.7798859],[-96.7958591,32.779889]]}},{"type":"Feature","properties":{"osm_id":1443930051,"crossing:markings":"ladder:skewed","footway":"sidewalk","highway":"footway","surface":"concrete"},"geometry":{"type":"LineString","coordinates":[[-96.7981019,32.7787301],[-96.7980972,32.7787208]]}},{"type":"Feature","properties":{"osm_id":1443930052,"crossing:markings":"ladder:skewed","footway":"sidewalk","highway":"footway","surface":"concrete"},"geometry":{"type":"LineString","coordinates":[[-96.7980925,32.7786205],[-96.7980916,32.7786111]]}},{"type":"Feature","properties":{"osm_id":1443930053,"crossing:markings":"surface","crossing:signals":"no","footway":"sidewalk","highway":"footway","surface":"paving_stones"},"geometry":{"type":"LineString","coordinates":[[-96.7974045,32.7777785],[-96.7973843,32.7778074]]}},{"type":"Feature","properties":{"osm_id":1443930054,"crossing:markings":"surface","crossing:signals":"no","footway":"sidewalk","highway":"footway","surface":"paving_stones"},"geometry":{"type":"LineString","coordinates":[[-96.7976155,32.7774277],[-96.7976213,32.7774479]]}},{"type":"Feature","properties":{"osm_id":1443930055,"crossing:markings":"lines","footway":"sidewalk","highway":"footway"},"geometry":{"type":"LineString","coordinates":[[-96.796413,32.777693],[-96.7963996,32.7777107]]}},{"type":"Feature","properties":{"osm_id":1443930056,"crossing:markings":"surface","footway":"sidewalk","highway":"footway","surface":"concrete"},"geometry":{"type":"LineString","coordinates":[[-96.7966841,32.7790512],[-96.7966714,32.7790543]]}},{"type":"Feature","properties":{"osm_id":1443930057,"crossing:markings":"surface","footway":"sidewalk","highway":"footway","surface":"concrete"},"geometry":{"type":"LineString","coordinates":[[-96.7965633,32.7790801],[-96.7965502,32.7790832]]}},{"type":"Feature","properties":{"osm_id":1443930058,"crossing:markings":"surface","footway":"sidewalk","highway":"footway","surface":"concrete"},"geometry":{"type":"LineString","coordinates":[[-96.7965174,32.779067],[-96.796515,32.7790559]]}},{"type":"Feature","properties":{"osm_id":1443930059,"crossing:markings":"surface","footway":"sidewalk","highway":"footway","surface":"concrete"},"geometry":{"type":"LineString","coordinates":[[-96.7965016,32.7789896],[-96.7964991,32.7789759]]}},{"type":"Feature","properties":{"osm_id":1443930060,"crossing:markings":"surface","footway":"sidewalk","highway":"footway","surface":"concrete"},"geometry":{"type":"LineString","coordinates":[[-96.796512,32.7789534],[-96.7965221,32.7789503]]}},{"type":"Feature","properties":{"osm_id":1443930061,"crossing:markings":"surface","footway":"sidewalk","highway":"footway","surface":"concrete"},"geometry":{"type":"LineString","coordinates":[[-96.7966261,32.7789164],[-96.796646,32.7789095]]}},{"type":"Feature","properties":{"osm_id":1443930062,"crossing:markings":"surface","footway":"sidewalk","highway":"footway","surface":"concrete"},"geometry":{"type":"LineString","coordinates":[[-96.7966657,32.778919],[-96.7966673,32.7789265]]}},{"type":"Feature","properties":{"osm_id":1443930063,"crossing:markings":"surface","footway":"sidewalk","highway":"footway","surface":"concrete"},"geometry":{"type":"LineString","coordinates":[[-96.7966915,32.7790249],[-96.7966941,32.779035]]}},{"type":"Feature","properties":{"osm_id":1443930064,"crossing:markings":"ladder","footway":"sidewalk","highway":"footway"},"geometry":{"type":"LineString","coordinates":[[-96.7950055,32.7794074],[-96.7949925,32.7794102]]}},{"type":"Feature","properties":{"osm_id":1443930070,"footway":"sidewalk","highway":"footway"},"geometry":{"type":"LineString","coordinates":[[-96.7949013,32.7778279],[-96.7950229,32.7781848]]}},{"type":"Feature","properties":{"osm_id":1443930072,"footway":"sidewalk","highway":"footway"},"geometry":{"type":"LineString","coordinates":[[-96.7950134,32.7781899],[-96.7950229,32.7781848]]}},{"type":"Feature","properties":{"osm_id":1447851731,"footway":"sidewalk","highway":"footway","lit":"no","surface":"concrete"},"geometry":{"type":"LineString","coordinates":[[-96.7996933,32.7814328],[-96.7998773,32.782014]]}},{"type":"Feature","properties":{"osm_id":1449291256,"footway":"sidewalk","highway":"footway"},"geometry":{"type":"LineString","coordinates":[[-96.8052167,32.7761282],[-96.8050855,32.775668],[-96.8048914,32.7750005],[-96.8046688,32.7742407],[-96.8046374,32.7741218],[-96.8046286,32.7740756]]}},{"type":"Feature","properties":{"osm_id":1451575131,"highway":"footway"},"geometry":{"type":"LineString","coordinates":[[-96.7988311,32.7835493],[-96.7988582,32.7835291],[-96.7988939,32.7834962],[-96.7988185,32.7832622],[-96.7985773,32.783287],[-96.7985421,32.7832911]]}},{"type":"Feature","properties":{"osm_id":1452789047,"access":"no","highway":"footway"},"geometry":{"type":"LineString","coordinates":[[-96.7994783,32.782994],[-96.7992655,32.7828233]]}},{"type":"Feature","properties":{"osm_id":1454056285,"foot":"use_sidepath","highway":"tertiary","lanes":"4","name":"Live Oak Street","oneway":"yes","sidewalk:both":"separate","tiger:cfcc":"A41","tiger:county":"Dallas, TX","tiger:name_base":"Live Oak","tiger:name_type":"St","tiger:reviewed":"no","tiger:zip_left":"75206","tiger:zip_right":"75206"},"geometry":{"type":"LineString","coordinates":[[-96.7949407,32.7839366],[-96.7950621,32.7838363]]}},{"type":"Feature","properties":{"osm_id":1454056286,"foot":"use_sidepath","highway":"tertiary","lanes":"3","name":"Live Oak Street","oneway":"yes","sidewalk":"separate","tiger:cfcc":"A41","tiger:county":"Dallas, TX","tiger:name_base":"Live Oak","tiger:name_type":"St","tiger:reviewed":"no","tiger:zip_left":"75206","tiger:zip_right":"75206","turn:lanes":"left|left|left"},"geometry":{"type":"LineString","coordinates":[[-96.7952118,32.7837127],[-96.7952839,32.783648]]}},{"type":"Feature","properties":{"osm_id":1468143443,"access":"customers","highway":"footway","surface":"paving_stones","tunnel":"building_passage"},"geometry":{"type":"LineString","coordinates":[[-96.7969855,32.778725],[-96.7968193,32.7782651],[-96.7967804,32.7781575]]}},{"type":"Feature","properties":{"osm_id":1469950222,"highway":"footway","tunnel":"building_passage"},"geometry":{"type":"LineString","coordinates":[[-96.796534,32.7783327],[-96.7968193,32.7782651]]}},{"type":"Feature","properties":{"osm_id":1473360151,"footway":"sidewalk","highway":"footway","surface":"concrete"},"geometry":{"type":"LineString","coordinates":[[-96.796038,32.7760681],[-96.7960114,32.7759805],[-96.7959988,32.7759296],[-96.7959939,32.7758699],[-96.7959948,32.7758056],[-96.7960033,32.775742],[-96.796018,32.7756716],[-96.7960417,32.7756013],[-96.7960601,32.7755589],[-96.7960863,32.7755149],[-96.796124,32.7754613],[-96.7961644,32.775417],[-96.7962292,32.7753519],[-96.7962779,32.7753106],[-96.7963471,32.775268],[-96.7964389,32.77523],[-96.7965352,32.7752012],[-96.7966346,32.7751813],[-96.7967363,32.7751687],[-96.7968447,32.7751686],[-96.7969286,32.7751787],[-96.7970341,32.7752016],[-96.7971126,32.7752285],[-96.7971805,32.7752611],[-96.7972571,32.7753034],[-96.7973183,32.7753456],[-96.7973875,32.7754065],[-96.7974019,32.7754355],[-96.7973999,32.7754502],[-96.7973973,32.7755133],[-96.7974379,32.7755857],[-96.7974815,32.7756823],[-96.7975023,32.7757314]]}},{"type":"Feature","properties":{"osm_id":1473360158,"highway":"service","service":"driveway"},"geometry":{"type":"LineString","coordinates":[[-96.7954629,32.7770386],[-96.7954823,32.7770943],[-96.7954952,32.7771314]]}},{"type":"Feature","properties":{"osm_id":1474908434,"crossing":"uncontrolled","crossing:markings":"ladder:skewed","footway":"crossing","highway":"footway"},"geometry":{"type":"LineString","coordinates":[[-96.802725,32.7825253],[-96.8025656,32.7826386],[-96.8024135,32.7827365]]}},{"type":"Feature","properties":{"osm_id":1474908435,"highway":"service","oneway":"yes","tunnel":"building_passage"},"geometry":{"type":"LineString","coordinates":[[-96.8036223,32.7831429],[-96.803211,32.7827885]]}},{"type":"Feature","properties":{"osm_id":1474908436,"highway":"service","layer":"1","oneway":"yes"},"geometry":{"type":"LineString","coordinates":[[-96.803692,32.7832025],[-96.8036373,32.7831555],[-96.8036223,32.7831429]]}},{"type":"Feature","properties":{"osm_id":1474908437,"highway":"service","layer":"1","oneway":"yes"},"geometry":{"type":"LineString","coordinates":[[-96.803211,32.7827885],[-96.8031747,32.7827567],[-96.8031267,32.7827146]]}},{"type":"Feature","properties":{"osm_id":1474908438,"highway":"service"},"geometry":{"type":"LineString","coordinates":[[-96.8027304,32.7830452],[-96.8027597,32.7830996],[-96.8027935,32.7831334]]}},{"type":"Feature","properties":{"osm_id":1474908439,"highway":"service"},"geometry":{"type":"LineString","coordinates":[[-96.8019839,32.7817109],[-96.8019982,32.7817494],[-96.8020034,32.7817651]]}},{"type":"Feature","properties":{"osm_id":1474908440,"highway":"service"},"geometry":{"type":"LineString","coordinates":[[-96.8017294,32.781767],[-96.8017425,32.7818075],[-96.8017475,32.7818239]]}},{"type":"Feature","properties":{"osm_id":1481652938,"bicycle":"designated","cycleway":"shared_lane","foot":"use_sidepath","highway":"secondary","lanes":"3","maxspeed":"30 mph","name":"Main Street","oneway":"no","sidewalk":"separate","surface":"asphalt","tiger:cfcc":"A41","tiger:county":"Dallas, TX","tiger:name_base":"Main","tiger:name_type":"St","tiger:zip_left":"75226","tiger:zip_right":"75226"},"geometry":{"type":"LineString","coordinates":[[-96.7969599,32.7811182],[-96.7970435,32.7810998],[-96.7971161,32.7810847]]}},{"type":"Feature","properties":{"osm_id":1488988985,"highway":"footway","surface":"paved"},"geometry":{"type":"LineString","coordinates":[[-96.8050714,32.77616],[-96.8048744,32.7761124],[-96.8048458,32.7760981],[-96.8048073,32.7760674],[-96.8047312,32.7760275],[-96.804372,32.775887],[-96.8042094,32.7758465]]}},{"type":"Feature","properties":{"osm_id":1488988986,"footway":"access_aisle","highway":"footway","lit":"no","surface":"concrete:plates"},"geometry":{"type":"LineString","coordinates":[[-96.8016249,32.7757769],[-96.8015264,32.7757956]]}},{"type":"Feature","properties":{"osm_id":1488988988,"highway":"footway","lit":"no","surface":"concrete:plates"},"geometry":{"type":"LineString","coordinates":[[-96.8015264,32.7757956],[-96.8015301,32.7758101]]}},{"type":"Feature","properties":{"osm_id":1488988989,"highway":"footway","surface":"concrete"},"geometry":{"type":"LineString","coordinates":[[-96.8002918,32.7752938],[-96.8003361,32.7752394]]}}]}
